fonte,origem_tipo,pais,classe,titulo,tipo,fase_produto,produto,categoria,valor,score,ano,link,origem
São Paulo Film Commission,outro,Brasil,noticia,"Decreto Nº 56.905 SÃO PAULO FILM COMMISSION A São Paulo Film Commission oferece assistência para a realização de produções audiovisuais na capital paulista. A missão é transformar a cidade em um cenário a céu aberto, facilitando as filmagens nacionais e estrangeiras. A proposta é que as diversas paisagens de São Paulo sirvam de locações para produções de cinema, TV e demais plataformas. Além de movimentar a economia do audiovisual, a",outro,producao,producao_obra,audiovisual,,145,,https://spcine.com.br/wp-content/uploads/Decreto-Film-Commission-1.pdf,https://spcine.com.br/spfilmcommission/
São Paulo Film Commission,outro,Brasil,noticia,"Decreto de Filmagens SÃO PAULO FILM COMMISSION A São Paulo Film Commission oferece assistência para a realização de produções audiovisuais na capital paulista. A missão é transformar a cidade em um cenário a céu aberto, facilitando as filmagens nacionais e estrangeiras. A proposta é que as diversas paisagens de São Paulo sirvam de locações para produções de cinema, TV e demais plataformas. Além de movimentar a economia do audiovisual, a",outro,producao,producao_obra,audiovisual,,145,,https://spcine.com.br/wp-content/uploads/Decreto-Film-Commission-1.pdf,https://spcine.com.br/spfilmcommission/
São Paulo Film Commission,outro,Brasil,noticia,"Manual de Identidade Visual SÃO PAULO FILM COMMISSION A São Paulo Film Commission oferece assistência para a realização de produções audiovisuais na capital paulista. A missão é transformar a cidade em um cenário a céu aberto, facilitando as filmagens nacionais e estrangeiras. A proposta é que as diversas paisagens de São Paulo sirvam de locações para produções de cinema, TV e demais plataformas. Além de movimentar a economia do audiovisual, a",outro,producao,producao_obra,audiovisual,,145,,https://spcine.com.br/logos/,https://spcine.com.br/spfilmcommission/
São Paulo Film Commission,outro,Brasil,noticia,"Perguntas Frequentes SÃO PAULO FILM COMMISSION A São Paulo Film Commission oferece assistência para a realização de produções audiovisuais na capital paulista. A missão é transformar a cidade em um cenário a céu aberto, facilitando as filmagens nacionais e estrangeiras. A proposta é que as diversas paisagens de São Paulo sirvam de locações para produções de cinema, TV e demais plataformas. Além de movimentar a economia do audiovisual, a",outro,producao,producao_obra,audiovisual,,145,,https://spcine.com.br/sao-paulo-film-commission/,https://spcine.com.br/spfilmcommission/
São Paulo Film Commission,outro,Brasil,noticia,"Preços públicos para filmagens na cidade de São Paulo SÃO PAULO FILM COMMISSION A São Paulo Film Commission oferece assistência para a realização de produções audiovisuais na capital paulista. A missão é transformar a cidade em um cenário a céu aberto, facilitando as filmagens nacionais e estrangeiras. A proposta é que as diversas paisagens de São Paulo sirvam de locações para produções de cinema, TV e demais plataformas. Além de movimentar a economia do audiovisual, a",outro,producao,producao_obra,audiovisual,,145,2026,https://spcine.com.br/wp-content/uploads/Precos-2026-1.pdf,https://spcine.com.br/spfilmcommission/
São Paulo Film Commission,outro,Brasil,noticia,"aqui . Leia os procedimentos necessários para a autorização aqui . SÃO PAULO FILM COMMISSION A São Paulo Film Commission oferece assistência para a realização de produções audiovisuais na capital paulista. A missão é transformar a cidade em um cenário a céu aberto, facilitando as filmagens nacionais e estrangeiras. A proposta é que as diversas paisagens de São Paulo sirvam de locações para produções de cinema, TV e demais plataformas. Além de movimentar a economia do audiovisual, a",outro,producao,producao_obra,audiovisual,,145,,https://spcine.com.br/wp-content/uploads/AUTORIZACAO-ESPECIAL-DE-TRANSITO-PARA-CAMINHOES-AETC.pdf,https://spcine.com.br/spfilmcommission/
São Paulo Film Commission,outro,Brasil,noticia,"aqui SÃO PAULO FILM COMMISSION A São Paulo Film Commission oferece assistência para a realização de produções audiovisuais na capital paulista. A missão é transformar a cidade em um cenário a céu aberto, facilitando as filmagens nacionais e estrangeiras. A proposta é que as diversas paisagens de São Paulo sirvam de locações para produções de cinema, TV e demais plataformas. Além de movimentar a economia do audiovisual, a",outro,producao,producao_obra,audiovisual,,145,,https://spcine.com.br/wp-content/uploads/SPFilm-Guia-de-Zoneamento.pdf,https://spcine.com.br/spfilmcommission/
São Paulo Film Commission,outro,Brasil,noticia,"aqui SÃO PAULO FILM COMMISSION A São Paulo Film Commission oferece assistência para a realização de produções audiovisuais na capital paulista. A missão é transformar a cidade em um cenário a céu aberto, facilitando as filmagens nacionais e estrangeiras. A proposta é que as diversas paisagens de São Paulo sirvam de locações para produções de cinema, TV e demais plataformas. Além de movimentar a economia do audiovisual, a",outro,producao,producao_obra,audiovisual,,145,,https://spcine.com.br/wp-content/uploads/Cartilha-ZER-Interna.pdf,https://spcine.com.br/spfilmcommission/
São Paulo Film Commission,outro,Internacional,noticia,"distribuidoras produtoras , distribuidoras , estúdios SÃO PAULO FILM COMMISSION A São Paulo Film Commission oferece assistência para a realização de produções audiovisuais na capital paulista. A missão é transformar a cidade em um cenário a céu aberto, facilitando as filmagens nacionais e estrangeiras. A proposta é que as diversas paisagens de São Paulo sirvam de locações para produções de cinema, TV e demais plataformas. Além de movimentar a economia do audiovisual, a",outro,producao,producao_obra,audiovisual,,145,,https://form.jotform.com/222443882703658,https://spcine.com.br/spfilmcommission/
São Paulo Film Commission,outro,Internacional,noticia,"estúdios produtoras , distribuidoras , estúdios SÃO PAULO FILM COMMISSION A São Paulo Film Commission oferece assistência para a realização de produções audiovisuais na capital paulista. A missão é transformar a cidade em um cenário a céu aberto, facilitando as filmagens nacionais e estrangeiras. A proposta é que as diversas paisagens de São Paulo sirvam de locações para produções de cinema, TV e demais plataformas. Além de movimentar a economia do audiovisual, a",outro,producao,producao_obra,audiovisual,,145,,https://form.jotform.com/222406560226650,https://spcine.com.br/spfilmcommission/
São Paulo Film Commission,outro,Não identificado,noticia,"t.me/Spfilmcommission SÃO PAULO FILM COMMISSION A São Paulo Film Commission oferece assistência para a realização de produções audiovisuais na capital paulista. A missão é transformar a cidade em um cenário a céu aberto, facilitando as filmagens nacionais e estrangeiras. A proposta é que as diversas paisagens de São Paulo sirvam de locações para produções de cinema, TV e demais plataformas. Além de movimentar a economia do audiovisual, a",outro,producao,producao_obra,audiovisual,,145,,https://t.me/Spfilmcommission,https://spcine.com.br/spfilmcommission/
festivals and mercados Build audiences for your projects,outro,Não identificado,noticia,Insights Insights Insights and Trends Overview Overview Australian Films Cinema Industry Trends People and Business Employment Trends Production Businesses Australian Content Regulation Production Trends Australian Features Australian TV VOD Drama Production Foreign Features Documentary P Insights Insights and Trends Overview Overview Australian Films Cinema Industry Trends People and Business Employment Trends Production Businesses Australian Content Regulation Production Trends Australian Features Australian TV V,mercado,producao,producao_obra,audiovisual,,135,,https://www.screenaustralia.gov.au/doing-business-with-us/information-for-recipients,https://www.screenaustralia.gov.au/doing-business-with-us/information-for-recipients
festivals and mercados Build audiences for your projects,outro,Não identificado,noticia,Insights Insights Insights and Trends Overview Overview Australian Films Cinema Industry Trends People and Business Employment Trends Production Businesses Australian Content Regulation Production Trends Australian Features Australian TV VOD Drama Production Foreign Features Documentary P Insights Insights and Trends Overview Overview Australian Films Cinema Industry Trends People and Business Employment Trends Production Businesses Australian Content Regulation Production Trends Australian Features Australian TV V,mercado,producao,producao_obra,audiovisual,,135,,https://www.screenaustralia.gov.au/doing-business-with-us/information-for-applicants,https://www.screenaustralia.gov.au/doing-business-with-us/information-for-applicants
São Paulo Film Commission,municipal,Brasil,noticia,"aqui . SÃO PAULO FILM COMMISSION A São Paulo Film Commission oferece assistência para a realização de produções audiovisuais na capital paulista. A missão é transformar a cidade em um cenário a céu aberto, facilitando as filmagens nacionais e estrangeiras. A proposta é que as diversas paisagens de São Paulo sirvam de locações para produções de cinema, TV e demais plataformas. Além de movimentar a economia do audiovisual, a",outro,producao,producao_obra,audiovisual,,115,2023,https://legislacao.prefeitura.sp.gov.br/leis/portaria-conjunta-secretaria-municipal-de-cultura-smc-secretaria-municipal-das-subprefeituras-smsub-22-de-31-de-marco-de-2023/consolidado,https://spcine.com.br/spfilmcommission/
RioFilme,outro,Brasil,noticia,"RioFilme anunciará a segunda edição da parceria HBF+Brasil: Iniciativa de apoio ao desenvolvimento’, durante o Marché du Film no Festival de Cinema de Cannes. Acordo que reúne a empresa da Prefeitura, Spcine, Projeto Paradiso e Embratur junto ao Hubert Bals Fund oferece aportes d RioFilme anunciará a segunda edição da parceria HBF+Brasil: Iniciativa de apoio ao desenvolvimento’, durante o Marché du Film no Festival de Cinema de Cannes. Acordo que reúne a empresa da Prefeitura, Spcine, Projeto Paradiso e Embratur ju",festival,desenvolvimento,festival_inscricao,audiovisual,,114,,https://riofilme.com.br/noticias/riofilme-anunciara-a-segunda-edicao-da-parceria-hbfbrasil-iniciativa-de-apoio-ao-desenvolvimento-durante-o-marche-du-film-no-festival-de-cinema-de-cannes/,https://riofilme.com.br
EFAD,internacional,União Europeia,noticia,Council of Europe Convention on the Co-production of Audiovisual Works in the Form of Series open for signatures,mercado,producao,producao_obra,audiovisual,,110,,https://www.europeanfilmagencies.eu/news/efad-welcomes-the-opening-for-signature-of-the-council-of-europe-convention-on-the-co-production-of-audiovisual-works-in-the-form-of-series,https://www.europeanfilmagencies.eu
São Paulo Film Commission,outro,Brasil,noticia,"Catálogo de Produtoras Paulistanas Para facilitar a troca entre entidades do setor audiovisual internacional com produtoras locais, a Spcine criou o Catálogo de Produtoras Paulistanas . O Catálogo acaba de ser ampliado para contemplar também distribuidoras e estúdios. O documento disponível em inglês, reúne inform SÃO PAULO FILM COMMISSION A São Paulo Film Commission oferece assistência para a realização de produções audiovisuais na capital paulista. A missão é transformar a cidade em um cenário a céu aberto, facil",outro,producao,producao_obra,audiovisual,,105,,https://spcine.com.br/wp-content/uploads/catalog_spcine_2024_compressed.pdf,https://spcine.com.br/spfilmcommission/
festivals and mercados Build audiences for your projects,outro,Não identificado,noticia,"Number of feature films produced and key cinema data since 2008 Cinema Industry Trends Key statistics on the cinema industry in Australia Home Insights and Trends Overview Cinema Industry Trends Data and information Yearly overview 2023 Snapshot – Screen Australia Screens and theatres Total screens, theatres and seating capacity Seats, screens and theatres state by state Capacity by exhibitor By state and exhibitors Multiplexes: By state and exhibitor Historical admissions Overvi",mercado,mercado,mercado_pitch_coproducao,audiovisual,,100,2008,https://www.screenaustralia.gov.au/insights-and-trends/cinema-industry-trends/world-rankings/,https://www.screenaustralia.gov.au/insights-and-trends/cinema-industry-trends
Secult AM,estadual,Brasil,noticia,"Cinema de Arte promove exibição de filmes sobre identidade, resistência e vivências trans no Cineteatro Guarany",mostra,exibicao,distribuicao_circulacao,audiovisual,,95,,https://cultura.am.gov.br/cinema-de-arte-promove-exibicao-de-filmes-sobre-identidade-resistencia-e-vivencias-trans-no-cineteatro-guarany/,https://cultura.am.gov.br/producao-lirica-brasileira-com-montagem-inedita-de-carlos-gomes-e-celebrada-no-27o-festival-amazonas-de-opera
São Paulo Film Commission,outro,Internacional,noticia,"Acompanhe nossas novidades no Instagram @spfilmcommission Fotos: José Cordeiro/SPTuris e Sylvia Masini Acompanhe nossas novidades no Instagram @spfilmcommission SÃO PAULO FILM COMMISSION A São Paulo Film Commission oferece assistência para a realização de produções audiovisuais na capital paulista. A missão é transformar a cidade em um cenário a céu aberto, facilitando as filmagens nacionais e estrangeiras. A proposta é que as diversas paisagens de São Paulo sirvam de locações para produções de cinema, TV e demais",outro,producao,producao_obra,audiovisual,,90,,https://www.instagram.com/spfilmcommission/,https://spcine.com.br/spfilmcommission/
festivals and mercados Build audiences for your projects,outro,Não identificado,noticia,"Number of Australian and overseas films released in Australian cinemas since 1984 Number of Australian and overseas films released in Australian cinemas since 1984 Top film each year since 1972 Top 50 each year since 1992 Top 50 films of all time Top documentaries of all time Cinema Industry Trends Key statistics on the cinema industry in Australia Home Insights and Trends Overview Cinema Industry Trends Data and information Yearly overview 2023 Snapshot – Screen Australia Screens and theatres Total screens, theatr",mercado,mercado,mercado_pitch_coproducao,audiovisual,,90,1984,https://www.screenaustralia.gov.au/insights-and-trends/cinema-industry-trends/films-screened/,https://www.screenaustralia.gov.au/insights-and-trends/cinema-industry-trends
festivals and mercados Build audiences for your projects,outro,Internacional,noticia,"Rentrak Supplementing MPDAA data is information on documentaries provided to Screen Australia by Nielsen EDI (now a service provided by Rentrak ) and the distributor Ronin Films . Cinema Industry Trends Key statistics on the cinema industry in Australia Home Insights and Trends Overview Cinema Industry Trends Data and information Yearly overview 2023 Snapshot – Screen Australia Screens and theatres Total screens, theatres and seating capacity Seats, screens and theatres state by state Capacity by exhibitor By state",mercado,mercado,mercado_pitch_coproducao,audiovisual,,90,2023,http://www.rentrak.com/,https://www.screenaustralia.gov.au/insights-and-trends/cinema-industry-trends
festivals and mercados Build audiences for your projects,outro,Não identificado,noticia,"Ronin Films Supplementing MPDAA data is information on documentaries provided to Screen Australia by Nielsen EDI (now a service provided by Rentrak ) and the distributor Ronin Films . Cinema Industry Trends Key statistics on the cinema industry in Australia Home Insights and Trends Overview Cinema Industry Trends Data and information Yearly overview 2023 Snapshot – Screen Australia Screens and theatres Total screens, theatres and seating capacity Seats, screens and theatres state by state Capacity by exhibitor By s",mercado,mercado,mercado_pitch_coproducao,audiovisual,,90,2023,http://www.roninfilms.com.au/,https://www.screenaustralia.gov.au/insights-and-trends/cinema-industry-trends
festivals and mercados Build audiences for your projects,outro,Não identificado,noticia,"Top 50 each year since 1992 Number of Australian and overseas films released in Australian cinemas since 1984 Top film each year since 1972 Top 50 each year since 1992 Top 50 films of all time Top documentaries of all time Cinema Industry Trends Key statistics on the cinema industry in Australia Home Insights and Trends Overview Cinema Industry Trends Data and information Yearly overview 2023 Snapshot – Screen Australia Screens and theatres Total screens, theatres and seating capacity Seats, screens and theatres st",mercado,mercado,mercado_pitch_coproducao,audiovisual,,90,1992,https://www.screenaustralia.gov.au/insights-and-trends/cinema-industry-trends/top-50-each-year/,https://www.screenaustralia.gov.au/insights-and-trends/cinema-industry-trends
festivals and mercados Build audiences for your projects,outro,Não identificado,noticia,"Top 50 films of all time Number of Australian and overseas films released in Australian cinemas since 1984 Top film each year since 1972 Top 50 each year since 1992 Top 50 films of all time Top documentaries of all time Cinema Industry Trends Key statistics on the cinema industry in Australia Home Insights and Trends Overview Cinema Industry Trends Data and information Yearly overview 2023 Snapshot – Screen Australia Screens and theatres Total screens, theatres and seating capacity Seats, screens and theatres state",mercado,mercado,mercado_pitch_coproducao,audiovisual,,90,1984,https://www.screenaustralia.gov.au/insights-and-trends/cinema-industry-trends/top-50-all-time/,https://www.screenaustralia.gov.au/insights-and-trends/cinema-industry-trends
festivals and mercados Build audiences for your projects,outro,Não identificado,noticia,"Top documentaries of all time Number of Australian and overseas films released in Australian cinemas since 1984 Top film each year since 1972 Top 50 each year since 1992 Top 50 films of all time Top documentaries of all time Cinema Industry Trends Key statistics on the cinema industry in Australia Home Insights and Trends Overview Cinema Industry Trends Data and information Yearly overview 2023 Snapshot – Screen Australia Screens and theatres Total screens, theatres and seating capacity Seats, screens and theatres",mercado,mercado,mercado_pitch_coproducao,audiovisual,,90,1984,https://www.screenaustralia.gov.au/insights-and-trends/cinema-industry-trends/top-documentaries-all-time/,https://www.screenaustralia.gov.au/insights-and-trends/cinema-industry-trends
festivals and mercados Build audiences for your projects,outro,Não identificado,noticia,"Top film each year since 1972 Number of Australian and overseas films released in Australian cinemas since 1984 Top film each year since 1972 Top 50 each year since 1992 Top 50 films of all time Top documentaries of all time Cinema Industry Trends Key statistics on the cinema industry in Australia Home Insights and Trends Overview Cinema Industry Trends Data and information Yearly overview 2023 Snapshot – Screen Australia Screens and theatres Total screens, theatres and seating capacity Seats, screens and theatres",mercado,mercado,mercado_pitch_coproducao,audiovisual,,90,1972,https://www.screenaustralia.gov.au/insights-and-trends/cinema-industry-trends/top-film-each-year/,https://www.screenaustralia.gov.au/insights-and-trends/cinema-industry-trends
festivals and mercados Build audiences for your projects,outro,Não identificado,noticia,"Total screens, theatres and seating capacity Total screens, theatres and seating capacity Seats, screens and theatres state by state Capacity by exhibitor By state and exhibitors Multiplexes: By state and exhibitor Cinema Industry Trends Key statistics on the cinema industry in Australia Home Insights and Trends Overview Cinema Industry Trends Data and information Yearly overview 2023 Snapshot – Screen Australia Screens and theatres Total screens, theatres and seating capacity Seats, screens and theatres state by s",mercado,mercado,mercado_pitch_coproducao,audiovisual,,90,2023,https://www.screenaustralia.gov.au/insights-and-trends/australian-films/box-office-share-screen-australia/,https://www.screenaustralia.gov.au/insights-and-trends/cinema-industry-trends
bolsas e apoios,outro,Não identificado,noticia,"VRS Canada website Canada Council also welcomes VRS (Video Relay Service) calls. For more information, please visit the VRS Canada website (http://srvcanadavrs.ca/en/).",outro,nao identificado,nao identificado,audiovisual,,87,,http://srvcanadavrs.ca/en/,https://canadacouncil.ca/contact
CNC,outro,França,noticia,>> toutes les publications séries & TV,outro,nao identificado,nao identificado,audiovisual,,85,,https://cnc.fr/series-tv/etudes-et-rapports,https://cnc.fr
CNC,outro,França,noticia,Etudes et statistiques Etudes et statistiques Bilan du CNC Etudes Statistiques >> toutes les publications séries & TV,outro,nao identificado,nao identificado,audiovisual,,85,,https://cnc.fr/series-tv/etudes-et-rapports,https://cnc.fr
São Paulo Film Commission,federal,Brasil,noticia,"aqui Produções estrangeiras que querem filmar no Brasil devem seguir a instrução da ANCINE (Agência Nacional de Cinema). A instrução pode ser lida clicando aqui . SÃO PAULO FILM COMMISSION A São Paulo Film Commission oferece assistência para a realização de produções audiovisuais na capital paulista. A missão é transformar a cidade em um cenário a céu aberto, facilitando as filmagens nacionais e estrangeiras. A proposta é que as diversas paisagens de São Paulo sirvam de locações para produções de cinema, TV e demai",outro,producao,producao_obra,audiovisual,,85,,https://www.gov.br/ancine/pt-br/assuntos/atribuicoes-ancine/internacional/filmar-brasil/filming-in-brazil-english,https://spcine.com.br/spfilmcommission/
festivals and mercados Build audiences for your projects,outro,Internacional,noticia,"https://adelaidefilmfestival.org/ Adelaide Film Festival Genre: All genre The Adelaide Film Festival (AFF) is an 12 day celebration of the moving image in all its manifestations. Established in 2002, the AFF is one of Australia’s premiere film events, celebrating contemporary screen culture from around Australia and the world. Variety placed it on its list of ’50 Unmissable Film Festivals’. The AFF was the first film festival in Australia to establis",festival,exibicao,festival_inscricao,audiovisual,,82,2002,https://adelaidefilmfestival.org/,https://www.screenaustralia.gov.au/festivals-and-market/adelaide-film-festival
INCAA,outro,Não identificado,noticia,"Conocer más Mapa Interactivo Desde el INCAA buscamos promover el desarrollo de la industria audiovisual en todo el territorio nacional, y para eso impulsamos políticas de formación, de fomento a la producción regional y de exhibición de películas y contenidos audiovisuales en diversas locali",outro,nao identificado,nao identificado,audiovisual,,77,,https://incaa.gob.ar/mapa-interactivo,https://incaa.gob.ar
São Paulo Film Commission,outro,Brasil,noticia,"MANUAL DE FILMAGENS EM SÃO PAULO FILME EM SÃO PAULO Os pedidos de autorização de filmagem em locais públicos municipais são feitos através do Cadastro Único , as produtoras devem informar as necessidades da produção e dados do projeto. A partir daí, a SPFilm assume a negociação com os órgãos envolvidos na libera SÃO PAULO FILM COMMISSION A São Paulo Film Commission oferece assistência para a realização de produções audiovisuais na capital paulista. A missão é transformar a cidade em um cenário a céu aberto, facilit",outro,producao,producao_obra,audiovisual,,75,,https://spcine.com.br/wp-content/uploads/guia-produtores-V821.pdf,https://spcine.com.br/spfilmcommission/
São Paulo Film Commission,outro,Internacional,noticia,"SOLICITE SUA AUTORIZAÇÃO DE FILMAGEM FILME EM SÃO PAULO Os pedidos de autorização de filmagem em locais públicos municipais são feitos através do Cadastro Único , as produtoras devem informar as necessidades da produção e dados do projeto. A partir daí, a SPFilm assume a negociação com os órgãos envolvidos na libera SÃO PAULO FILM COMMISSION A São Paulo Film Commission oferece assistência para a realização de produções audiovisuais na capital paulista. A missão é transformar a cidade em um cenário a céu aberto, fac",outro,producao,producao_obra,audiovisual,,75,,http://cadastro.filmesp.com,https://spcine.com.br/spfilmcommission/
Berlinale Talents,outro,Alemanha,noticia,"Find Out More Berlinale Talents 2026 Theme: Creating (and) Confusion - Cinema, Chaos and the Power of Discomfort In 2026, Berlinale Talents embraces ambiguity and paradox as vital elements of our world, celebrating the courage to resist easy answers, under the theme “Creating (and) Confusion –",outro,nao identificado,nao identificado,audiovisual,,65,2026,https://www.berlinale-talents.de/bt/page/c/pr-theme-2026,https://www.berlinale-talents.de
CNC,outro,França,noticia,>> toutes les publications jeu vidéo,outro,nao identificado,nao identificado,audiovisual,,65,,https://cnc.fr/jeu-video/etudes-et-rapports,https://cnc.fr
CNC,outro,França,noticia,Etudes et statistiques Etudes et statistiques Bilan du CNC Etudes >> toutes les publications jeu vidéo,outro,nao identificado,nao identificado,audiovisual,,65,,https://cnc.fr/jeu-video/etudes-et-rapports,https://cnc.fr
INCAA,outro,Não identificado,noticia,"Acceder Nuevo Catálogo Audiovisual Argentino Toda la información sobre contenidos audiovisuales argentinos en un solo lugar, con un diseño agil y accesible. Acceder Suscribir tu película",outro,nao identificado,nao identificado,audiovisual,,65,,https://catalogocineargentino.incaa.gob.ar/,https://incaa.gob.ar
INCAA,outro,Internacional,noticia,"Suscribir tu película Nuevo Catálogo Audiovisual Argentino Toda la información sobre contenidos audiovisuales argentinos en un solo lugar, con un diseño agil y accesible. Acceder Suscribir tu película",outro,nao identificado,nao identificado,audiovisual,,65,,https://www.ventana-sur.com/catalogo-de-cine/,https://incaa.gob.ar
"festivals festivals FDCP promotes Filipino films through cultural and commercial programas, partnering with local and international institutions, festivals, and mercados to showcase Filipino cinema.",internacional,Não identificado,noticia,"https://nationalregistry.fdcp.ph/. The Film Festival must be registered under the FDCP National Registry for Events and Festivals (NREF). For more information, visit https://nationalregistry.fdcp.ph/.",festival,exibicao,festival_inscricao,audiovisual,,62,,https://nationalregistry.fdcp.ph/.,https://fdcp.ph/fdap
"festivals, activities and cinemas",outro,Internacional,noticia,"Academy’s website For more information on the rules and regulations for participation in the Best International Feature Film category, consult the rules and regulations on the Academy’s website , under the Complete Rules, specifically Rule 15.",formacao,nao identificado,formacao_mentoria,audiovisual,,62,,https://www.oscars.org/oscars/rules-eligibility,https://telefilm.ca/en/we-promote/canadas-best-international-feature-film-academy-award-submission
CTAV,federal,Brasil,noticia,"Programa Acervo CTAv SRTV 508 - Exibição - pesquisa com o público 𝐒𝐢𝐧𝐨𝐩𝐬𝐞: Pesquisa com o público realizada no Rio de Janeiro, em 1977, sobre o acesso às salas de cinema e o intere Programa Acervo CTAv SRTV 508 - Exibição - pesquisa com o público 𝐒𝐢𝐧𝐨𝐩𝐬𝐞: Pesquisa com o público realizada no Rio de Janeiro, em 1977, sobre o acesso às salas de cinema e o interesse pelos filmes.",mostra,exibicao,distribuicao_circulacao,audiovisual,,60,1977,https://gov.br/ctav/pt-br/noticias/srtv-508-exibicao-pesquisa-com-o-publico,https://gov.br/ctav
"Education and Training financiamentoFind out more about national and international bursaries, bolsas e apoios for training providers and our in-house training programmes.",internacional,Internacional,noticia,"Visit website Screen Africa Screen Africa provides insightful information in its print and electronic publications about SA’s professional entertainment industry, comprising broadcast, film, TV, commercials and new media production, plus events and professional equipment. Visit website",mercado,producao,producao_obra,audiovisual,,60,,http://www.screenafrica.com/,https://www.nfvf.co.za/industry-organisations
Ibermedia,outro,Internacional,noticia,"Ibermedia Nuestras noticias La ESCAC anuncia sus másteres universitarios en alianza con la Universidad de... Ibermedia 19 de mayo, 2026 19 de mayo, 2026 19 de mayo, 2026 19 de mayo, 2026 La Escola Superior de Cinema i Audiovisuals de Catalunya, ESCAC, da un paso más en su proyecto pedagógico con la puesta en marcha de tres másteres universitarios —con titulación oficial—...",outro,nao identificado,nao identificado,audiovisual,,60,2026,https://www.programaibermedia.com/author/angulodaneri/,https://www.programaibermedia.com
Ibermedia,outro,Internacional,noticia,"La ESCAC anuncia sus másteres universitarios en alianza con la Universidad de... Nuestras noticias La ESCAC anuncia sus másteres universitarios en alianza con la Universidad de... Ibermedia 19 de mayo, 2026 19 de mayo, 2026 19 de mayo, 2026 19 de mayo, 2026 La Escola Superior de Cinema i Audiovisuals de Catalunya, ESCAC, da un paso más en su proyecto pedagógico con la puesta en marcha de tres másteres universitarios —con titulación oficial—...",outro,nao identificado,nao identificado,audiovisual,,60,2026,https://www.programaibermedia.com/la-escac-anuncia-sus-masteres-universitarios-en-alianza-con-la-universidad-de-barcelona-ub/,https://www.programaibermedia.com
Ibermedia,outro,Internacional,noticia,"Nuestras noticias La ESCAC anuncia sus másteres universitarios en alianza con la Universidad de... Ibermedia 19 de mayo, 2026 19 de mayo, 2026 19 de mayo, 2026 19 de mayo, 2026 La Escola Superior de Cinema i Audiovisuals de Catalunya, ESCAC, da un paso más en su proyecto pedagógico con la puesta en marcha de tres másteres universitarios —con titulación oficial—...",outro,nao identificado,nao identificado,audiovisual,,60,2026,"https://twitter.com/intent/tweet?text=La%20ESCAC%20anuncia%20sus%20másteres%20universitarios%20en%20alianza%20con%20la%20Universidad%20de%20Barcelona,%20UB%20-%20https://www.programaibermedia.com/la-escac-anuncia-sus-masteres-universitarios-en-alianza-con-la-universidad-de-barcelona-ub/",https://www.programaibermedia.com
Ibermedia,outro,Internacional,noticia,"Nuestras noticias La ESCAC anuncia sus másteres universitarios en alianza con la Universidad de... Ibermedia 19 de mayo, 2026 19 de mayo, 2026 19 de mayo, 2026 19 de mayo, 2026 La Escola Superior de Cinema i Audiovisuals de Catalunya, ESCAC, da un paso más en su proyecto pedagógico con la puesta en marcha de tres másteres universitarios —con titulación oficial—...",outro,nao identificado,nao identificado,audiovisual,,60,2026,https://plus.google.com/share?url=https%3A%2F%2Fwww.programaibermedia.com%2Fla-escac-anuncia-sus-masteres-universitarios-en-alianza-con-la-universidad-de-barcelona-ub%2F,https://www.programaibermedia.com
Ibermedia,outro,Internacional,noticia,"Nuestras noticias La ESCAC anuncia sus másteres universitarios en alianza con la Universidad de... Ibermedia 19 de mayo, 2026 19 de mayo, 2026 19 de mayo, 2026 19 de mayo, 2026 La Escola Superior de Cinema i Audiovisuals de Catalunya, ESCAC, da un paso más en su proyecto pedagógico con la puesta en marcha de tres másteres universitarios —con titulación oficial—...",outro,nao identificado,desenvolvimento_roteiro,audiovisual,,60,2026,http://pinterest.com/pin/create/button?url=https%3A%2F%2Fwww.programaibermedia.com%2Fla-escac-anuncia-sus-masteres-universitarios-en-alianza-con-la-universidad-de-barcelona-ub%2F&media=https%3A%2F%2Fwww.programaibermedia.com%2Fwp-content%2Fuploads%2F2026%2F05%2FESCAC_masteres-universitarios_3.jpg&description=La%20ESCAC%20anuncia%20sus%20m%C3%A1steres%20universitarios%20en%20alianza%20con%20la%20Universidad%20de%20Barcelona%2C%20UB,https://www.programaibermedia.com
Ibermedia,outro,Internacional,noticia,"Nuestras noticias La ESCAC anuncia sus másteres universitarios en alianza con la Universidad de... Ibermedia 19 de mayo, 2026 19 de mayo, 2026 19 de mayo, 2026 19 de mayo, 2026 La Escola Superior de Cinema i Audiovisuals de Catalunya, ESCAC, da un paso más en su proyecto pedagógico con la puesta en marcha de tres másteres universitarios —con titulación oficial—...",outro,nao identificado,nao identificado,audiovisual,,60,2026,https://www.programaibermedia.com,https://www.programaibermedia.com
Ibermedia,outro,Internacional,noticia,"Nuestras noticias Nuestras noticias La ESCAC anuncia sus másteres universitarios en alianza con la Universidad de... Ibermedia 19 de mayo, 2026 19 de mayo, 2026 19 de mayo, 2026 19 de mayo, 2026 La Escola Superior de Cinema i Audiovisuals de Catalunya, ESCAC, da un paso más en su proyecto pedagógico con la puesta en marcha de tres másteres universitarios —con titulación oficial—...",outro,nao identificado,nao identificado,audiovisual,,60,2026,https://www.programaibermedia.com/la-escac-anuncia-sus-masteres-universitarios-en-alianza-con-la-universidad-de-barcelona-ub/,https://www.programaibermedia.com
Ibermedia,outro,Internacional,noticia,"Nuestras noticias Nuestras noticias La ESCAC anuncia sus másteres universitarios en alianza con la Universidad de... Ibermedia 19 de mayo, 2026 19 de mayo, 2026 19 de mayo, 2026 19 de mayo, 2026 La Escola Superior de Cinema i Audiovisuals de Catalunya, ESCAC, da un paso más en su proyecto pedagógico con la puesta en marcha de tres másteres universitarios —con titulación oficial—...",outro,nao identificado,nao identificado,audiovisual,,60,2026,https://www.programaibermedia.com/categoria/nuestras-noticias/,https://www.programaibermedia.com
CNC,outro,França,noticia,>> toutes les publications cinéma,outro,nao identificado,nao identificado,audiovisual,,55,,https://cnc.fr/cinema/etudes-et-rapports,https://cnc.fr
CNC,outro,França,noticia,Etudes et statistiques Etudes et statistiques Bilan du CNC Etudes Statistiques >> toutes les publications cinéma,outro,nao identificado,nao identificado,audiovisual,,55,,https://cnc.fr/cinema/etudes-et-rapports,https://cnc.fr
"Education and Training financiamentoFind out more about national and international bursaries, bolsas e apoios for training providers and our in-house training programmes.",internacional,Não identificado,noticia,"15 March 2026 19TH ANNUAL SOUTH AFRICAN FILM AND TELEVISION AWARDS (SAFTAs) CELEBRATED THE BEST OF THE SOUTH AFRICAN FILM AND TELEVISION INDUSTRY Johannesburg, 14 March 2026 – On 13 and 14 March 2026, the 19th Annual South African Film and Television Awards (SAFTAs19) hosted the",mercado,mercado,mercado_pitch_coproducao,audiovisual,,52,2026,https://www.nfvf.co.za/19th-annual-south-african-film-and-television-awards-saftas-celebrated-the-best-of-the-south-african-film-and-television-industry/,https://www.nfvf.co.za/latest-news
"Education and Training financiamentoFind out more about national and international bursaries, bolsas e apoios for training providers and our in-house training programmes.",internacional,Não identificado,noticia,19TH ANNUAL SOUTH AFRICAN FILM AND TELEVISION AWARDS (SAFTAs) CELEBRATED THE BEST OF THE SOUTH AFRICAN FILM AND TELEVISION INDUSTRY,mercado,mercado,mercado_pitch_coproducao,audiovisual,,52,,https://www.nfvf.co.za/19th-annual-south-african-film-and-television-awards-saftas-celebrated-the-best-of-the-south-african-film-and-television-industry/,https://www.nfvf.co.za/latest-news
bolsas e apoios & Awards,outro,Internacional,noticia,"So Many Trophies The Winners And with that, the 41st annual Film Independent Spirit Awards is in the books! Here is the complete list of winners from the show. So Many Trophies",premio,nao identificado,nao identificado,audiovisual,,52,2026,https://www.filmindependent.org/press-releases/film-independent-celebrates-2026-spirit-awards-winners-at-41st-annual-ceremony/,https://www.filmindependent.org/spirit-awards
festivals and mercados Build audiences for your projects,outro,Não identificado,noticia,"2023 Snapshot – Screen Australia Cinema Industry Trends Key statistics on the cinema industry in Australia Home Insights and Trends Overview Cinema Industry Trends Data and information Yearly overview 2023 Snapshot – Screen Australia Screens and theatres Total screens, theatres and seating capacity Seats, screens and theatres state by state Capacity by exhibitor By state and exhibitors Multiplexes: By state and exhibitor Historical admissions Overvi",mercado,mercado,mercado_pitch_coproducao,audiovisual,,50,2023,https://www.screenaustralia.gov.au/sample-page-qa/2023-snapshot/,https://www.screenaustralia.gov.au/insights-and-trends/cinema-industry-trends
festivals and mercados Build audiences for your projects,outro,Não identificado,noticia,"By state and exhibitors Total screens, theatres and seating capacity Seats, screens and theatres state by state Capacity by exhibitor By state and exhibitors Multiplexes: By state and exhibitor Cinema Industry Trends Key statistics on the cinema industry in Australia Home Insights and Trends Overview Cinema Industry Trends Data and information Yearly overview 2023 Snapshot – Screen Australia Screens and theatres Total screens, theatres and seating capacity Seats, screens and theatres state by state Capacity by exhi",mercado,mercado,mercado_pitch_coproducao,audiovisual,,50,2023,https://www.screenaustralia.gov.au/insights-and-trends/cinema-industry-trends/exhibitor-and-state/,https://www.screenaustralia.gov.au/insights-and-trends/cinema-industry-trends
festivals and mercados Build audiences for your projects,outro,Não identificado,noticia,"Capacity by exhibitor Total screens, theatres and seating capacity Seats, screens and theatres state by state Capacity by exhibitor By state and exhibitors Multiplexes: By state and exhibitor Cinema Industry Trends Key statistics on the cinema industry in Australia Home Insights and Trends Overview Cinema Industry Trends Data and information Yearly overview 2023 Snapshot – Screen Australia Screens and theatres Total screens, theatres and seating capacity Seats, screens and theatres state by state Capacity by exhibi",mercado,mercado,mercado_pitch_coproducao,audiovisual,,50,2023,https://www.screenaustralia.gov.au/insights-and-trends/cinema-industry-trends/by-exhibitor/,https://www.screenaustralia.gov.au/insights-and-trends/cinema-industry-trends
festivals and mercados Build audiences for your projects,outro,Não identificado,noticia,"Motion Picture Distributors Association of Australia Cinema statistics in this section have been compiled by Screen Australia primarily from data from the Motion Picture Distributors Association of Australia (MPDAA). Cinema Industry Trends Key statistics on the cinema industry in Australia Home Insights and Trends Overview Cinema Industry Trends Data and information Yearly overview 2023 Snapshot – Screen Australia Screens and theatres Total screens, theatres and seating capacity Seats, screens and theatres state by",mercado,mercado,mercado_pitch_coproducao,audiovisual,,50,2023,http://www.mpdaa.org.au/,https://www.screenaustralia.gov.au/insights-and-trends/cinema-industry-trends
festivals and mercados Build audiences for your projects,outro,Não identificado,noticia,"Multiplexes: By state and exhibitor Total screens, theatres and seating capacity Seats, screens and theatres state by state Capacity by exhibitor By state and exhibitors Multiplexes: By state and exhibitor Cinema Industry Trends Key statistics on the cinema industry in Australia Home Insights and Trends Overview Cinema Industry Trends Data and information Yearly overview 2023 Snapshot – Screen Australia Screens and theatres Total screens, theatres and seating capacity Seats, screens and theatres state by state Capa",mercado,mercado,mercado_pitch_coproducao,audiovisual,,50,2023,https://www.screenaustralia.gov.au/insights-and-trends/cinema-industry-trends/cinema-infrastructure-by-state/,https://www.screenaustralia.gov.au/insights-and-trends/cinema-industry-trends
festivals and mercados Build audiences for your projects,outro,Não identificado,noticia,"Overview of cinema admissions, 1901 to present Cinema Industry Trends Key statistics on the cinema industry in Australia Home Insights and Trends Overview Cinema Industry Trends Data and information Yearly overview 2023 Snapshot – Screen Australia Screens and theatres Total screens, theatres and seating capacity Seats, screens and theatres state by state Capacity by exhibitor By state and exhibitors Multiplexes: By state and exhibitor Historical admissions Overvi",mercado,mercado,mercado_pitch_coproducao,audiovisual,,50,1901,https://www.screenaustralia.gov.au/insights-and-trends/cinema-industry-trends/historical-admissions/,https://www.screenaustralia.gov.au/insights-and-trends/cinema-industry-trends
festivals and mercados Build audiences for your projects,outro,Não identificado,noticia,"Seats, screens and theatres state by state Total screens, theatres and seating capacity Seats, screens and theatres state by state Capacity by exhibitor By state and exhibitors Multiplexes: By state and exhibitor Cinema Industry Trends Key statistics on the cinema industry in Australia Home Insights and Trends Overview Cinema Industry Trends Data and information Yearly overview 2023 Snapshot – Screen Australia Screens and theatres Total screens, theatres and seating capacity Seats, screens and theatres state by sta",mercado,mercado,mercado_pitch_coproducao,audiovisual,,50,2023,https://www.screenaustralia.gov.au/insights-and-trends/cinema-industry-trends/cinema-infrastructure-by-state/,https://www.screenaustralia.gov.au/insights-and-trends/cinema-industry-trends
Secult AM,estadual,Brasil,noticia,Cinema de Arte exibe o longa ‘A Caixa’ com destaque para atriz premiada internacionalmente,outro,nao identificado,nao identificado,audiovisual,,45,,https://cultura.am.gov.br/cinema-de-arte-exibe-o-longa-a-caixa-com-destaque-para-atriz-premiada-internacionalmente/,https://cultura.am.gov.br/producao-lirica-brasileira-com-montagem-inedita-de-carlos-gomes-e-celebrada-no-27o-festival-amazonas-de-opera
"Education and Training financiamentoFind out more about national and international bursaries, bolsas e apoios for training providers and our in-house training programmes.",internacional,Não identificado,noticia,"Visit website MICT SETA The Media, Information and Communication Technologies Sector Education and Training Authority (MICT SETA) is responsible for skills development in the Advertising, Electronic Media and Film, Electronics, Information Technology and Telecommunications sectors and their su",formacao,desenvolvimento,formacao_mentoria,audiovisual,,42,,http://www.mict.org.za/,https://www.nfvf.co.za/industry-organisations
BFI,outro,Reino Unido,noticia,Inside the Archive #71: Online video and the archive assembly News Inside the Archive #71: Online video and the archive assembly By Alex Prideaux Inside the Archive #71: Online video and the archive assembly,outro,nao identificado,nao identificado,audiovisual,,40,,https://www.bfi.org.uk/inside-the-archive/news/inside-archive-71-online-video-archive-assembly,https://bfi.org.uk
FCC - Fundação Catarinense de Cultura - HOME,federal,Brasil,noticia,Cineclube CineSonora exibe documentário sobre o universo particular do artista Fausto Fawcett,outro,nao identificado,nao identificado,audiovisual,,40,,https://cultura.sc.gov.br/noticias/1416-noticias-cinema-cic/26399-cineclube-cinesonora-exibe-documentario-sobre-o-universo-particular-do-artista-fausto-fawcett,https://cultura.sc.gov.br
FCC - Fundação Catarinense de Cultura - HOME,federal,Brasil,noticia,"Cinema Gilberto Gerlach recebe pré-estreia do filme catarinense ""O Fio Perdido""",outro,nao identificado,nao identificado,audiovisual,,40,,https://cultura.sc.gov.br/noticias/1416-noticias-cinema-cic/26400-cinema-gilberto-gerlach-recebe-pre-estreia-do-filme-catarinense-o-fio-perdido,https://cultura.sc.gov.br
"festivals, activities and cinemas",outro,Não identificado,noticia,Access to Information,outro,nao identificado,nao identificado,audiovisual,,40,,https://telefilm.ca/en/who-we-are/transparency/access-to-information,https://telefilm.ca/en/who-we-are/our-engagement
"festivals, activities and cinemas",outro,Não identificado,noticia,Corporate Information Declaration Theatrical Compensation Program,outro,nao identificado,nao identificado,audiovisual,,40,2022,https://telefilm.ca/wp-content/uploads/2022/10/Corporate-Information-Declaration-Theatrical-Compensation-Program.docx,https://telefilm.ca/en/we-finance-and-support/our-programs/festivals-activities-and-cinemas/theatrical-distribution-compensation-program
"festivals, activities and cinemas",outro,Não identificado,noticia,Corporate Information – Organizations Without a Share Capital Promotion – General Admission Stream,outro,nao identificado,nao identificado,audiovisual,,40,2022,https://telefilm.ca/wp-content/uploads/2022/07/corporate-information-promotion-program-final-version.pdf,https://telefilm.ca/en/we-finance-and-support/our-programs/festivals-activities-and-cinemas/the-general-admission-stream
"festivals, activities and cinemas",outro,Não identificado,noticia,Declaration of Canadian Status of Corporation and Corporate Information,outro,producao,producao_obra,audiovisual,,40,,https://telefilm.ca/wp-content/uploads/declaration-canadian-status-corporation-corporate-information-production-w-nfp-1.pdf,https://telefilm.ca/en/we-finance-and-support/coproductions/submit-a-coproduction-recommendation-application
"festivals, activities and cinemas",outro,Não identificado,noticia,"Information on Telefilm Canada’s service standards, the complaint process after a decision is rendered by Telefilm Canada, and the appeal process that Telefilm Canada offers its clients.",outro,nao identificado,nao identificado,audiovisual,,40,,https://telefilm.ca/en/who-we-are/transparency/formal-complaints-from-the-public,https://telefilm.ca/en/who-we-are/transparency
"festivals, activities and cinemas",outro,Não identificado,noticia,The Access to Information Act is to extend the present laws of Canada to provide a right of access to information in records under the control of a government institution.,outro,nao identificado,nao identificado,audiovisual,,40,,https://telefilm.ca/en/who-we-are/transparency/access-to-information,https://telefilm.ca/en/who-we-are/transparency
financiamento,outro,Internacional,noticia,"Cross Border Services Foreign nationals with temporary resident status may not be eligible for union membership in B.C. For more information about working on a union project as a temporary resident, please connect with the applicable union directly. Foreign national currently employed by productions f",mercado,producao,producao_obra,audiovisual,,40,,https://creativebc.com/services/provincial-film-commission/industry-services/production-infrastructure-resources/cross-border-services/,https://creativebc.com/bc-film-commission/workforce-development-careers
Ibermedia,outro,Internacional,noticia,"Nuestras noticias La ESCAC anuncia sus másteres universitarios en alianza con la Universidad de... Ibermedia 19 de mayo, 2026 19 de mayo, 2026 19 de mayo, 2026 19 de mayo, 2026 La Escola Superior de Cinema i Audiovisuals de Catalunya, ESCAC, da un paso más en su proyecto pedagógico con la puesta en marcha de tres másteres universitarios —con titulación oficial—...",outro,nao identificado,nao identificado,audiovisual,,35,2026,https://www.facebook.com/sharer/sharer.php?u=https%3A%2F%2Fwww.programaibermedia.com%2Fla-escac-anuncia-sus-masteres-universitarios-en-alianza-con-la-universidad-de-barcelona-ub%2F,https://www.programaibermedia.com
Programa de Desenvolvimento do Audiovisual Mineiro,estadual,Brasil,noticia,"Audiovisual Audiovisual 01 Julho 2020 Programa de Desenvolvimento do Audiovisual Mineiro O Programa de Desenvolvimento do Audiovisual Mineiro (Prodam), lançado em maio de 2016, tem como objetivo viabilizar políticas públicas por meio de parcerias entre órgãos e entidades da administração pública direta e indireta de Minas Gerais, municípios e União, além de instituições privadas. A plataforma interativa visa, especialmente, o in",outro,desenvolvimento,desenvolvimento_roteiro,audiovisual,,35,2020,https://www.secult.mg.gov.br/a-secretaria/audiovisual/prog-de-desenvolv-do-audiovisual-mineiro/152-audiovisual?layout=,https://www.secult.mg.gov.br/a-secretaria/audiovisual/prog-de-desenvolv-do-audiovisual-mineiro
Programa de Desenvolvimento do Audiovisual Mineiro,estadual,Brasil,noticia,"Programa de Desenvolvimento do Audiovisual Mineiro Audiovisual 01 Julho 2020 Programa de Desenvolvimento do Audiovisual Mineiro O Programa de Desenvolvimento do Audiovisual Mineiro (Prodam), lançado em maio de 2016, tem como objetivo viabilizar políticas públicas por meio de parcerias entre órgãos e entidades da administração pública direta e indireta de Minas Gerais, municípios e União, além de instituições privadas. A plataforma interativa visa, especialmente, o in",outro,desenvolvimento,desenvolvimento_roteiro,audiovisual,,35,2020,https://www.secult.mg.gov.br/a-secretaria/audiovisual/prog-de-desenvolv-do-audiovisual-mineiro,https://www.secult.mg.gov.br/a-secretaria/audiovisual/prog-de-desenvolv-do-audiovisual-mineiro/152-audiovisual?layout=
Busan International Film Festival,internacional,Não identificado,noticia,News [BIFF Press Release] BIFF Opens a Gateway to the Oscars for Asian Cinema! 2026-05-07,outro,nao identificado,nao identificado,audiovisual,,30,2026,https://biff.kr/eng/artyboard/mboard.asp?action=view&strBoardID=9611_05&intSeq=102108,https://biff.kr
"Education and Training financiamentoFind out more about national and international bursaries, bolsas e apoios for training providers and our in-house training programmes.",internacional,Não identificado,noticia,Gallery Gallery Videos,outro,nao identificado,nao identificado,audiovisual,,30,,https://www.nfvf.co.za/latest-news,https://www.nfvf.co.za/latest-news
FCC - Fundação Catarinense de Cultura - HOME,federal,Brasil,noticia,"Lançamento do filme “O Silêncio dos Lobos"" ocorre em sessão no Cinema do CIC",mostra,nao identificado,festival_inscricao,audiovisual,,30,,https://cultura.sc.gov.br/noticias/1416-noticias-cinema-cic/26406-lancamento-do-filme-o-silencio-dos-lobos-ocorre-em-sessao-no-cinema-do-cic,https://cultura.sc.gov.br
NFVF,outro,Não identificado,noticia,Filmmaking Overview Information on the film production industry in South Africa.,mercado,producao,producao_obra,audiovisual,,30,,https://www.nfvf.co.za/filmmaking-overview/,https://nfvf.co.za
"festivals, activities and cinemas",outro,Não identificado,noticia,Corporate Information Promotion Program – Industry Initiatives Stream,mercado,mercado,mercado_pitch_coproducao,audiovisual,,30,2022,https://telefilm.ca/wp-content/uploads/2022/07/corporate-information-promotion-program-final-version.pdf,https://telefilm.ca/en/we-finance-and-support/our-programs/festivals-activities-and-cinemas/promotion-program-industry-initiatives
financiamento,outro,Internacional,noticia,"T1196 BC Film and Television Tax Credit Form In order to claim the FIBC tax credit, the eligible production corporation must file a corporate income tax return, along with the certificates, with the Canada Revenue Agency. Attach the signed Eligibility and Completion Certificates along with a completed T1196 BC Film and Tele",outro,producao,producao_obra,audiovisual,,30,,https://can01.safelinks.protection.outlook.com/?url=https%3A%2F%2Fwww.canada.ca%2Fen%2Frevenue-agency%2Fservices%2Fforms-publications%2Fforms%2Ft1196.html&data=05%7C01%7Cshunt%40creativebc.com%7C4f4714bea0ec4f8b2c4d08dba8da7108%7C3aa6c0a179354e608e86171b33625eb5%7C0%7C0%7C638289428370692960%7CUnknown%7CTWFpbGZsb3d8eyJWIjoiMC4wLjAwMDAiLCJQIjoiV2luMzIiLCJBTiI6Ik1haWwiLCJXVCI6Mn0%3D%7C3000%7C%7C%7C&sdata=f%2FLKFgVllHRhc3UZ8WhTBwISUJeJl8o5n5ovG5cF%2FRg%3D&reserved=0,https://creativebc.com/services/motion-picture-tax-credits
"Education and Training financiamentoFind out more about national and international bursaries, bolsas e apoios for training providers and our in-house training programmes.",internacional,Não identificado,noticia,– – Incentives Learn about film and TV production incentives. Find a Crew,outro,producao,producao_obra,audiovisual,,27,,https://www.nfvf.co.za/latest-news,https://www.nfvf.co.za/latest-news
Fundo Setorial do Audiovisual - FSA,federal,Brasil,noticia,Acessibilidade Visual e Auditiva em Cinema,formacao,nao identificado,formacao_mentoria,audiovisual,,25,,https://www.gov.br/ancine/pt-br/acesso-a-informacao/perguntas-frequentes1/acessibilidade,https://www.gov.br/ancine/pt-br/fsa
festivals and mercados Build audiences for your projects,outro,Não identificado,noticia,"Age Profile Attendance Patterns By Age Age Profile By Gender By City Lifestyle and Values Cinema Audiences Home Audiences Cinema Audiences Data and information Attendance Patterns By Age Age Profile By Gender By City Lifestyle and Values About the data – Audience value segments Research into lifestyle, behaviour, attitudes and values (known as psychographics) provides a way of grouping and analysing audiences other than by demographic variables such as age or where they live. There are many psychographic",outro,nao identificado,nao identificado,audiovisual,,25,,https://www.screenaustralia.gov.au/insights-and-trends/audiences/cinema-audiences/age-profile-of-cinema-audiences/,https://www.screenaustralia.gov.au/insights-and-trends/audiences/cinema-audiences
festivals and mercados Build audiences for your projects,outro,Não identificado,noticia,"Attendance Patterns Attendance Patterns By Age Age Profile By Gender By City Lifestyle and Values Cinema Audiences Home Audiences Cinema Audiences Data and information Attendance Patterns By Age Age Profile By Gender By City Lifestyle and Values About the data – Audience value segments Research into lifestyle, behaviour, attitudes and values (known as psychographics) provides a way of grouping and analysing audiences other than by demographic variables such as age or where they live. There are many psychographic",outro,nao identificado,nao identificado,audiovisual,,25,,https://www.screenaustralia.gov.au/insights-and-trends/audiences/cinema-audiences/cinema-audience-attendance-patterns/,https://www.screenaustralia.gov.au/insights-and-trends/audiences/cinema-audiences
festivals and mercados Build audiences for your projects,outro,Não identificado,noticia,"By Age Attendance Patterns By Age Age Profile By Gender By City Lifestyle and Values Cinema Audiences Home Audiences Cinema Audiences Data and information Attendance Patterns By Age Age Profile By Gender By City Lifestyle and Values About the data – Audience value segments Research into lifestyle, behaviour, attitudes and values (known as psychographics) provides a way of grouping and analysing audiences other than by demographic variables such as age or where they live. There are many psychographic",outro,nao identificado,nao identificado,audiovisual,,25,,https://www.screenaustralia.gov.au/insights-and-trends/audiences/cinema-audiences/cinema-audience-attendance-patterns-by-age/,https://www.screenaustralia.gov.au/insights-and-trends/audiences/cinema-audiences
festivals and mercados Build audiences for your projects,outro,Não identificado,noticia,"By City Attendance Patterns By Age Age Profile By Gender By City Lifestyle and Values Cinema Audiences Home Audiences Cinema Audiences Data and information Attendance Patterns By Age Age Profile By Gender By City Lifestyle and Values About the data – Audience value segments Research into lifestyle, behaviour, attitudes and values (known as psychographics) provides a way of grouping and analysing audiences other than by demographic variables such as age or where they live. There are many psychographic",outro,nao identificado,nao identificado,audiovisual,,25,,https://www.screenaustralia.gov.au/insights-and-trends/audiences/cinema-audiences/by-city/,https://www.screenaustralia.gov.au/insights-and-trends/audiences/cinema-audiences
festivals and mercados Build audiences for your projects,outro,Não identificado,noticia,"By Gender Attendance Patterns By Age Age Profile By Gender By City Lifestyle and Values Cinema Audiences Home Audiences Cinema Audiences Data and information Attendance Patterns By Age Age Profile By Gender By City Lifestyle and Values About the data – Audience value segments Research into lifestyle, behaviour, attitudes and values (known as psychographics) provides a way of grouping and analysing audiences other than by demographic variables such as age or where they live. There are many psychographic",outro,nao identificado,nao identificado,audiovisual,,25,,https://www.screenaustralia.gov.au/insights-and-trends/audiences/cinema-audiences/age-profile-of-cinema-audiences-by-gender/,https://www.screenaustralia.gov.au/insights-and-trends/audiences/cinema-audiences
festivals and mercados Build audiences for your projects,outro,Não identificado,noticia,"Lifestyle and Values Attendance Patterns By Age Age Profile By Gender By City Lifestyle and Values Cinema Audiences Home Audiences Cinema Audiences Data and information Attendance Patterns By Age Age Profile By Gender By City Lifestyle and Values About the data – Audience value segments Research into lifestyle, behaviour, attitudes and values (known as psychographics) provides a way of grouping and analysing audiences other than by demographic variables such as age or where they live. There are many psychographic",outro,nao identificado,nao identificado,audiovisual,,25,,https://www.screenaustralia.gov.au/insights-and-trends/audiences/cinema-audiences/lifestyle-and-values/,https://www.screenaustralia.gov.au/insights-and-trends/audiences/cinema-audiences
Reveja as Imersões,estadual,Brasil,noticia,"ATA DE JULGAMENTO DE RECURSO DA COMISSÃO JULGADORA 016 016/2018 - Produção e Difusão Musical Projetos de criação, produção, difusão, distribuição e lançamento de shows musicais, no gênero popular ou erudito, estimulando e popularizando a música capixaba, visando ao desenvolvimento e à divulgação do trabalho produzido por Músicos e Grupos Musicais do Espírito Santo, com repertório autoral ou não. Valor: 10 prêmios de R$ 8.800,00; 7 prêmios de R$ 20.000,00; 9 prêmios de R$",formacao,desenvolvimento,desenvolvimento_roteiro,inovacao,"R$ 8.800,00",24,2018,https://secult.es.gov.br/media/2019/ATA%20DE%20JULGAMENTO%20DE%20RECURSO%20DA%20COMISS%C3%83O%20JULGADORA%20016.pdf,https://secult.es.gov.br/editais-2018
Reveja as Imersões,estadual,Brasil,noticia,"Baixar 016/2018 - Produção e Difusão Musical Projetos de criação, produção, difusão, distribuição e lançamento de shows musicais, no gênero popular ou erudito, estimulando e popularizando a música capixaba, visando ao desenvolvimento e à divulgação do trabalho produzido por Músicos e Grupos Musicais do Espírito Santo, com repertório autoral ou não. Valor: 10 prêmios de R$ 8.800,00; 7 prêmios de R$ 20.000,00; 9 prêmios de R$",formacao,desenvolvimento,desenvolvimento_roteiro,inovacao,"R$ 8.800,00",24,2018,https://secult.es.gov.br/media/2019/ATA%20DE%20JULGAMENTO%20DE%20RECURSO%20DA%20COMISS%C3%83O%20JULGADORA%20016.pdf,https://secult.es.gov.br/editais-2018
Reveja as Imersões,estadual,Brasil,noticia,"ATA COMISSÃO JULGADORA 016 016/2018 - Produção e Difusão Musical Projetos de criação, produção, difusão, distribuição e lançamento de shows musicais, no gênero popular ou erudito, estimulando e popularizando a música capixaba, visando ao desenvolvimento e à divulgação do trabalho produzido por Músicos e Grupos Musicais do Espírito Santo, com repertório autoral ou não. Valor: 10 prêmios de R$ 8.800,00; 7 prêmios de R$ 20.000,00; 9 prêmios de R$",premio,desenvolvimento,desenvolvimento_roteiro,inovacao,"R$ 8.800,00",24,2018,https://secult.es.gov.br/media/2018/ATA%20COMISS%C3%83O%20JULGADORA%20016.pdf,https://secult.es.gov.br/editais-2018
Reveja as Imersões,estadual,Brasil,noticia,"ATO DE CONFIRMAÇÃO DE DOCUMENTAÇÃO 016 016/2018 - Produção e Difusão Musical Projetos de criação, produção, difusão, distribuição e lançamento de shows musicais, no gênero popular ou erudito, estimulando e popularizando a música capixaba, visando ao desenvolvimento e à divulgação do trabalho produzido por Músicos e Grupos Musicais do Espírito Santo, com repertório autoral ou não. Valor: 10 prêmios de R$ 8.800,00; 7 prêmios de R$ 20.000,00; 9 prêmios de R$",premio,desenvolvimento,desenvolvimento_roteiro,inovacao,"R$ 8.800,00",24,2018,https://secult.es.gov.br/media/2019/ATO%20DE%20CONFIRMA%C3%87%C3%83O%20DE%20DOCUMENTA%C3%87%C3%83O%20016.pdf,https://secult.es.gov.br/editais-2018
Reveja as Imersões,estadual,Brasil,noticia,"Baixar 016/2018 - Produção e Difusão Musical Projetos de criação, produção, difusão, distribuição e lançamento de shows musicais, no gênero popular ou erudito, estimulando e popularizando a música capixaba, visando ao desenvolvimento e à divulgação do trabalho produzido por Músicos e Grupos Musicais do Espírito Santo, com repertório autoral ou não. Valor: 10 prêmios de R$ 8.800,00; 7 prêmios de R$ 20.000,00; 9 prêmios de R$",premio,desenvolvimento,desenvolvimento_roteiro,inovacao,"R$ 8.800,00",24,2018,https://secult.es.gov.br/media/2018/Portarias/Portaria%20Comiss%C3%A3o%20Julgadora%20016.pdf,https://secult.es.gov.br/editais-2018
Reveja as Imersões,estadual,Brasil,noticia,"Baixar 016/2018 - Produção e Difusão Musical Projetos de criação, produção, difusão, distribuição e lançamento de shows musicais, no gênero popular ou erudito, estimulando e popularizando a música capixaba, visando ao desenvolvimento e à divulgação do trabalho produzido por Músicos e Grupos Musicais do Espírito Santo, com repertório autoral ou não. Valor: 10 prêmios de R$ 8.800,00; 7 prêmios de R$ 20.000,00; 9 prêmios de R$",premio,desenvolvimento,desenvolvimento_roteiro,inovacao,"R$ 8.800,00",24,2018,https://secult.es.gov.br/media/2018/ATA%20COMISS%C3%83O%20JULGADORA%20016.pdf,https://secult.es.gov.br/editais-2018
Reveja as Imersões,estadual,Brasil,noticia,"Baixar 016/2018 - Produção e Difusão Musical Projetos de criação, produção, difusão, distribuição e lançamento de shows musicais, no gênero popular ou erudito, estimulando e popularizando a música capixaba, visando ao desenvolvimento e à divulgação do trabalho produzido por Músicos e Grupos Musicais do Espírito Santo, com repertório autoral ou não. Valor: 10 prêmios de R$ 8.800,00; 7 prêmios de R$ 20.000,00; 9 prêmios de R$",premio,desenvolvimento,desenvolvimento_roteiro,inovacao,"R$ 8.800,00",24,2018,https://secult.es.gov.br/media/2019/ATO%20DE%20CONFIRMA%C3%87%C3%83O%20DE%20DOCUMENTA%C3%87%C3%83O%20016.pdf,https://secult.es.gov.br/editais-2018
Reveja as Imersões,estadual,Brasil,noticia,"Baixar 016/2018 - Produção e Difusão Musical Projetos de criação, produção, difusão, distribuição e lançamento de shows musicais, no gênero popular ou erudito, estimulando e popularizando a música capixaba, visando ao desenvolvimento e à divulgação do trabalho produzido por Músicos e Grupos Musicais do Espírito Santo, com repertório autoral ou não. Valor: 10 prêmios de R$ 8.800,00; 7 prêmios de R$ 20.000,00; 9 prêmios de R$",premio,desenvolvimento,desenvolvimento_roteiro,inovacao,"R$ 8.800,00",24,2018,https://secult.es.gov.br/media/2019/ATO%20DE%20CONVOCA%C3%87%C3%83O%20DE%20SEGUNDO%20SUPLENTE%20016.pdf,https://secult.es.gov.br/editais-2018
Reveja as Imersões,estadual,Brasil,noticia,"Portaria Comissão Julgadora 016 016/2018 - Produção e Difusão Musical Projetos de criação, produção, difusão, distribuição e lançamento de shows musicais, no gênero popular ou erudito, estimulando e popularizando a música capixaba, visando ao desenvolvimento e à divulgação do trabalho produzido por Músicos e Grupos Musicais do Espírito Santo, com repertório autoral ou não. Valor: 10 prêmios de R$ 8.800,00; 7 prêmios de R$ 20.000,00; 9 prêmios de R$",premio,desenvolvimento,desenvolvimento_roteiro,inovacao,"R$ 8.800,00",24,2018,https://secult.es.gov.br/media/2018/Portarias/Portaria%20Comiss%C3%A3o%20Julgadora%20016.pdf,https://secult.es.gov.br/editais-2018
Fundação Municipal de Cultura | Prefeitura de Belo Horizonte,municipal,Brasil,noticia,"Fundação Municipal de Cultura A Fundação Municipal de Cultura - FMC, instituída pela Lei n.º 9.011, em 1º de janeiro de 2005, tem por finalidades contribuir para o planejamento e a formulação de políticas públicas e executar programas, projetos e atividades voltadas ao desenvolvimento cultural do Município de Belo Horizonte. Vinculada à Secretaria Municipal de Cultura - SMC , a Fundação integra a Administração Públic",outro,desenvolvimento,desenvolvimento_roteiro,cultura,,22,2005,javascript:window.print(),https://prefeitura.pbh.gov.br/fundacao-municipal-de-cultura
Fundação de Parques Municipais e Zoobotânica | Prefeitura de Belo Horizonte,municipal,Brasil,noticia,"Fundação de Parques Municipais e Zoobotânica Resultado da fusão entre a antiga Fundação Municipal de Parques e a Fundação Zoo-Botânica de Belo Horizonte, a Fundação de Parques Municipais e Zoobotânica foi criada pelo Decreto n.º 16.684, de 31 de agosto de 2017, na reforma administrativa da Prefeitura de Belo Horizonte, com a principal missão de promover ações e programas de educação e manejo ambientais, atividades de",outro,nao identificado,desenvolvimento_roteiro,inovacao,,22,2017,javascript:window.print(),https://prefeitura.pbh.gov.br/fundacao-de-parques-e-zoobotanica
financiamento,outro,Internacional,noticia,"Creative Pathways ™ Creative BC is not directly involved in motion picture, the hiring of crew for productions, or the management of a job board. Please visit Creative Pathways ™ instead to discover information, resources, and opportunities to learn, meet, and work within the motion picture industry",trabalho,producao,producao_obra,cultura,,22,,https://creativepathwayscanada.com/,https://creativebc.com/bc-film-commission/workforce-development-careers
Fundação Cultural Palmares,federal,Brasil,noticia,Sabores e Saberes,premio,nao identificado,nao identificado,audiovisual,,21,,https://www.gov.br/palmares/pt-br/assuntos/noticias/fundacao-cultural-palmares-lanca-minidocumentario-sobre-o-i-premio-201csabores-e-saberes-comida-de-terreiro201d,https://gov.br/palmares
Fundação Cultural Palmares,federal,Brasil,noticia,Sabores e Saberes 07/05/2026,premio,nao identificado,nao identificado,audiovisual,,21,2026,https://www.gov.br/palmares/pt-br/assuntos/noticias/fundacao-cultural-palmares-lanca-minidocumentario-sobre-o-i-premio-201csabores-e-saberes-comida-de-terreiro201d,https://gov.br/palmares
Assets,outro,Não identificado,noticia,Information for Applicants any organisations that are otherwise excluded pursuant to the Information for Applicants .,outro,nao identificado,nao identificado,audiovisual,,20,,https://www.screenaustralia.gov.au/doing-business-with-us/information-for-applicants/,https://www.screenaustralia.gov.au/funding-and-support/narrative-content-production/market-audience/assets-program
SELEÇÃO DE REALIZADORES AUDIOVISUAIS PARA RESIDÊNCIA EM CINEMA DIRETO INTEGRANDO A PROGRAMAÇÃO DA CARTEIRA DE PROJETOS DA PARAÍBA NO ÂMBITO DA TEMPORADA BRASIL-FRANÇA 2025,estadual,Brasil,noticia,"OSPB anuncia temporada de 2026 com homenagem a Geraldo Vandré; concertos também terão Série Sivuca, Vanessa da Mata e Agnes Nunes",outro,nao identificado,nao identificado,audiovisual,,20,2026,https://paraiba.pb.gov.br/diretas/secretaria-da-cultura/ospb-anuncia-temporada-de-2026-com-homenagem-a-geraldo-vandre-concertos-tambem-terao-serie-sivuca-vanessa-da-mata-e-agnes-nunes,https://paraiba.pb.gov.br/diretas/secretaria-da-cultura
Screen Australia,outro,Não identificado,noticia,View All Reports,outro,nao identificado,nao identificado,audiovisual,,20,,https://www.screenaustralia.gov.au/resource-library/?filter_resource_category=data-and-insights&filter_resource_type=publications-reports&filter_resource_subject=0&filter_resource_format=0,https://screenaustralia.gov.au
Fundação Municipal de Cultura | Prefeitura de Belo Horizonte,municipal,Brasil,noticia,BIBLIOTECAS BIBLIOTECAS Biblioteca Pública Infantil e Juvenil Rede de Bibliotecas Biblioteca Virtual Seminário Beagalê CONCURSOS LITERÁRIOS Concurso Nacional de Literatura Prêmio Cidade de Belo Horizonte Concurso Nacional de Literatura João-de-Barro,formacao,nao identificado,formacao_mentoria,cultura,,16,,https://prefeitura.pbh.gov.br/fundacao-municipal-de-cultura/centros-culturais/bibliotecas,https://prefeitura.pbh.gov.br/fundacao-municipal-de-cultura
"Education and Training financiamentoFind out more about national and international bursaries, bolsas e apoios for training providers and our in-house training programmes.",internacional,Não identificado,noticia,SA Films SA Films SA Films Film Library Currently Showing,outro,nao identificado,nao identificado,audiovisual,,15,,https://www.nfvf.co.za/latest-news,https://www.nfvf.co.za/latest-news
Film Independent,outro,Internacional,noticia,Film Independent Film Independent Support Independent Creators Support Independent Creators Donate Today About Who We Are Our Impact Board of Directors Staff You Can Become a Member Donate Now Support Josh Welsh’s Legacy News & Events Blog Events Press Center Watch Now On Demand Content Rentals F Film Independent Support Independent Creators Support Independent Creators Donate Today About Who We Are Our Impact Board of Directors Staff You Can Become a Member Donate Now Support Josh Welsh’s Legacy News & Events Blog,outro,nao identificado,nao identificado,audiovisual,,15,,https://www.filmindependent.org/,https://filmindependent.org
"festivals, activities and cinemas",outro,Não identificado,noticia,"Information about the functions, programs, activities and related information holdings of Telefilm Canada, as a federal government institution subject to the Access to Information Act and the Privacy Act.",outro,nao identificado,nao identificado,audiovisual,,15,,https://telefilm.ca/en/who-we-are/transparency/info-source,https://telefilm.ca/en/who-we-are/transparency
"festivals, activities and cinemas",outro,Não identificado,noticia,Telefilm Canada reports on its activities through its annual report. The content of the annual report is for information purposes and of public interest.,outro,nao identificado,nao identificado,audiovisual,,15,,https://telefilm.ca/en/who-we-are/transparency/annual-reports,https://telefilm.ca/en/who-we-are/transparency
financiamento,outro,Internacional,noticia,"Code of Conduct BC Motion Picture Industry Code of Conduct Film Permit Contacts Access comprehensive permitting information for filming across British Columbia. Filming on Location What to expect when filming takes place on your property, business area, or neighbourhood. Protocols + Resources Sustaining a safe industry in British Columbi",mercado,producao,producao_obra,audiovisual,,15,,https://creativebc.com/bc-film-commission/industry-community-affairs-resources/code-of-conduct/,https://creativebc.com/bc-film-commission/community-affairs-resources
financiamento,outro,Internacional,noticia,"Film Permit Contacts Access comprehensive permitting information for filming across British Columbia. Film Permit Contacts Access comprehensive permitting information for filming across British Columbia. Filming on Location What to expect when filming takes place on your property, business area, or neighbourhood. Protocols + Resources Sustaining a safe industry in British Columbi",mercado,producao,producao_obra,audiovisual,,15,,https://creativebc.com/bc-film-commission/industry-community-affairs-resources/film-permit-contacts/,https://creativebc.com/bc-film-commission/community-affairs-resources
financiamento,outro,Internacional,noticia,"Filming on Location What to expect when filming takes place on your property, business area, or neighbourhood. Film Permit Contacts Access comprehensive permitting information for filming across British Columbia. Filming on Location What to expect when filming takes place on your property, business area, or neighbourhood. Protocols + Resources Sustaining a safe industry in British Columbi",mercado,producao,producao_obra,audiovisual,,15,,https://creativebc.com/bc-film-commission/industry-community-affairs-resources/filming-on-location/,https://creativebc.com/bc-film-commission/community-affairs-resources
financiamento,outro,Internacional,noticia,"Protocols + Resources Sustaining a safe industry in British Columbia with support from local authorities. Film Permit Contacts Access comprehensive permitting information for filming across British Columbia. Filming on Location What to expect when filming takes place on your property, business area, or neighbourhood. Protocols + Resources Sustaining a safe industry in British Columbi",mercado,producao,producao_obra,audiovisual,,15,,https://creativebc.com/bc-film-commission/industry-community-affairs-resources/protocols-and-resources/,https://creativebc.com/bc-film-commission/community-affairs-resources
Fundação Cultural Palmares,federal,Brasil,noticia,Imagens Imagens Destaques Culturais Lançamento do Mapeamento dos Terreiros do DF - 2018 Parque Memorial Quilombo dos Palmares Período: 2019 – 2020 Período: 2009 – 2019 Iº Prêmio de Fotografia Palmares – Amplitude e Dignidade,premio,nao identificado,nao identificado,cultura,,14,2018,https://www.gov.br/palmares/pt-br/centrais-de-conteudo/imagens,https://gov.br/palmares
CNC,outro,França,noticia,Etudes et statistiques Etudes et statistiques Bilan du CNC Etudes Statistiques Observatoire de l'intelligence artificielle >> toutes les publications,outro,nao identificado,nao identificado,inovacao,,10,,https://cnc.fr/professionnels/etudes-et-rapports,https://cnc.fr
INCAA,outro,Não identificado,noticia,Guía de trámites Guía de trámites Información sobre trámites y servicios del INCAA.,outro,nao identificado,nao identificado,inovacao,,10,,https://www.incaa.gob.ar/tramites/guia-de-tramites/,https://incaa.gob.ar
Ibermedia,outro,Internacional,noticia,"Ibermedia La ESCAC anuncia sus másteres universitarios en alianza con la Universidad de Barcelona, UB Ibermedia 19 de mayo, 2026 19 de mayo, 2026 19 de mayo, 2026 19 de mayo, 2026",outro,nao identificado,nao identificado,inovacao,,10,2026,https://www.programaibermedia.com/author/angulodaneri/,https://www.programaibermedia.com
Ibermedia,outro,Internacional,noticia,"La ESCAC anuncia sus másteres universitarios en alianza con la Universidad de Barcelona, UB",outro,nao identificado,nao identificado,inovacao,,10,,https://www.programaibermedia.com/la-escac-anuncia-sus-masteres-universitarios-en-alianza-con-la-universidad-de-barcelona-ub/,https://www.programaibermedia.com
Ibermedia,outro,Internacional,noticia,"La ESCAC anuncia sus másteres universitarios en alianza con la Universidad de Barcelona, UB Ibermedia 19 de mayo, 2026 19 de mayo, 2026 19 de mayo, 2026 19 de mayo, 2026",outro,nao identificado,nao identificado,inovacao,,10,2026,https://www.programaibermedia.com/la-escac-anuncia-sus-masteres-universitarios-en-alianza-con-la-universidad-de-barcelona-ub/,https://www.programaibermedia.com
Ibermedia,outro,Internacional,noticia,"La ESCAC anuncia sus másteres universitarios en alianza con la Universidad de Barcelona, UB La ESCAC anuncia sus másteres universitarios en alianza con la Universidad de Barcelona, UB Ibermedia 19 de mayo, 2026 19 de mayo, 2026 19 de mayo, 2026 19 de mayo, 2026",outro,nao identificado,nao identificado,inovacao,,10,2026,https://www.programaibermedia.com/la-escac-anuncia-sus-masteres-universitarios-en-alianza-con-la-universidad-de-barcelona-ub/,https://www.programaibermedia.com
Programa de Desenvolvimento do Audiovisual Mineiro,estadual,Brasil,noticia,Instituições Instituições Arquivo Público Mineiro Biblioteca Pública Estadual Circuito Liberdade Museus Centro de Arte Popular Museu Casa Alphonsus de Guimaraens Museu Casa Guignard Museu Casa Guimarães Rosa Museu do Crédito Real Museu dos Militares Mineiros Museu Mineiro Rádio Inconfidência Instituições Arquivo Público Mineiro Biblioteca Pública Estadual Circuito Liberdade Museus Centro de Arte Popular Museu Casa Alphonsus de Guimaraens Museu Casa Guignard Museu Casa Guimarães Rosa Museu do Crédito Real Museu dos,outro,nao identificado,nao identificado,audiovisual,,10,,https://www.secult.mg.gov.br/a-secretaria/audiovisual/prog-de-desenvolv-do-audiovisual-mineiro/94-transparencia/6265-transparencia,https://www.secult.mg.gov.br/a-secretaria/audiovisual/prog-de-desenvolv-do-audiovisual-mineiro/94-transparencia/6265-transparencia
Programa de Desenvolvimento do Audiovisual Mineiro,estadual,Brasil,noticia,Instituições Instituições Arquivo Público Mineiro Biblioteca Pública Estadual Circuito Liberdade Museus Centro de Arte Popular Museu Casa Alphonsus de Guimaraens Museu Casa Guignard Museu Casa Guimarães Rosa Museu do Crédito Real Museu dos Militares Mineiros Museu Mineiro Rádio Inconfidência Instituições Arquivo Público Mineiro Biblioteca Pública Estadual Circuito Liberdade Museus Centro de Arte Popular Museu Casa Alphonsus de Guimaraens Museu Casa Guignard Museu Casa Guimarães Rosa Museu do Crédito Real Museu dos,outro,nao identificado,nao identificado,audiovisual,,10,,https://www.secult.mg.gov.br/a-secretaria/audiovisual/prog-de-desenvolv-do-audiovisual-mineiro,https://www.secult.mg.gov.br/a-secretaria/audiovisual/prog-de-desenvolv-do-audiovisual-mineiro
Programa de Desenvolvimento do Audiovisual Mineiro,estadual,Brasil,noticia,Instituições Instituições Arquivo Público Mineiro Biblioteca Pública Estadual Circuito Liberdade Museus Centro de Arte Popular Museu Casa Alphonsus de Guimaraens Museu Casa Guignard Museu Casa Guimarães Rosa Museu do Crédito Real Museu dos Militares Mineiros Museu Mineiro Rádio Inconfidência Instituições Arquivo Público Mineiro Biblioteca Pública Estadual Circuito Liberdade Museus Centro de Arte Popular Museu Casa Alphonsus de Guimaraens Museu Casa Guignard Museu Casa Guimarães Rosa Museu do Crédito Real Museu dos,outro,nao identificado,nao identificado,audiovisual,,10,,https://www.secult.mg.gov.br/a-secretaria/audiovisual/prog-de-desenvolv-do-audiovisual-mineiro/152-audiovisual?layout=,https://www.secult.mg.gov.br/a-secretaria/audiovisual/prog-de-desenvolv-do-audiovisual-mineiro/152-audiovisual?layout=
Programa de Desenvolvimento do Audiovisual Mineiro,estadual,Brasil,noticia,Política Nacional Aldir Blanc (PNAB) Política Nacional Aldir Blanc (PNAB) Consulta Pública Simplificada Fóruns Setoriais Legislação Valores e Materiais,outro,nao identificado,nao identificado,audiovisual,,10,,https://www.secult.mg.gov.br/a-secretaria/audiovisual/prog-de-desenvolv-do-audiovisual-mineiro/94-transparencia/6265-transparencia,https://www.secult.mg.gov.br/a-secretaria/audiovisual/prog-de-desenvolv-do-audiovisual-mineiro/94-transparencia/6265-transparencia
Programa de Desenvolvimento do Audiovisual Mineiro,estadual,Brasil,noticia,Política Nacional Aldir Blanc (PNAB) Política Nacional Aldir Blanc (PNAB) Consulta Pública Simplificada Fóruns Setoriais Legislação Valores e Materiais,outro,nao identificado,nao identificado,audiovisual,,10,,https://www.secult.mg.gov.br/a-secretaria/audiovisual/prog-de-desenvolv-do-audiovisual-mineiro,https://www.secult.mg.gov.br/a-secretaria/audiovisual/prog-de-desenvolv-do-audiovisual-mineiro
Programa de Desenvolvimento do Audiovisual Mineiro,estadual,Brasil,noticia,Política Nacional Aldir Blanc (PNAB) Política Nacional Aldir Blanc (PNAB) Consulta Pública Simplificada Fóruns Setoriais Legislação Valores e Materiais,outro,nao identificado,nao identificado,audiovisual,,10,,https://www.secult.mg.gov.br/a-secretaria/audiovisual/prog-de-desenvolv-do-audiovisual-mineiro/152-audiovisual?layout=,https://www.secult.mg.gov.br/a-secretaria/audiovisual/prog-de-desenvolv-do-audiovisual-mineiro/152-audiovisual?layout=
SODEC,outro,Não identificado,noticia,"À propos À propos SODEC en bref Organisation Publications Lois, politiques, déclarations, codes et règlements Ententes avec des partenaires Protection des renseignements personnels et accès à l’information Confidentialité Nouvelles Logos",outro,nao identificado,nao identificado,cultura,,10,,https://sodec.gouv.qc.ca/a-propos/,https://sodec.gouv.qc.ca
SODEC,outro,Não identificado,noticia,"À propos À propos SODEC en bref Organisation Publications Lois, politiques, déclarations, codes et règlements Protection des renseignements personnels et accès à l’information Confidentialité Ententes avec des partenaires Nouvelles Logos",outro,nao identificado,nao identificado,cultura,,10,,https://sodec.gouv.qc.ca,https://sodec.gouv.qc.ca
SODEC,outro,Não identificado,noticia,Événements Événements Atelier Grand Nord Atelier Grand Nord XR Concours Cours écrire ton court Rencontre d’information | Aide au développement entrepreneurial et aux initiatives innovantes,outro,nao identificado,nao identificado,inovacao,,10,,https://sodec.gouv.qc.ca,https://sodec.gouv.qc.ca
São Paulo Film Commission,outro,Brasil,noticia,TRANSPARÊNCIA TRANSPARÊNCIA Acesso à informação Participação social Quadro de Serviços,formacao,nao identificado,formacao_mentoria,audiovisual,,10,,https://spcine.com.br/spfilmcommission/,https://spcine.com.br/spfilmcommission/
bolsas e apoios,outro,Não identificado,noticia,What is the Evidence on the Role of the Arts in Improving Health and Well-being? A Scoping Review 10 World Health Organization. What is the Evidence on the Role of the Arts in Improving Health and Well-being? A Scoping Review . September 2019.,outro,nao identificado,nao identificado,cultura,,10,2019,https://www.who.int/publications/i/item/what-is-the-evidence-on-the-role-of-the-arts-in-improving-health-and-well-being-a-scoping-review,https://canadacouncil.ca/research/arts-impact
financiamento,outro,Internacional,noticia,"T1197 BC Production Services Tax Credit Form Please refer to all recent updates and proposed changes in the Budget 2026 announcement here . Production Services Tax Credits In order to claim the PSTC tax credit, the accredited production corporation must file a corporate income tax return, along with the certificates, with t",outro,producao,producao_obra,cultura,,10,2026,https://can01.safelinks.protection.outlook.com/?url=https%3A%2F%2Fwww.canada.ca%2Fen%2Frevenue-agency%2Fservices%2Fforms-publications%2Fforms%2Ft1197.html&data=05%7C01%7Cshunt%40creativebc.com%7C4f4714bea0ec4f8b2c4d08dba8da7108%7C3aa6c0a179354e608e86171b33625eb5%7C0%7C0%7C638289428370692960%7CUnknown%7CTWFpbGZsb3d8eyJWIjoiMC4wLjAwMDAiLCJQIjoiV2luMzIiLCJBTiI6Ik1haWwiLCJXVCI6Mn0%3D%7C3000%7C%7C%7C&sdata=epMIFpOmpnBAPLNiCLXhCgRA%2BzCD3M16gB%2BXrphoT4Y%3D&reserved=0,https://creativebc.com/services/motion-picture-tax-credits
BFI,internacional,Reino Unido,noticia,BFI and DCMS invest over £2 million into the latest UK Global Screen Fund International Business Development Awards News BFI and DCMS invest over £2 million into the latest UK Global Screen Fund International Business Development Awards BFI and DCMS invest over £2 million into the latest UK Global Screen Fund International Business Development Awards,premio,desenvolvimento,nao identificado,audiovisual,,9,2026,https://www.bfi.org.uk/news/latest-uk-global-screen-fund-international-business-development-awards-may-2026,https://bfi.org.uk
Berlinale Talents,outro,Alemanha,noticia,"Find out more Berlinale Talents Alumni News The Berlinale Talents alumni community is always busy, and we love celebrating their progress, developments, successes and more. Keep up to date with the latest festival & awards news, catch interviews with members of the community, and much more. Fi",festival,desenvolvimento,festival_inscricao,inovacao,,9,,https://www.berlinale-talents.de/bt/find/news,https://www.berlinale-talents.de
EFAD,internacional,União Europeia,noticia,EFAD Mourns the Passing of Board Member Ignasi Camós Victoria,outro,nao identificado,nao identificado,audiovisual,,5,,https://www.europeanfilmagencies.eu/news/efad-mourns-the-passing-of-board-member-ignasi-camós-victoria,https://www.europeanfilmagencies.eu
"festivals, activities and cinemas",outro,Não identificado,noticia,Check out the latest Industry Advisories Check out the latest Industry Advisories .,mercado,mercado,mercado_pitch_coproducao,audiovisual,,5,,https://telefilm.ca/en/who-we-are/news-room/industry-advisories,https://telefilm.ca/en/we-finance-and-support/how-to-apply
"festivals, activities and cinemas",outro,Não identificado,noticia,Industry advisories,mercado,mercado,mercado_pitch_coproducao,audiovisual,,5,,https://telefilm.ca/en/who-we-are/news-room/industry-advisories,https://telefilm.ca/en/who-we-are/our-engagement
"festivals, activities and cinemas",outro,Não identificado,noticia,More industry advisories,mercado,mercado,mercado_pitch_coproducao,audiovisual,,5,,https://telefilm.ca/en/who-we-are/news-room/industry-advisories,https://telefilm.ca/en/who-we-are/news-room
"festivals, activities and cinemas",outro,Não identificado,noticia,More speeches,outro,nao identificado,nao identificado,audiovisual,,5,,https://telefilm.ca/en/who-we-are/news-room/speeches,https://telefilm.ca/en/who-we-are/news-room
"festivals, activities and cinemas",outro,Não identificado,noticia,News releases,outro,nao identificado,nao identificado,audiovisual,,5,,https://telefilm.ca/en/who-we-are/news-room/news-releases,https://telefilm.ca/en/who-we-are/our-engagement
"festivals, activities and cinemas",outro,Não identificado,noticia,Personal Information Collection Statement – Contact us,outro,nao identificado,nao identificado,audiovisual,,5,,https://telefilm.ca/en/legal-notes/personal-information-collection-statement-contact-us,https://telefilm.ca/en/who-we-are/contact-us
FUNDAÇÃO CULTURAL DO ESTADO DA BAHIA,estadual,Brasil,noticia,"A Fundação Cultural do Estado da Bahia, criada em 1974, é vinculada à SecultBA e tem como missão promover e viabilizar a arte para o fortalecimento da cultura e desenvolvimento da sociedade baiana. Articulada com sociedade civil e instituições públicas, a FUNCEB cria e implementa políticas, programas e projetos que promovam, incentivem e desenvolvam a formação, a criação, a produção, a pesquisa, a difusão e a memória",formacao,desenvolvimento,desenvolvimento_roteiro,cultura,,4,1974,http://www.fundacaocultural.ba.gov.br/,https://www.ba.gov.br/cultura/21/fundacao-cultural-do-estado-da-bahia
SELEÇÃO DE REALIZADORES AUDIOVISUAIS PARA RESIDÊNCIA EM CINEMA DIRETO INTEGRANDO A PROGRAMAÇÃO DA CARTEIRA DE PROJETOS DA PARAÍBA NO ÂMBITO DA TEMPORADA BRASIL-FRANÇA 2025,estadual,Brasil,noticia,Governo do Estado publica o resultado final do Prêmio Paraíba Folia 2026,premio,nao identificado,nao identificado,cultura,,4,2026,https://paraiba.pb.gov.br/diretas/secretaria-da-cultura/governo-do-estado-publica-o-resultado-final-do-premio-paraiba-folia-2026,https://paraiba.pb.gov.br/diretas/secretaria-da-cultura
Secec DF,federal,Brasil,noticia,Biblioteca Nacional de Brasília Biblioteca Nacional de Brasília Rede de Bibliotecas Públicas DF Programa Mala do Livro Prêmios de Literatura,premio,nao identificado,nao identificado,cultura,,4,,https://cultura.df.gov.br/biblioteca-nacional-da-brasilia,https://cultura.df.gov.br
Secec DF,federal,Brasil,noticia,Programa Mala do Livro Biblioteca Nacional de Brasília Rede de Bibliotecas Públicas DF Programa Mala do Livro Prêmios de Literatura,premio,nao identificado,nao identificado,cultura,,4,,https://cultura.df.gov.br/projeto-mala-do-livro,https://cultura.df.gov.br
Secec DF,federal,Brasil,noticia,Prêmios de Literatura Biblioteca Nacional de Brasília Rede de Bibliotecas Públicas DF Programa Mala do Livro Prêmios de Literatura,premio,nao identificado,nao identificado,cultura,,4,,https://cultura.df.gov.br/premios-de-literatura-2,https://cultura.df.gov.br
Secec DF,federal,Brasil,noticia,Rede de Bibliotecas Públicas DF Biblioteca Nacional de Brasília Rede de Bibliotecas Públicas DF Programa Mala do Livro Prêmios de Literatura,premio,nao identificado,nao identificado,cultura,,4,,https://cultura.df.gov.br/rede-de-bibliotecas-publicas-do-distrito-federal,https://cultura.df.gov.br
Secult AM,estadual,Brasil,noticia,Institucional Institucional Sobre a Secretaria Gestão Conselho de Patrimônio Histórico e Artístico – COPHAM Conselho Estadual de Cultura – CONEC Marcas,festival,producao,producao_obra,cultura,,2,,https://cultura.am.gov.br/producao-lirica-brasileira-com-montagem-inedita-de-carlos-gomes-e-celebrada-no-27o-festival-amazonas-de-opera,https://cultura.am.gov.br/producao-lirica-brasileira-com-montagem-inedita-de-carlos-gomes-e-celebrada-no-27o-festival-amazonas-de-opera
Secult AM,estadual,Brasil,noticia,PNAB – Prestação de Contas (C1) PNAB – Prestação de Contas (C1) PNAB – Restos a Pagar PNAB – Prestação de Contas PNAB – Painel Digital,festival,producao,producao_obra,cultura,,2,,https://cultura.am.gov.br/producao-lirica-brasileira-com-montagem-inedita-de-carlos-gomes-e-celebrada-no-27o-festival-amazonas-de-opera,https://cultura.am.gov.br/producao-lirica-brasileira-com-montagem-inedita-de-carlos-gomes-e-celebrada-no-27o-festival-amazonas-de-opera
ANCINE,federal,Brasil,noticia,Cinema Brasileiro de Todos e para Todos realiza sessão inclusiva em São Paulo,mostra,nao identificado,festival_inscricao,audiovisual,,0,,https://www.gov.br/ancine/pt-br/assuntos/noticias/cinema-brasileiro-de-todos-e-para-todos-realiza-sessao-inclusiva-em-sao-paulo,https://gov.br/ancine
CTAV,federal,Brasil,noticia,PROGRAMA ACERVO CTAV Atletismo Sinopse: Vídeo didático sobre a história do Atletismo no Brasil e as principais práticas da competição.,outro,nao identificado,nao identificado,audiovisual,,0,,https://gov.br/ctav/pt-br/noticias/atletismo,https://gov.br/ctav
Fundo Setorial do Audiovisual - FSA,federal,Brasil,noticia,Filmagens Estrangeiras no Brasil,formacao,nao identificado,formacao_mentoria,audiovisual,,0,,https://www.gov.br/ancine/pt-br/acesso-a-informacao/perguntas-frequentes1/filmagens-estrangeiras-no-brasil,https://www.gov.br/ancine/pt-br/fsa
Programa de Desenvolvimento do Audiovisual Mineiro,estadual,Brasil,noticia,Resultado Final - Publicado em 24/10/25,outro,nao identificado,nao identificado,audiovisual,,0,2025,https://www.secult.mg.gov.br/images/2025/fec/ATO_CEFIC_041_25_-_Resultado_Final_Circula_Minas_Audiovisual.docx.pdf,https://www.secult.mg.gov.br/editais/fundo-estadual-de-cultura-fec/editais-fec
Ibermedia,outro,Internacional,noticia,"El cine dominicano hace historia en los Premios Platino con la película... Nuestras noticias El cine dominicano hace historia en los Premios Platino con la película... Ibermedia 13 de mayo, 2026 14 de mayo, 2026",premio,nao identificado,nao identificado,inovacao,,-1,2026,https://www.programaibermedia.com/el-cine-dominicano-hace-historia-en-los-premios-platino-con-la-pelicula-de-animacion-olivia-y-las-nubes-opera-prima-de-tomas-pichardo-espaillat/,https://www.programaibermedia.com
Ibermedia,outro,Internacional,noticia,"Nuestras noticias Nuestras noticias El cine dominicano hace historia en los Premios Platino con la película... Ibermedia 13 de mayo, 2026 14 de mayo, 2026",premio,nao identificado,nao identificado,inovacao,,-1,2026,https://www.programaibermedia.com/el-cine-dominicano-hace-historia-en-los-premios-platino-con-la-pelicula-de-animacion-olivia-y-las-nubes-opera-prima-de-tomas-pichardo-espaillat/,https://www.programaibermedia.com
Ibermedia,outro,Internacional,noticia,"El Festival de Annecy, el más importante del mundo del cine de... Nuestras noticias El Festival de Annecy, el más importante del mundo del cine de... Ibermedia 18 de mayo, 2026 18 de mayo, 2026",festival,exibicao,festival_inscricao,inovacao,,-3,2026,https://www.programaibermedia.com/el-festival-de-annecy-el-mas-importante-del-mundo-del-cine-de-animacion-reserva-un-lugar-a-decorado-en-su-competicion-oficial-y-a-winnipeg-el-barco-de-la-esperanza/,https://www.programaibermedia.com
Ibermedia,outro,Internacional,noticia,"Nuestras noticias El Festival de Annecy, el más importante del mundo del cine de animación, reserva un... 18 de mayo, 2026 18 de mayo, 2026 47",festival,exibicao,festival_inscricao,inovacao,,-3,2026,https://www.programaibermedia.com/el-festival-de-annecy-el-mas-importante-del-mundo-del-cine-de-animacion-reserva-un-lugar-a-decorado-en-su-competicion-oficial-y-a-winnipeg-el-barco-de-la-esperanza/,https://www.programaibermedia.com
Ibermedia,outro,Internacional,noticia,"Nuestras noticias Nuestras noticias El Festival de Annecy, el más importante del mundo del cine de... Ibermedia 18 de mayo, 2026 18 de mayo, 2026",festival,exibicao,festival_inscricao,inovacao,,-3,2026,https://www.programaibermedia.com/el-festival-de-annecy-el-mas-importante-del-mundo-del-cine-de-animacion-reserva-un-lugar-a-decorado-en-su-competicion-oficial-y-a-winnipeg-el-barco-de-la-esperanza/,https://www.programaibermedia.com
EFAD,internacional,União Europeia,noticia,View all Recent news Find our recent updates here View all,outro,nao identificado,nao identificado,audiovisual,,-5,,https://www.europeanfilmagencies.eu/news,https://www.europeanfilmagencies.eu
"Education and Training financiamentoFind out more about national and international bursaries, bolsas e apoios for training providers and our in-house training programmes.",internacional,Não identificado,noticia,– – Industry Organisations Links to South African film industry organisations. Locations Discover filming locations across the country.,mercado,producao,producao_obra,audiovisual,,-5,,https://www.nfvf.co.za/latest-news,https://www.nfvf.co.za/latest-news
"festivals, activities and cinemas",outro,Não identificado,noticia,All news releases,outro,nao identificado,nao identificado,audiovisual,,-5,,https://telefilm.ca/en/news-releases,https://telefilm.ca/en
MinC,federal,Brasil,noticia,Prêmio Pontos de Leitura 2023,formacao,nao identificado,formacao_mentoria,cultura,,-6,2023,https://www.gov.br/cultura/pt-br/acesso-a-informacao/perguntas-frequentes/premio-pontos-de-leitura-2023,https://gov.br/cultura
Secec DF,federal,Brasil,noticia,"61 Histórias de Brasília – Baixe catálogo CIC 2022 Secec libera catálogo da Mulher Negra 61 Histórias de Brasília – Baixe catálogo Prêmio LGBTQIA+ Baixe o catálogo Gira Cultura DF – Baixe catálogo Sorria, Brasília",premio,nao identificado,nao identificado,cultura,,-6,2022,https://cultura.df.gov.br/secec-lanca-catalogo-61-historias-de-brasilia,https://cultura.df.gov.br
Secec DF,federal,Brasil,noticia,"Prêmio LGBTQIA+ Baixe o catálogo CIC 2022 Secec libera catálogo da Mulher Negra 61 Histórias de Brasília – Baixe catálogo Prêmio LGBTQIA+ Baixe o catálogo Gira Cultura DF – Baixe catálogo Sorria, Brasília",premio,nao identificado,nao identificado,cultura,,-6,2022,https://cultura.df.gov.br/secec-divulga-catalogo-do-premio-lgbtqia,https://cultura.df.gov.br
FUNDAÇÃO CULTURAL DO ESTADO DA BAHIA,estadual,Brasil,noticia,PARTICIPAÇÃO SOCIAL PARTICIPAÇÃO SOCIAL CONSELHO ESTADUAL DE CULTURA DA BAHIA VI CONFERÊNCIA ESTADUAL DE CULTURA COLEGIADOS PROGRAMA CONSELHOS DE CULTURA EM FOCO ESCUTAS PÚBLICAS,outro,nao identificado,nao identificado,cultura,,-8,,https://www.ba.gov.br/cultura/21/fundacao-cultural-do-estado-da-bahia,https://www.ba.gov.br/cultura/21/fundacao-cultural-do-estado-da-bahia
FUNDAÇÃO PEDRO CALMON,federal,Brasil,noticia,PARTICIPAÇÃO SOCIAL PARTICIPAÇÃO SOCIAL CONSELHO ESTADUAL DE CULTURA DA BAHIA VI CONFERÊNCIA ESTADUAL DE CULTURA COLEGIADOS PROGRAMA CONSELHOS DE CULTURA EM FOCO ESCUTAS PÚBLICAS,outro,nao identificado,nao identificado,cultura,,-8,,https://www.ba.gov.br/cultura/22/fundacao-pedro-calmon,https://www.ba.gov.br/cultura/22/fundacao-pedro-calmon
Fundação Cultural Palmares,federal,Brasil,noticia,Manual de processos da Fundação Cultural Palmares,formacao,nao identificado,formacao_mentoria,cultura,,-8,,https://www.gov.br/palmares/pt-br/acesso-a-informacao/acoes-e-programas/manual-de-processos-da-fundacao-cultural-palmares-1,https://gov.br/palmares
Fundação Cultural Palmares,federal,Brasil,noticia,Programas Financiados pelo Fundo de Amparo ao Trabalhador (FAT),formacao,nao identificado,formacao_mentoria,inovacao,,-8,,https://www.gov.br/palmares/pt-br/acesso-a-informacao/acoes-e-programas/programas-financiados-pelo-fundo-de-amparo-ao-trabalhador-fat,https://gov.br/palmares
Fundação Municipal de Cultura | Prefeitura de Belo Horizonte,municipal,Brasil,noticia,ATIVIDADES EDUCATIVAS,outro,nao identificado,nao identificado,cultura,,-8,,https://prefeitura.pbh.gov.br/fundacao-municipal-de-cultura/arquivo-publico/informacoes/atividades-educativas,https://prefeitura.pbh.gov.br/fundacao-municipal-de-cultura
Fundação Municipal de Cultura | Prefeitura de Belo Horizonte,municipal,Brasil,noticia,"Fundação Municipal de Cultura A Fundação Municipal de Cultura - FMC, instituída pela Lei n.º 9.011, em 1º de janeiro de 2005, tem por finalidades contribuir para o planejamento e a formulação de políticas públicas e executar programas, projetos e atividades voltadas ao desenvolvimento cultural do Município de Belo Horizonte. Vinculada à Secretaria Municipal de Cultura - SMC , a Fundação integra a Administração Públic",outro,desenvolvimento,desenvolvimento_roteiro,cultura,,-8,2005,https://x.com/share?url=https://prefeitura.pbh.gov.br/fundacao-municipal-de-cultura;hashtags=prefeiturabh,https://prefeitura.pbh.gov.br/fundacao-municipal-de-cultura
Fundação Municipal de Cultura | Prefeitura de Belo Horizonte,municipal,Brasil,noticia,HISTÓRIA DE BAIRROS,outro,nao identificado,nao identificado,cultura,,-8,,https://prefeitura.pbh.gov.br/fundacao-municipal-de-cultura/arquivo-publico/informacoes/historia-de-bairros,https://prefeitura.pbh.gov.br/fundacao-municipal-de-cultura
Fundação Municipal de Cultura | Prefeitura de Belo Horizonte,municipal,Brasil,noticia,LEGISLAÇÃO,outro,nao identificado,nao identificado,cultura,,-8,,https://prefeitura.pbh.gov.br/fundacao-municipal-de-cultura/arquivo-publico/informacoes/legislacao,https://prefeitura.pbh.gov.br/fundacao-municipal-de-cultura
Fundação Municipal de Cultura | Prefeitura de Belo Horizonte,municipal,Brasil,noticia,"Secretaria Municipal de Cultura - SMC Vinculada à Secretaria Municipal de Cultura - SMC , a Fundação integra a Administração Pública Indireta do Município e possui autonomia administrativa e financeira, assegurada, especialmente, por dotações orçamentárias, patrimônio próprio, aplicação de suas receitas e assinatura Fundação Municipal de Cultura A Fundação Municipal de Cultura - FMC, instituída pela Lei n.º 9.011, em 1º de janeiro de 2005, tem por finalidades contribuir para o planejamento e a formulação de políti",outro,nao identificado,nao identificado,cultura,,-8,2005,https://prefeitura.pbh.gov.br/cultura,https://prefeitura.pbh.gov.br/fundacao-municipal-de-cultura
Fundação Municipal de Cultura | Prefeitura de Belo Horizonte,municipal,Brasil,noticia,"políticas públicas A Fundação Municipal de Cultura - FMC, instituída pela Lei n.º 9.011, em 1º de janeiro de 2005, tem por finalidades contribuir para o planejamento e a formulação de políticas públicas e executar programas, projetos e atividades voltadas ao desenvolvimento cultural do Município de Fundação Municipal de Cultura A Fundação Municipal de Cultura - FMC, instituída pela Lei n.º 9.011, em 1º de janeiro de 2005, tem por finalidades contribuir para o planejamento e a formulação de políticas públicas e exec",outro,desenvolvimento,desenvolvimento_roteiro,cultura,,-8,2005,https://prefeitura.pbh.gov.br/cultura/planos,https://prefeitura.pbh.gov.br/fundacao-municipal-de-cultura
Fundação de Parques Municipais e Zoobotânica | Prefeitura de Belo Horizonte,municipal,Brasil,noticia,APRESENTAÇÃO,outro,nao identificado,nao identificado,inovacao,,-8,,https://prefeitura.pbh.gov.br/fundacao-de-parques-e-zoobotanica/informacoes/educacao-ambiental,https://prefeitura.pbh.gov.br/fundacao-de-parques-e-zoobotanica
Fundação de Parques Municipais e Zoobotânica | Prefeitura de Belo Horizonte,municipal,Brasil,noticia,DIA MUNDIAL DA ANTA,outro,nao identificado,nao identificado,inovacao,,-8,,https://prefeitura.pbh.gov.br/fundacao-de-parques-e-zoobotanica/informacoes/educacao-ambiental/datas-comemorativas/dia-mundial-da-anta,https://prefeitura.pbh.gov.br/fundacao-de-parques-e-zoobotanica
Fundação de Parques Municipais e Zoobotânica | Prefeitura de Belo Horizonte,municipal,Brasil,noticia,"Decreto n.º 18.984 Decreto n.º 18.984 , de 3 de fevereiro de 2025: Aprova o Estatuto da Fundação de Parques Municipais e Zoobotânica. Fundação de Parques Municipais e Zoobotânica Resultado da fusão entre a antiga Fundação Municipal de Parques e a Fundação Zoo-Botânica de Belo Horizonte, a Fundação de Parques Municipais e Zoobotânica foi criada pelo Decreto n.º 16.684, de 31 de agosto de 2017, na reforma administrativa da Prefeitura de Belo Horizonte, com a principal missão de promover ações e programas de educação",outro,nao identificado,nao identificado,inovacao,,-8,2025,https://www.cmbh.mg.gov.br/atividade-legislativa/pesquisar-legislacao/decreto/18984/2025,https://prefeitura.pbh.gov.br/fundacao-de-parques-e-zoobotanica
Fundação de Parques Municipais e Zoobotânica | Prefeitura de Belo Horizonte,municipal,Brasil,noticia,Dia Mundial do Gorila,outro,nao identificado,nao identificado,inovacao,,-8,,https://prefeitura.pbh.gov.br/fundacao-de-parques-e-zoobotanica/informacoes/educacao-ambiental/datas-comemorativas/dia-mundial-do-gorila,https://prefeitura.pbh.gov.br/fundacao-de-parques-e-zoobotanica
Fundação de Parques Municipais e Zoobotânica | Prefeitura de Belo Horizonte,municipal,Brasil,noticia,Dia Mundial do Hipopótamo,outro,nao identificado,nao identificado,inovacao,,-8,,https://prefeitura.pbh.gov.br/fundacao-de-parques-e-zoobotanica/informacoes/educacao-ambiental/datas-comemorativas/dia-mundial-hipopotamo,https://prefeitura.pbh.gov.br/fundacao-de-parques-e-zoobotanica
Fundação de Parques Municipais e Zoobotânica | Prefeitura de Belo Horizonte,municipal,Brasil,noticia,Dia Mundial do Tamanduá,outro,nao identificado,nao identificado,inovacao,,-8,,https://prefeitura.pbh.gov.br/fundacao-de-parques-e-zoobotanica/informacoes/educacao-ambiental/datas-comemorativas/dia-mundial-do-tamandua,https://prefeitura.pbh.gov.br/fundacao-de-parques-e-zoobotanica
Fundação de Parques Municipais e Zoobotânica | Prefeitura de Belo Horizonte,municipal,Brasil,noticia,Dia Nacional da Botânica,outro,nao identificado,nao identificado,inovacao,,-8,,https://prefeitura.pbh.gov.br/fundacao-de-parques-e-zoobotanica/informacoes/educacao-ambiental/datas-comemorativas/dia-nacional-botanica,https://prefeitura.pbh.gov.br/fundacao-de-parques-e-zoobotanica
Fundação de Parques Municipais e Zoobotânica | Prefeitura de Belo Horizonte,municipal,Brasil,noticia,Dia Nacional e Internacional da Onça-pintada,outro,nao identificado,nao identificado,inovacao,,-8,,https://prefeitura.pbh.gov.br/fundacao-de-parques-e-zoobotanica/informacoes/educacao-ambiental/datas-comemorativas/dia-nacional-internacional-onca-pintada,https://prefeitura.pbh.gov.br/fundacao-de-parques-e-zoobotanica
Fundação de Parques Municipais e Zoobotânica | Prefeitura de Belo Horizonte,municipal,Brasil,noticia,Dia da Ave,outro,nao identificado,nao identificado,inovacao,,-8,,https://prefeitura.pbh.gov.br/fundacao-de-parques-e-zoobotanica/informacoes/educacao-ambiental/datas-comemorativas/dia-da-ave,https://prefeitura.pbh.gov.br/fundacao-de-parques-e-zoobotanica
Fundação de Parques Municipais e Zoobotânica | Prefeitura de Belo Horizonte,municipal,Brasil,noticia,"Fundação de Parques Municipais e Zoobotânica Resultado da fusão entre a antiga Fundação Municipal de Parques e a Fundação Zoo-Botânica de Belo Horizonte, a Fundação de Parques Municipais e Zoobotânica foi criada pelo Decreto n.º 16.684, de 31 de agosto de 2017, na reforma administrativa da Prefeitura de Belo Horizonte, com a principal missão de promover ações e programas de educação e manejo ambientais, atividades de",outro,nao identificado,nao identificado,inovacao,,-8,2017,https://x.com/share?url=https://prefeitura.pbh.gov.br/fundacao-de-parques-e-zoobotanica;hashtags=prefeiturabh,https://prefeitura.pbh.gov.br/fundacao-de-parques-e-zoobotanica
Fundação de Parques Municipais e Zoobotânica | Prefeitura de Belo Horizonte,municipal,Brasil,noticia,Materiais Educativos,outro,nao identificado,nao identificado,inovacao,,-8,,https://prefeitura.pbh.gov.br/fundacao-de-parques-e-zoobotanica/informacoes/educacao-ambiental/materiais-educativos,https://prefeitura.pbh.gov.br/fundacao-de-parques-e-zoobotanica
Programa de Desenvolvimento do Audiovisual Mineiro,estadual,Brasil,noticia,"Cartilha Emendas Parlamentares Documentos Administrativos 06 Julho 2020 Termo de Fomento Termo de fomento é o instrumento, instituído pela Lei Federal n° 13.019/2014, por meio do qual serão formalizadas as parcerias estabelecidas pela administração pública com organizações da sociedade civil para a consecução de finalidades de interesse público e recíproco propostas pelas organizações da sociedade civil, que envolvam a transferência de recursos fi",formacao,nao identificado,formacao_mentoria,inovacao,,-8,2020,https://www.secult.mg.gov.br/download/category/21-outros?download=2625:cartilha-emendas-parlamentares,https://www.secult.mg.gov.br/documentos-administrativos/termos-de-fomento
Programa de Desenvolvimento do Audiovisual Mineiro,estadual,Brasil,noticia,"Resultado Preliminar - Categoria 03: MOSTRAS, FESTIVAIS E ENCONTROS - Publicado dia 07/05/2026",mostra,exibicao,festival_inscricao,inovacao,,-8,2026,https://www.secult.mg.gov.br/download/category/41-pnab?download=4662:resultado-preliminar-categoria-3-mostras-festivais-e-encontros-publicado-dia-07-05-2026,https://www.secult.mg.gov.br/editais/editais-pnab/editais-pnab
Programa de Desenvolvimento do Audiovisual Mineiro,estadual,Brasil,noticia,"+ - Posso me inscrever na Plataforma Digital Fomento e Incentivo à Cultura da Secult? Click to collapse Lei Paulo Gustavo 21 Julho 2023 Dúvidas A Secretaria de Estado de Cultura e Turismo esclarece as principais dúvidas para manter a transparência do processo relacionado à Lei Paulo Gustavo em Minas Gerais. Reunimos abaixo lives de esclarecimentos e os questionamentos mais frequentes com as respectivas respostas, a fim de sanar as principais dúvidas e compartilhar com o público as informações necessárias, reforçand",outro,nao identificado,nao identificado,cultura,,-8,2023,https://www.secult.mg.gov.br/documentos/lei-paulo-gustavo-lpg/duvidas,https://www.secult.mg.gov.br/documentos/lei-paulo-gustavo-lpg/duvidas
Programa de Desenvolvimento do Audiovisual Mineiro,estadual,Brasil,noticia,Instituições Instituições Arquivo Público Mineiro Biblioteca Pública Estadual Circuito Liberdade Museus Centro de Arte Popular Museu Casa Alphonsus de Guimaraens Museu Casa Guignard Museu Casa Guimarães Rosa Museu do Crédito Real Museu dos Militares Mineiros Museu Mineiro Rádio Inconfidência Instituições Arquivo Público Mineiro Biblioteca Pública Estadual Circuito Liberdade Museus Centro de Arte Popular Museu Casa Alphonsus de Guimaraens Museu Casa Guignard Museu Casa Guimarães Rosa Museu do Crédito Real Museu dos,outro,nao identificado,nao identificado,cultura,,-8,,https://www.secult.mg.gov.br/documentos/plataformas/plataforma-digital-fomento-e-incentivo-a-cultura,https://www.secult.mg.gov.br/documentos/plataformas/plataforma-digital-fomento-e-incentivo-a-cultura
Programa de Desenvolvimento do Audiovisual Mineiro,estadual,Brasil,noticia,Resultado Preliminar - Publicado em 16/10/25,outro,nao identificado,nao identificado,cultura,,-8,,https://www.secult.mg.gov.br/download/category/15-fundo-estadual-de-cultura-fec?download=4389:resultado-restaura-minas,https://www.secult.mg.gov.br/editais/fundo-estadual-de-cultura-fec/editais-fec
Programa de Desenvolvimento do Audiovisual Mineiro,estadual,Brasil,noticia,Resultado Preliminar - Publicado em 20/10/25,outro,nao identificado,nao identificado,cultura,,-8,,https://www.secult.mg.gov.br/download/category/15-fundo-estadual-de-cultura-fec?download=4391:rainha-conga-201025,https://www.secult.mg.gov.br/editais/fundo-estadual-de-cultura-fec/editais-fec
Programa de Desenvolvimento do Audiovisual Mineiro,estadual,Brasil,noticia,Resultado preliminar - Publicado em 08/10/2025,outro,nao identificado,nao identificado,cultura,,-8,2025,https://www.secult.mg.gov.br/download/category/15-fundo-estadual-de-cultura-fec?download=4368:resultado-preliminar-publicado-em-08-10-2025,https://www.secult.mg.gov.br/editais/fundo-estadual-de-cultura-fec/editais-fec
Reveja as Imersões,estadual,Brasil,noticia,01- TERMO_DE_RESPONSABILIDADE Nº 027-2024 -CONCEIÇÃO DA BARRA-CELEBRADO CONCEIÇÃO DA BARRA Conteúdo Atualização Formato Tamanho 01- TERMO_DE_RESPONSABILIDADE Nº 027-2024 -CONCEIÇÃO DA BARRA-CELEBRADO 05/06/2025 pdf 243 KB Baixar 02- PLANO DE AÇÃO- CONCEICAO DA_BARRA 05/06/2025 pdf 212 KB Baixar,outro,nao identificado,nao identificado,inovacao,,-8,2024,https://secult.es.gov.br/media/2025_Docs_FundoaFundo/01-%20TERMO_DE_RESPONSABILIDADE%20N%C2%BA%20027-2024%20-CONCEI%C3%87%C3%83O%20%20DA%20BARRA-CELEBRADO.pdf,https://secult.es.gov.br/ciclo-2023
Reveja as Imersões,estadual,Brasil,noticia,02- PLANO DE AÇÃO- CONCEICAO DA_BARRA CONCEIÇÃO DA BARRA Conteúdo Atualização Formato Tamanho 01- TERMO_DE_RESPONSABILIDADE Nº 027-2024 -CONCEIÇÃO DA BARRA-CELEBRADO 05/06/2025 pdf 243 KB Baixar 02- PLANO DE AÇÃO- CONCEICAO DA_BARRA 05/06/2025 pdf 212 KB Baixar,outro,nao identificado,nao identificado,inovacao,,-8,2024,https://secult.es.gov.br/media/2025_Docs_FundoaFundo/02-%20PLANO%20DE%20A%C3%87%C3%83O-%20CONCEICAO%20DA_BARRA.pdf,https://secult.es.gov.br/ciclo-2023
Reveja as Imersões,estadual,Brasil,noticia,Baixar CONCEIÇÃO DA BARRA Conteúdo Atualização Formato Tamanho 01- TERMO_DE_RESPONSABILIDADE Nº 027-2024 -CONCEIÇÃO DA BARRA-CELEBRADO 05/06/2025 pdf 243 KB Baixar 02- PLANO DE AÇÃO- CONCEICAO DA_BARRA 05/06/2025 pdf 212 KB Baixar,outro,nao identificado,nao identificado,inovacao,,-8,2024,https://secult.es.gov.br/media/2025_Docs_FundoaFundo/01-%20TERMO_DE_RESPONSABILIDADE%20N%C2%BA%20027-2024%20-CONCEI%C3%87%C3%83O%20%20DA%20BARRA-CELEBRADO.pdf,https://secult.es.gov.br/ciclo-2023
Reveja as Imersões,estadual,Brasil,noticia,Baixar CONCEIÇÃO DA BARRA Conteúdo Atualização Formato Tamanho 01- TERMO_DE_RESPONSABILIDADE Nº 027-2024 -CONCEIÇÃO DA BARRA-CELEBRADO 05/06/2025 pdf 243 KB Baixar 02- PLANO DE AÇÃO- CONCEICAO DA_BARRA 05/06/2025 pdf 212 KB Baixar,outro,nao identificado,nao identificado,inovacao,,-8,2024,https://secult.es.gov.br/media/2025_Docs_FundoaFundo/02-%20PLANO%20DE%20A%C3%87%C3%83O-%20CONCEICAO%20DA_BARRA.pdf,https://secult.es.gov.br/ciclo-2023
Programa de Desenvolvimento do Audiovisual Mineiro,estadual,Brasil,noticia,"+ - Posso inserir fotografia como comprovante de atuação? Click to collapse Lei Paulo Gustavo 21 Julho 2023 Dúvidas A Secretaria de Estado de Cultura e Turismo esclarece as principais dúvidas para manter a transparência do processo relacionado à Lei Paulo Gustavo em Minas Gerais. Reunimos abaixo lives de esclarecimentos e os questionamentos mais frequentes com as respectivas respostas, a fim de sanar as principais dúvidas e compartilhar com o público as informações necessárias, reforçando a",outro,nao identificado,nao identificado,cultura,,-10,2023,https://www.secult.mg.gov.br/documentos/lei-paulo-gustavo-lpg/duvidas,https://www.secult.mg.gov.br/documentos/lei-paulo-gustavo-lpg/duvidas
Programa de Desenvolvimento do Audiovisual Mineiro,estadual,Brasil,noticia,"+ - Resumo publicável e sinopse de 1 (uma) página é como se fosse um logline (sinopse curta) e uma sinopse expandida? Click to collapse Lei Paulo Gustavo 21 Julho 2023 Dúvidas A Secretaria de Estado de Cultura e Turismo esclarece as principais dúvidas para manter a transparência do processo relacionado à Lei Paulo Gustavo em Minas Gerais. Reunimos abaixo lives de esclarecimentos e os questionamentos mais frequentes com as respectivas respostas, a fim de sanar as principais dúvidas e compartilhar com o público as in",outro,nao identificado,nao identificado,cultura,,-10,2023,https://www.secult.mg.gov.br/documentos/lei-paulo-gustavo-lpg/duvidas,https://www.secult.mg.gov.br/documentos/lei-paulo-gustavo-lpg/duvidas
SELEÇÃO DE REALIZADORES AUDIOVISUAIS PARA RESIDÊNCIA EM CINEMA DIRETO INTEGRANDO A PROGRAMAÇÃO DA CARTEIRA DE PROJETOS DA PARAÍBA NO ÂMBITO DA TEMPORADA BRASIL-FRANÇA 2025,estadual,Brasil,noticia,"Pavilhão do FliParaíba tem lançamento de livros e diálogos entre editores, escritores e leitores",outro,nao identificado,nao identificado,cultura,,-10,,https://paraiba.pb.gov.br/diretas/secretaria-da-cultura/pavilhao-do-fliparaiba-tem-lancamento-de-livros-e-dialogos-entre-editores-escritores-e-leitores,https://paraiba.pb.gov.br/diretas/secretaria-da-cultura
VAF,outro,Não identificado,noticia,cookiebeleid Onze website bewaart vier soorten cookies. Je kan zelf op elk moment kiezen welke je aanvaardt en welke niet. Meer informatie over wat cookies zijn en welke types cookies we verzamelen kan je lezen in ons cookiebeleid .,outro,nao identificado,nao identificado,inovacao,,-15,,https://vaf.be/{cookieLink},https://vaf.be
bolsas e apoios,internacional,União Europeia,noticia,"Culture and Democracy, the Evidence: How Citizens’ Participation in Cultural Activities Enhances Civic Engagement, Democracy and Social Cohesion – Lessons from International Resear 7 European Commission: Directorate-General for Education, Youth, Sport and Culture and Hammonds, W. Culture and Democracy, the Evidence: How Citizens’ Participation in Cultural Activities Enhances Civic Engagement, Democracy and Social Cohesion – Lessons from International Resear",outro,nao identificado,nao identificado,cultura,,-15,,https://op.europa.eu/en/publication-detail/-/publication/07370fba-110d-11ee-b12e-01aa75ed71a1/language-en,https://canadacouncil.ca/research/arts-impact
bolsas e apoios,outro,Não identificado,noticia,"Discover our Research Library Browse the archive of our research reports and publications. You can explore these by year, searching by subject, author or publisher. Discover our Research Library",outro,nao identificado,nao identificado,inovacao,,-15,,https://canadacouncil.ca/research/research-library,https://canadacouncil.ca/research
festivals and mercados Build audiences for your projects,outro,Não identificado,noticia,View all Articles Related Articles Explore more content from the Article category and its subcategories. View all Articles,outro,nao identificado,nao identificado,audiovisual,,-15,,https://www.screenaustralia.gov.au/news/,https://www.screenaustralia.gov.au/apply-now-to-join-the-2026-producer-delegation-to-tiff-the-market
Início | FUNCEB - Fundação Cultural,federal,Brasil,noticia,"Catálogo bilíngue, mesa redonda e leitura de portfólio encerram mostra do Prêmio Pierre Verger",mostra,exibicao,festival_inscricao,cultura,,-17,2026,http://www.ba.gov.br/fundacaocultural/noticias/2026-05/40059/catalogo-bilingue-mesa-redonda-e-leitura-de-portifolio-encerram-mostra-do,https://fundacaocultural.ba.gov.br
FUNDAÇÃO CULTURAL DO ESTADO DA BAHIA,estadual,Brasil,noticia,SERVIÇO DE INFORMAÇÃO AO CIDADÃO (SIC),formacao,nao identificado,formacao_mentoria,cultura,,-18,,https://www.ba.gov.br/cultura/21/fundacao-cultural-do-estado-da-bahia,https://www.ba.gov.br/cultura/21/fundacao-cultural-do-estado-da-bahia
FUNDAÇÃO PEDRO CALMON,federal,Brasil,noticia,SERVIÇO DE INFORMAÇÃO AO CIDADÃO (SIC),formacao,nao identificado,formacao_mentoria,cultura,,-18,,https://www.ba.gov.br/cultura/22/fundacao-pedro-calmon,https://www.ba.gov.br/cultura/22/fundacao-pedro-calmon
Fundação Municipal de Cultura | Prefeitura de Belo Horizonte,municipal,Brasil,noticia,Biblioteca Pública Infantil e Juvenil,outro,nao identificado,nao identificado,cultura,,-18,,https://prefeitura.pbh.gov.br/fundacao-municipal-de-cultura/biblioteca-infantil-e-juvenil,https://prefeitura.pbh.gov.br/fundacao-municipal-de-cultura
Programa de Desenvolvimento do Audiovisual Mineiro,estadual,Brasil,noticia,Política Nacional Aldir Blanc (PNAB) Política Nacional Aldir Blanc (PNAB) Consulta Pública Simplificada Fóruns Setoriais Legislação Valores e Materiais,outro,nao identificado,nao identificado,cultura,,-18,,https://www.secult.mg.gov.br/documentos/plataformas/plataforma-digital-fomento-e-incentivo-a-cultura,https://www.secult.mg.gov.br/documentos/plataformas/plataforma-digital-fomento-e-incentivo-a-cultura
ANCINE,federal,Brasil,noticia,"GOV.BR GOV.BR Serviços Buscar serviços por Categorias Órgãos Estados Serviços por público alvo Cidadãos Empresas Órgãos e Entidades Públicas Demais segmentos (ONGs, organizações sociais, etc) Servidor Público Temas em Destaque Orçamento Nacional Redes de Atendimento do Governo Federal P GOV.BR Serviços Buscar serviços por Categorias Órgãos Estados Serviços por público alvo Cidadãos Empresas Órgãos e Entidades Públicas Demais segmentos (ONGs, organizações sociais, etc) Servidor Público Temas em Destaque Orçamento Na",outro,nao identificado,nao identificado,inovacao,,-20,,https://www.gov.br/ancine/pt-br/pagina-inicial,https://gov.br/ancine
Agência Nacional do Cinema,federal,Brasil,noticia,"Comunicações e Transparência Pública Serviços relacionados à fiscalização e regulamentação do setor de telecomunicações, transparência e comunicação pública. Agricultura e Pecuária Serviços relacionados ao apoio e promoção à produção agrícola no país, exportação dos produtos agrícolas, entre outros. Assistência Social Serviços relacionados à proteção e assistência a indivíduos e comunidades em situação de vulnerabilidade, entre outros",outro,producao,producao_obra,cultura,,-20,,https://www.gov.br/pt-br/categorias?id=comunicacoes-e-transparencia-publica,https://gov.br
Agência Nacional do Cinema,federal,Brasil,noticia,"Educação e Pesquisa Serviços destinados a quem deseja estudar no ensino superior, a servidores da educação pública, entre outros. Agricultura e Pecuária Serviços relacionados ao apoio e promoção à produção agrícola no país, exportação dos produtos agrícolas, entre outros. Assistência Social Serviços relacionados à proteção e assistência a indivíduos e comunidades em situação de vulnerabilidade, entre outros",outro,producao,producao_obra,cultura,,-20,,https://www.gov.br/pt-br/categorias?id=educacao-e-pesquisa,https://gov.br
FCC - Fundação Catarinense de Cultura - HOME,federal,Brasil,noticia,"1 1 Exposição ""O Fio e o Som do Trabalho"" Biblioteca Pública de Santa Catarina Exposição fotográfica ""Ponte Hercílio Luz - A Velha Senhora faz 100 anos"" Biblioteca Pública de Santa Catarina Exposição ""Navegando com o Cortejo"" 00:00 Espaço Oficinas Jayro Schmidt - No Centro Integrad",formacao,nao identificado,formacao_mentoria,cultura,,-20,,https://cultura.sc.gov.br,https://cultura.sc.gov.br
FCC - Fundação Catarinense de Cultura - HOME,federal,Brasil,noticia,"2 2 Exposição ""O Fio e o Som do Trabalho"" Biblioteca Pública de Santa Catarina Exposição fotográfica ""Ponte Hercílio Luz - A Velha Senhora faz 100 anos"" Biblioteca Pública de Santa Catarina Exposição ""Navegando com o Cortejo"" 00:00 Espaço Oficinas Jayro Schmidt - No Centro Integrad",formacao,nao identificado,formacao_mentoria,cultura,,-20,,https://cultura.sc.gov.br,https://cultura.sc.gov.br
FCC - Fundação Catarinense de Cultura - HOME,federal,Brasil,noticia,"29 29 Exposição ""O Fio e o Som do Trabalho"" Biblioteca Pública de Santa Catarina Exposição ""Correspondências da História: Postais da Ponte Hercílio Luz"" Biblioteca Pública de Santa Catarina Exposição ""Navegando com o Cortejo"" 00:00 Espaço Oficinas Jayro Schmidt - No Centro Integrado",formacao,nao identificado,formacao_mentoria,cultura,,-20,,https://cultura.sc.gov.br,https://cultura.sc.gov.br
FCC - Fundação Catarinense de Cultura - HOME,federal,Brasil,noticia,"30 30 Exposição ""Correspondências da História: Postais da Ponte Hercílio Luz"" Biblioteca Pública de Santa Catarina Exposição ""Navegando com o Cortejo"" 00:00 Espaço Oficinas Jayro Schmidt - No Centro Integrado de Cultura (CIC) Exposição ""Da Potência imagética da Cidade"" Museu de Arte",formacao,nao identificado,formacao_mentoria,cultura,,-20,,https://cultura.sc.gov.br,https://cultura.sc.gov.br
FCC - Fundação Catarinense de Cultura - HOME,federal,Brasil,noticia,"5 5 Exposição ""Meu Boizinho"" Biblioteca Pública de Santa Catarina Exposição ""O Fio e o Som do Trabalho"" Biblioteca Pública de Santa Catarina Exposição ""Navegando com o Cortejo"" 00:00 Espaço Oficinas Jayro Schmidt - No Centro Integrado de Cultura (CIC) Exposição “Viagem à aurora do",formacao,nao identificado,formacao_mentoria,cultura,,-20,,https://cultura.sc.gov.br,https://cultura.sc.gov.br
FCC - Fundação Catarinense de Cultura - HOME,federal,Brasil,noticia,"6 6 Exposição ""Meu Boizinho"" Biblioteca Pública de Santa Catarina Exposição ""O Fio e o Som do Trabalho"" Biblioteca Pública de Santa Catarina Exposição ""Navegando com o Cortejo"" 00:00 Espaço Oficinas Jayro Schmidt - No Centro Integrado de Cultura (CIC) Exposição “Viagem à aurora do",formacao,nao identificado,formacao_mentoria,cultura,,-20,,https://cultura.sc.gov.br,https://cultura.sc.gov.br
FCC - Fundação Catarinense de Cultura - HOME,federal,Brasil,noticia,"7 7 Exposição ""Meu Boizinho"" Biblioteca Pública de Santa Catarina Exposição ""O Fio e o Som do Trabalho"" Biblioteca Pública de Santa Catarina Exposição ""Navegando com o Cortejo"" 00:00 Espaço Oficinas Jayro Schmidt - No Centro Integrado de Cultura (CIC) Exposição “Viagem à aurora do",formacao,nao identificado,formacao_mentoria,cultura,,-20,,https://cultura.sc.gov.br,https://cultura.sc.gov.br
FCC - Fundação Catarinense de Cultura - HOME,federal,Brasil,noticia,A FCC A FCC Sobre Histórico Missão e Visão Presidente da FCC Ex-dirigentes Fale Conosco Diretoria de Arte e Cultura Escolinha de Arte Oficinas de Arte Teatro Ademir Rosa TAC MASC MIS/SC Salas Lindolf Bell Teatro Pedro Ivo Sistema de Bibliotecas Públicas de Santa Catarina Diretoria de P A FCC Sobre Histórico Missão e Visão Presidente da FCC Ex-dirigentes Fale Conosco Diretoria de Arte e Cultura Escolinha de Arte Oficinas de Arte Teatro Ademir Rosa TAC MASC MIS/SC Salas Lindolf Bell Teatro Pedro Ivo Sistema de Biblio,formacao,nao identificado,formacao_mentoria,cultura,,-20,,https://cultura.sc.gov.br/,https://cultura.sc.gov.br
FCC - Fundação Catarinense de Cultura - HOME,federal,Brasil,noticia,Diretoria de Arte e Cultura Diretoria de Arte e Cultura Escolinha de Arte Oficinas de Arte Teatro Ademir Rosa TAC MASC MIS/SC Salas Lindolf Bell Teatro Pedro Ivo Sistema de Bibliotecas Públicas de Santa Catarina,formacao,nao identificado,formacao_mentoria,cultura,,-20,,https://cultura.sc.gov.br/a-fcc/diretoria-de-arte-e-cultura,https://cultura.sc.gov.br
FCC - Fundação Catarinense de Cultura - HOME,federal,Brasil,noticia,"11 11 Exposição ""Correspondências da História: Postais da Ponte Hercílio Luz"" Biblioteca Pública de Santa Catarina Exposição ""Meu Boizinho"" Biblioteca Pública de Santa Catarina Exposição ""O Fio e o Som do Trabalho"" Biblioteca Pública de Santa Catarina Exposição ""Navegando com o Cort",outro,nao identificado,nao identificado,cultura,,-20,,https://cultura.sc.gov.br,https://cultura.sc.gov.br
FCC - Fundação Catarinense de Cultura - HOME,federal,Brasil,noticia,"12 12 Exposição ""Meu Boizinho"" Biblioteca Pública de Santa Catarina Exposição ""Correspondências da História: Postais da Ponte Hercílio Luz"" Biblioteca Pública de Santa Catarina Exposição ""O Fio e o Som do Trabalho"" Biblioteca Pública de Santa Catarina Exposição ""Navegando com o Cort",outro,nao identificado,nao identificado,cultura,,-20,,https://cultura.sc.gov.br,https://cultura.sc.gov.br
FCC - Fundação Catarinense de Cultura - HOME,federal,Brasil,noticia,"13 13 Exposição ""Meu Boizinho"" Biblioteca Pública de Santa Catarina Exposição ""Correspondências da História: Postais da Ponte Hercílio Luz"" Biblioteca Pública de Santa Catarina Exposição ""O Fio e o Som do Trabalho"" Biblioteca Pública de Santa Catarina Exposição ""Navegando com o Cort",outro,nao identificado,nao identificado,cultura,,-20,,https://cultura.sc.gov.br,https://cultura.sc.gov.br
FCC - Fundação Catarinense de Cultura - HOME,federal,Brasil,noticia,"14 14 Exposição ""Meu Boizinho"" Biblioteca Pública de Santa Catarina Exposição ""Correspondências da História: Postais da Ponte Hercílio Luz"" Biblioteca Pública de Santa Catarina Exposição ""O Fio e o Som do Trabalho"" Biblioteca Pública de Santa Catarina Exposição ""Navegando com o Cort",outro,nao identificado,nao identificado,cultura,,-20,,https://cultura.sc.gov.br,https://cultura.sc.gov.br
FCC - Fundação Catarinense de Cultura - HOME,federal,Brasil,noticia,"15 15 Exposição ""Meu Boizinho"" Biblioteca Pública de Santa Catarina Exposição ""Correspondências da História: Postais da Ponte Hercílio Luz"" Biblioteca Pública de Santa Catarina Exposição ""O Fio e o Som do Trabalho"" Biblioteca Pública de Santa Catarina Exposição ""Navegando com o Cort",outro,nao identificado,nao identificado,cultura,,-20,,https://cultura.sc.gov.br,https://cultura.sc.gov.br
FCC - Fundação Catarinense de Cultura - HOME,federal,Brasil,noticia,"16 16 Exposição ""O Fio e o Som do Trabalho"" Biblioteca Pública de Santa Catarina Exposição ""Meu Boizinho"" Biblioteca Pública de Santa Catarina Exposição ""Correspondências da História: Postais da Ponte Hercílio Luz"" Biblioteca Pública de Santa Catarina Exposição ""Navegando com o Cort",outro,nao identificado,nao identificado,cultura,,-20,,https://cultura.sc.gov.br,https://cultura.sc.gov.br
FCC - Fundação Catarinense de Cultura - HOME,federal,Brasil,noticia,"18 18 Exposição ""Correspondências da História: Postais da Ponte Hercílio Luz"" Biblioteca Pública de Santa Catarina Exposição ""Meu Boizinho"" Biblioteca Pública de Santa Catarina Exposição ""O Fio e o Som do Trabalho"" Biblioteca Pública de Santa Catarina Exposição ""Navegando com o Cort",outro,nao identificado,nao identificado,cultura,,-20,,https://cultura.sc.gov.br,https://cultura.sc.gov.br
FCC - Fundação Catarinense de Cultura - HOME,federal,Brasil,noticia,"19 19 Exposição ""Meu Boizinho"" Biblioteca Pública de Santa Catarina Exposição ""O Fio e o Som do Trabalho"" Biblioteca Pública de Santa Catarina Exposição ""Correspondências da História: Postais da Ponte Hercílio Luz"" Biblioteca Pública de Santa Catarina Exposição ""Navegando com o Cort",outro,nao identificado,nao identificado,cultura,,-20,,https://cultura.sc.gov.br,https://cultura.sc.gov.br
FCC - Fundação Catarinense de Cultura - HOME,federal,Brasil,noticia,"20 20 Exposição ""Meu Boizinho"" Biblioteca Pública de Santa Catarina Exposição ""O Fio e o Som do Trabalho"" Biblioteca Pública de Santa Catarina Exposição ""Correspondências da História: Postais da Ponte Hercílio Luz"" Biblioteca Pública de Santa Catarina Exposição ""Navegando com o Cort",outro,nao identificado,nao identificado,cultura,,-20,,https://cultura.sc.gov.br,https://cultura.sc.gov.br
FCC - Fundação Catarinense de Cultura - HOME,federal,Brasil,noticia,"21 21 Exposição ""O Fio e o Som do Trabalho"" Biblioteca Pública de Santa Catarina Exposição ""Meu Boizinho"" Biblioteca Pública de Santa Catarina Exposição ""Correspondências da História: Postais da Ponte Hercílio Luz"" Biblioteca Pública de Santa Catarina Exposição ""Navegando com o Cort",outro,nao identificado,nao identificado,cultura,,-20,,https://cultura.sc.gov.br,https://cultura.sc.gov.br
FCC - Fundação Catarinense de Cultura - HOME,federal,Brasil,noticia,"22 22 Exposição ""O Fio e o Som do Trabalho"" Biblioteca Pública de Santa Catarina Exposição ""Meu Boizinho"" Biblioteca Pública de Santa Catarina Exposição ""Correspondências da História: Postais da Ponte Hercílio Luz"" Biblioteca Pública de Santa Catarina Exposição ""Navegando com o Cort",outro,nao identificado,nao identificado,cultura,,-20,,https://cultura.sc.gov.br,https://cultura.sc.gov.br
FCC - Fundação Catarinense de Cultura - HOME,federal,Brasil,noticia,"23 23 Exposição ""Meu Boizinho"" Biblioteca Pública de Santa Catarina Exposição ""Correspondências da História: Postais da Ponte Hercílio Luz"" Biblioteca Pública de Santa Catarina Exposição ""O Fio e o Som do Trabalho"" Biblioteca Pública de Santa Catarina Exposição ""Navegando com o Cort",outro,nao identificado,nao identificado,cultura,,-20,,https://cultura.sc.gov.br,https://cultura.sc.gov.br
FCC - Fundação Catarinense de Cultura - HOME,federal,Brasil,noticia,"25 25 Exposição ""Correspondências da História: Postais da Ponte Hercílio Luz"" Biblioteca Pública de Santa Catarina Exposição ""Meu Boizinho"" Biblioteca Pública de Santa Catarina Exposição ""O Fio e o Som do Trabalho"" Biblioteca Pública de Santa Catarina Exposição ""Navegando com o Cort",outro,nao identificado,nao identificado,cultura,,-20,,https://cultura.sc.gov.br,https://cultura.sc.gov.br
FCC - Fundação Catarinense de Cultura - HOME,federal,Brasil,noticia,"26 26 Exposição ""O Fio e o Som do Trabalho"" Biblioteca Pública de Santa Catarina Exposição ""Meu Boizinho"" Biblioteca Pública de Santa Catarina Exposição ""Correspondências da História: Postais da Ponte Hercílio Luz"" Biblioteca Pública de Santa Catarina Exposição ""Navegando com o Cort",outro,nao identificado,nao identificado,cultura,,-20,,https://cultura.sc.gov.br,https://cultura.sc.gov.br
FCC - Fundação Catarinense de Cultura - HOME,federal,Brasil,noticia,"27 27 Exposição ""Meu Boizinho"" Biblioteca Pública de Santa Catarina Exposição ""Correspondências da História: Postais da Ponte Hercílio Luz"" Biblioteca Pública de Santa Catarina Exposição ""O Fio e o Som do Trabalho"" Biblioteca Pública de Santa Catarina Exposição ""Navegando com o Cort",outro,nao identificado,nao identificado,cultura,,-20,,https://cultura.sc.gov.br,https://cultura.sc.gov.br
FCC - Fundação Catarinense de Cultura - HOME,federal,Brasil,noticia,"28 28 Exposição ""Meu Boizinho"" Biblioteca Pública de Santa Catarina Exposição ""O Fio e o Som do Trabalho"" Biblioteca Pública de Santa Catarina Exposição ""Correspondências da História: Postais da Ponte Hercílio Luz"" Biblioteca Pública de Santa Catarina Exposição ""Navegando com o Cort",outro,nao identificado,nao identificado,cultura,,-20,,https://cultura.sc.gov.br,https://cultura.sc.gov.br
FCC - Fundação Catarinense de Cultura - HOME,federal,Brasil,noticia,"4 4 Exposição ""Meu Boizinho"" Biblioteca Pública de Santa Catarina Exposição fotográfica ""Ponte Hercílio Luz - A Velha Senhora faz 100 anos"" Biblioteca Pública de Santa Catarina Exposição ""O Fio e o Som do Trabalho"" Biblioteca Pública de Santa Catarina Exposição ""Navegando com o Cor",outro,nao identificado,nao identificado,cultura,,-20,,https://cultura.sc.gov.br,https://cultura.sc.gov.br
FCC - Fundação Catarinense de Cultura - HOME,federal,Brasil,noticia,"8 8 Exposição ""O Fio e o Som do Trabalho"" Biblioteca Pública de Santa Catarina Exposição ""Meu Boizinho"" Biblioteca Pública de Santa Catarina Exposição ""Correspondências da História: Postais da Ponte Hercílio Luz"" Biblioteca Pública de Santa Catarina Exposição ""Navegando com o Corte",outro,nao identificado,nao identificado,cultura,,-20,,https://cultura.sc.gov.br,https://cultura.sc.gov.br
FCC - Fundação Catarinense de Cultura - HOME,federal,Brasil,noticia,"9 9 Exposição ""Correspondências da História: Postais da Ponte Hercílio Luz"" Biblioteca Pública de Santa Catarina Exposição ""O Fio e o Som do Trabalho"" Biblioteca Pública de Santa Catarina Exposição ""Meu Boizinho"" Biblioteca Pública de Santa Catarina Exposição ""Navegando com o Corte",outro,nao identificado,nao identificado,cultura,,-20,,https://cultura.sc.gov.br,https://cultura.sc.gov.br
FCC - Fundação Catarinense de Cultura - HOME,federal,Brasil,noticia,Espaços Espaços Biblioteca Pública Galeria do Artesanato Casa da Literatura Catarinense Casa de Campo Casa dos Açores Casa José Boiteux CIC MASC MIS Museu Histórico Museu do Mar TAC Teatro Pedro Ivo Teatro Ademir Rosa,outro,nao identificado,nao identificado,cultura,,-20,,https://cultura.sc.gov.br/espacos,https://cultura.sc.gov.br
FCC - Fundação Catarinense de Cultura - HOME,federal,Brasil,noticia,Sistema de Bibliotecas Públicas de Santa Catarina,outro,nao identificado,nao identificado,cultura,,-20,,https://cultura.sc.gov.br/a-fcc/diretoria-de-arte-e-cultura/701-sistema-de-bibliotecas-publicas-de-santa-catarina,https://cultura.sc.gov.br
Fundacao Catarinense de Cultura,federal,Brasil,noticia,A FCC A FCC Sobre Histórico Missão e Visão Presidente da FCC Ex-dirigentes Fale Conosco Diretoria de Arte e Cultura Escolinha de Arte Oficinas de Arte Teatro Ademir Rosa TAC MASC MIS/SC Salas Lindolf Bell Teatro Pedro Ivo Sistema de Bibliotecas Públicas de Santa Catarina Diretoria de P A FCC Sobre Histórico Missão e Visão Presidente da FCC Ex-dirigentes Fale Conosco Diretoria de Arte e Cultura Escolinha de Arte Oficinas de Arte Teatro Ademir Rosa TAC MASC MIS/SC Salas Lindolf Bell Teatro Pedro Ivo Sistema de Biblio,formacao,nao identificado,formacao_mentoria,cultura,,-20,,https://fcc.sc.gov.br/,https://fcc.sc.gov.br/programacao
Fundacao Catarinense de Cultura,federal,Brasil,noticia,Diretoria de Arte e Cultura Diretoria de Arte e Cultura Escolinha de Arte Oficinas de Arte Teatro Ademir Rosa TAC MASC MIS/SC Salas Lindolf Bell Teatro Pedro Ivo Sistema de Bibliotecas Públicas de Santa Catarina,formacao,nao identificado,formacao_mentoria,cultura,,-20,,https://fcc.sc.gov.br/a-fcc/diretoria-de-arte-e-cultura,https://fcc.sc.gov.br/programacao
Fundacao Catarinense de Cultura,federal,Brasil,noticia,Biblioteca Pública de Santa Catarina - Biblioteca Pública de Santa Catarina Florianópolis,outro,nao identificado,nao identificado,inovacao,,-20,,https://fcc.sc.gov.br/espacos/biblioteca,https://fcc.sc.gov.br/espacos
Fundacao Catarinense de Cultura,federal,Brasil,noticia,Espaços Espaços Biblioteca Pública Galeria do Artesanato Casa da Literatura Catarinense Casa de Campo Casa dos Açores Casa José Boiteux CIC MASC MIS Museu Histórico Museu do Mar TAC Teatro Pedro Ivo Teatro Ademir Rosa,outro,nao identificado,nao identificado,cultura,,-20,,https://fcc.sc.gov.br/espacos,https://fcc.sc.gov.br/programacao
Fundacao Catarinense de Cultura,federal,Brasil,noticia,Florianópolis - Biblioteca Pública de Santa Catarina Florianópolis,outro,nao identificado,nao identificado,inovacao,,-20,,https://fcc.sc.gov.br/espacos/biblioteca,https://fcc.sc.gov.br/espacos
Fundacao Catarinense de Cultura,federal,Brasil,noticia,Sistema de Bibliotecas Públicas de Santa Catarina,outro,nao identificado,nao identificado,cultura,,-20,,https://fcc.sc.gov.br/a-fcc/diretoria-de-arte-e-cultura/701-sistema-de-bibliotecas-publicas-de-santa-catarina,https://fcc.sc.gov.br/programacao
Fundação Cultural Palmares,federal,Brasil,noticia,Apresentação,formacao,nao identificado,formacao_mentoria,cultura,,-20,2013,https://www.gov.br/palmares/pt-br/departamentos/informacao-e-referencia/centro-nacional-de-informacao-e-referencia-da-cultura-negra-2013-cnirc,https://gov.br/palmares
Fundação Cultural Palmares,federal,Brasil,noticia,Auditorias,formacao,nao identificado,formacao_mentoria,inovacao,,-20,,https://www.gov.br/palmares/pt-br/acesso-a-informacao/auditorias,https://gov.br/palmares
Fundação Cultural Palmares,federal,Brasil,noticia,Ações e Programas,formacao,nao identificado,formacao_mentoria,inovacao,,-20,,https://www.gov.br/palmares/pt-br/acesso-a-informacao/acoes-e-programas,https://gov.br/palmares
Fundação Cultural Palmares,federal,Brasil,noticia,Campanha do Plano de Integridade Pública,formacao,nao identificado,formacao_mentoria,inovacao,,-20,,https://www.gov.br/palmares/pt-br/acesso-a-informacao/institucional/campanha-do-plano-de-integridade-publica,https://gov.br/palmares
Fundação Cultural Palmares,federal,Brasil,noticia,Clima Organizacional,formacao,nao identificado,formacao_mentoria,inovacao,,-20,,https://www.gov.br/palmares/pt-br/acesso-a-informacao/acoes-e-programas/clima-organizacional,https://gov.br/palmares
Fundação Cultural Palmares,federal,Brasil,noticia,Comissão de Ética,formacao,nao identificado,formacao_mentoria,inovacao,,-20,,https://www.gov.br/palmares/pt-br/acesso-a-informacao/institucional/comissao-de-etica,https://gov.br/palmares
Fundação Cultural Palmares,federal,Brasil,noticia,Concurso Palmares,formacao,nao identificado,formacao_mentoria,inovacao,,-20,,https://www.gov.br/palmares/pt-br/acesso-a-informacao/institucional/concurso-palmares,https://gov.br/palmares
Fundação Cultural Palmares,federal,Brasil,noticia,Convênios e Transferências,formacao,nao identificado,formacao_mentoria,inovacao,,-20,,https://www.gov.br/palmares/pt-br/acesso-a-informacao/convenios-e-transferencias,https://gov.br/palmares
Fundação Cultural Palmares,federal,Brasil,noticia,Corregedoria,formacao,nao identificado,formacao_mentoria,inovacao,,-20,,https://www.gov.br/palmares/pt-br/acesso-a-informacao/institucional/corregedoria,https://gov.br/palmares
Fundação Cultural Palmares,federal,Brasil,noticia,Curriculos,formacao,nao identificado,formacao_mentoria,inovacao,,-20,,https://www.gov.br/palmares/pt-br/acesso-a-informacao/institucional/curriculos,https://gov.br/palmares
Fundação Cultural Palmares,federal,Brasil,noticia,Horário de Atendimento,formacao,nao identificado,formacao_mentoria,inovacao,,-20,,https://www.gov.br/palmares/pt-br/acesso-a-informacao/institucional/horario-de-atendimento,https://gov.br/palmares
Fundação Cultural Palmares,federal,Brasil,noticia,Indicadores de Resultado e Impacto,formacao,nao identificado,formacao_mentoria,inovacao,,-20,,https://www.gov.br/palmares/pt-br/acesso-a-informacao/acoes-e-programas/indicadores-de-resultado-e-impacto,https://gov.br/palmares
Fundação Cultural Palmares,federal,Brasil,noticia,Informação e Referência Informação e Referência Apresentação Projeto Conhecendo a Nossa História: da África ao Brasil,formacao,nao identificado,formacao_mentoria,inovacao,,-20,,https://www.gov.br/palmares/pt-br/departamentos/informacao-e-referencia,https://gov.br/palmares
Fundação Cultural Palmares,federal,Brasil,noticia,Institucional,formacao,nao identificado,formacao_mentoria,inovacao,,-20,,https://www.gov.br/palmares/pt-br/acesso-a-informacao/institucional,https://gov.br/palmares
Fundação Cultural Palmares,federal,Brasil,noticia,Integridade,formacao,nao identificado,formacao_mentoria,inovacao,,-20,,https://www.gov.br/palmares/pt-br/acesso-a-informacao/institucional/programa-de-integridade,https://gov.br/palmares
Fundação Cultural Palmares,federal,Brasil,noticia,Legislação,formacao,nao identificado,formacao_mentoria,inovacao,,-20,,https://www.gov.br/palmares/pt-br/acesso-a-informacao/institucional/legislacao-e-regimento,https://gov.br/palmares
Fundação Cultural Palmares,federal,Brasil,noticia,Legislação e Regimento,formacao,nao identificado,formacao_mentoria,inovacao,,-20,,https://www.gov.br/palmares/pt-br/acesso-a-informacao/institucional/legislacao-e-regimento,https://gov.br/palmares
Fundação Cultural Palmares,federal,Brasil,noticia,Licitações,formacao,nao identificado,formacao_mentoria,inovacao,,-20,,https://www.gov.br/palmares/pt-br/acesso-a-informacao/licitacoes,https://gov.br/palmares
Fundação Cultural Palmares,federal,Brasil,noticia,Manual de Metodologia de Gestão de Riscos,formacao,nao identificado,formacao_mentoria,inovacao,,-20,,https://www.gov.br/palmares/pt-br/acesso-a-informacao/acoes-e-programas/metodologia-de-gestao-de-riscos,https://gov.br/palmares
Fundação Cultural Palmares,federal,Brasil,noticia,Manual sobre Tratamento de Conflito de Interesses,formacao,nao identificado,formacao_mentoria,inovacao,,-20,,https://www.gov.br/palmares/pt-br/acesso-a-informacao/acoes-e-programas/manual-sobre-tratamento-de-conflito-de-interesses,https://gov.br/palmares
Fundação Cultural Palmares,federal,Brasil,noticia,Participação Social,formacao,nao identificado,formacao_mentoria,inovacao,,-20,,https://www.gov.br/palmares/pt-br/acesso-a-informacao/participacao-social,https://gov.br/palmares
Fundação Cultural Palmares,federal,Brasil,noticia,Perfil profissional desejável,formacao,nao identificado,formacao_mentoria,inovacao,,-20,,https://www.gov.br/palmares/pt-br/acesso-a-informacao/institucional/perfil-profissional-desejavel,https://gov.br/palmares
Fundação Cultural Palmares,federal,Brasil,noticia,Perguntas Frequentes,formacao,nao identificado,formacao_mentoria,inovacao,,-20,,https://www.gov.br/palmares/pt-br/acesso-a-informacao/perguntas-frequentes,https://gov.br/palmares
Fundação Cultural Palmares,federal,Brasil,noticia,Planejamento Estratégico,formacao,nao identificado,formacao_mentoria,inovacao,,-20,,https://www.gov.br/palmares/pt-br/acesso-a-informacao/institucional/planejamento-estrategico,https://gov.br/palmares
Fundação Cultural Palmares,federal,Brasil,noticia,Planejamento Estratégico,formacao,nao identificado,formacao_mentoria,inovacao,,-20,,https://www.gov.br/palmares/pt-br/acesso-a-informacao/acoes-e-programas/planejamento-estrategico,https://gov.br/palmares
Fundação Cultural Palmares,federal,Brasil,noticia,Plano Diretor,formacao,nao identificado,formacao_mentoria,inovacao,,-20,,https://www.gov.br/palmares/pt-br/acesso-a-informacao/institucional/plano-diretor,https://gov.br/palmares
Fundação Cultural Palmares,federal,Brasil,noticia,Plano Diretor de Tecnologia da Informação e Comunicação 2025-2027,formacao,nao identificado,formacao_mentoria,inovacao,,-20,2025,https://www.gov.br/palmares/pt-br/acesso-a-informacao/acoes-e-programas/plano-diretor-de-tecnologia-da-informacao-e-comunicacao-2025-2027-1,https://gov.br/palmares
Fundação Cultural Palmares,federal,Brasil,noticia,Plano Geral de Iniciativas,formacao,nao identificado,formacao_mentoria,inovacao,,-20,2023,https://www.gov.br/palmares/pt-br/acesso-a-informacao/acoes-e-programas/plano-geral-de-iniciativas-monitoramento-2023,https://gov.br/palmares
Fundação Cultural Palmares,federal,Brasil,noticia,Plano de Gestão de Logística Sustentável,formacao,nao identificado,formacao_mentoria,inovacao,,-20,,https://www.gov.br/palmares/pt-br/acesso-a-informacao/acoes-e-programas/plano-de-gestao-de-logistica-sustentavel,https://gov.br/palmares
Fundação Cultural Palmares,federal,Brasil,noticia,Plano de Integração à Plataforma de Cidadania Digital,formacao,nao identificado,formacao_mentoria,inovacao,,-20,,https://www.gov.br/palmares/pt-br/acesso-a-informacao/acoes-e-programas/plano-de-integracao-a-plataforma-de-cidadania-digital,https://gov.br/palmares
Fundação Cultural Palmares,federal,Brasil,noticia,Principais Resultados,formacao,nao identificado,formacao_mentoria,inovacao,,-20,,https://www.gov.br/palmares/pt-br/acesso-a-informacao/acoes-e-programas/principais-resultados,https://gov.br/palmares
Fundação Cultural Palmares,federal,Brasil,noticia,Programa de Gestão e Desempenho-PGD,formacao,nao identificado,formacao_mentoria,inovacao,,-20,,https://www.gov.br/palmares/pt-br/acesso-a-informacao/acoes-e-programas/programa-de-gestao-e-desempenho-pgd,https://gov.br/palmares
Fundação Cultural Palmares,federal,Brasil,noticia,Programa e Ações,formacao,nao identificado,formacao_mentoria,inovacao,,-20,,https://www.gov.br/palmares/pt-br/acesso-a-informacao/acoes-e-programas/programa-e-acoes,https://gov.br/palmares
Fundação Cultural Palmares,federal,Brasil,noticia,Projeto Conhecendo a Nossa História: da África ao Brasil,formacao,nao identificado,formacao_mentoria,inovacao,,-20,,https://www.gov.br/palmares/pt-br/departamentos/informacao-e-referencia/projeto-conhecendo-a-nossa-historia-da-africa-ao-brasil-1,https://gov.br/palmares
Fundação Cultural Palmares,federal,Brasil,noticia,Quem é Quem,formacao,nao identificado,formacao_mentoria,inovacao,,-20,,https://www.gov.br/palmares/pt-br/acesso-a-informacao/institucional/quem-e-quem,https://gov.br/palmares
Fundação Cultural Palmares,federal,Brasil,noticia,Receitas e Despesas,formacao,nao identificado,formacao_mentoria,inovacao,,-20,,https://www.gov.br/palmares/pt-br/acesso-a-informacao/receitas-e-despesas,https://gov.br/palmares
Fundação Cultural Palmares,federal,Brasil,noticia,Renúncia de Receita,formacao,nao identificado,formacao_mentoria,inovacao,,-20,,https://www.gov.br/palmares/pt-br/acesso-a-informacao/acoes-e-programas/renuncias-de-receitas,https://gov.br/palmares
Fundação Cultural Palmares,federal,Brasil,noticia,Representações Regionais,formacao,nao identificado,formacao_mentoria,inovacao,,-20,,https://www.gov.br/palmares/pt-br/acesso-a-informacao/institucional/representacoes-regionais,https://gov.br/palmares
Fundação Cultural Palmares,federal,Brasil,noticia,Servidores,formacao,nao identificado,formacao_mentoria,inovacao,,-20,,https://www.gov.br/palmares/pt-br/acesso-a-informacao/servidores,https://gov.br/palmares
Fundação Cultural Palmares,federal,Brasil,noticia,Serviço de Informação ao Cidadão – SIC,formacao,nao identificado,formacao_mentoria,inovacao,,-20,2013,https://www.gov.br/palmares/pt-br/acesso-a-informacao/servico-de-informacao-ao-cidadao-2013-sic,https://gov.br/palmares
Fundação Cultural Palmares,federal,Brasil,noticia,Transparência e Prestação de Contas,formacao,nao identificado,formacao_mentoria,inovacao,,-20,,https://www.gov.br/palmares/pt-br/acesso-a-informacao/transparencia-e-prestacao-de-contas,https://gov.br/palmares
Fundação Cultural Palmares,federal,Brasil,noticia,Unidade Responsável,formacao,nao identificado,formacao_mentoria,inovacao,,-20,,https://www.gov.br/palmares/pt-br/acesso-a-informacao/acoes-e-programas/unidade-e-responsavel,https://gov.br/palmares
Fundação Cultural Palmares,federal,Brasil,noticia,"GOV.BR GOV.BR Serviços Buscar serviços por Categorias Órgãos Estados Serviços por público alvo Cidadãos Empresas Órgãos e Entidades Públicas Demais segmentos (ONGs, organizações sociais, etc) Servidor Público Temas em Destaque Orçamento Nacional Redes de Atendimento do Governo Federal P GOV.BR Serviços Buscar serviços por Categorias Órgãos Estados Serviços por público alvo Cidadãos Empresas Órgãos e Entidades Públicas Demais segmentos (ONGs, organizações sociais, etc) Servidor Público Temas em Destaque Orçamento Na",outro,nao identificado,nao identificado,inovacao,,-20,,https://www.gov.br/palmares/pt-br/palmares,https://gov.br/palmares
Fundação Cultural Palmares,federal,Brasil,noticia,Lançamento do Mapeamento dos Terreiros do DF - 2018,outro,nao identificado,nao identificado,inovacao,,-20,2018,https://www.gov.br/palmares/pt-br/centrais-de-conteudo/imagens/lancamento-do-mapeamento-dos-terreiros-do-df-2018,https://gov.br/palmares
Fundação Cultural Palmares,federal,Brasil,noticia,SEI - Pesquisa Pública,outro,nao identificado,nao identificado,inovacao,,-20,,https://sei.palmares.gov.br/sei/modulos/pesquisa/md_pesq_processo_pesquisar.php?acao_externa=protocolo_pesquisar&acao_origem_externa=protocolo_pesquisar&id_orgao_acesso_externo=0,https://gov.br/palmares
Fundação Cultural Palmares,federal,Brasil,noticia,Transparência PÚBLICA,outro,nao identificado,nao identificado,inovacao,,-20,,https://portaldatransparencia.gov.br/,https://gov.br/palmares
Fundo Setorial do Audiovisual - FSA,federal,Brasil,noticia,Ações de Capacitação,formacao,nao identificado,formacao_mentoria,inovacao,,-20,,https://www.gov.br/ancine/pt-br/acesso-a-informacao/transparencia-prestacao-de-contas/acoes-de-capacitacao,https://www.gov.br/ancine/pt-br/fsa
Fundo Setorial do Audiovisual - FSA,federal,Brasil,noticia,Legislação Legislação Leis e Medidas Provisórias Decretos Atos e Acordos Portarias Externas Instruções Normativas Resoluções de Diretoria Colegiada Portarias da ANCINE Súmulas Deliberações e decisões da ANCINE,formacao,nao identificado,formacao_mentoria,inovacao,,-20,,https://www.gov.br/ancine/pt-br/acesso-a-informacao/legislacao,https://www.gov.br/ancine/pt-br/fsa
Fundo Setorial do Audiovisual - FSA,federal,Brasil,noticia,Participação Social,formacao,nao identificado,formacao_mentoria,inovacao,,-20,,https://www.gov.br/ancine/pt-br/acesso-a-informacao/participacao-social-novo/participacao-social-capa,https://www.gov.br/ancine/pt-br/fsa
Fundo Setorial do Audiovisual - FSA,federal,Brasil,noticia,Passo a passo para consulta de convênios e transferências no Portal da Transparência,formacao,nao identificado,formacao_mentoria,inovacao,,-20,,https://www.gov.br/ancine/pt-br/acesso-a-informacao/convenios-e-transferencias/passo-a-passo-para-consulta-de-convenios-no-portal-da-transparencia,https://www.gov.br/ancine/pt-br/fsa
Fundo Setorial do Audiovisual - FSA,federal,Brasil,noticia,Passo a passo para consulta de servidores no Portal da Transparência,formacao,nao identificado,formacao_mentoria,inovacao,,-20,,https://www.gov.br/ancine/pt-br/acesso-a-informacao/servidores/passo-passo-para-consulta-de-servidores-no-portal-da-transparencia,https://www.gov.br/ancine/pt-br/fsa
Fundo Setorial do Audiovisual - FSA,federal,Brasil,noticia,Passo a passo para consulta no Portal Transferegov.br,formacao,nao identificado,formacao_mentoria,inovacao,,-20,,https://www.gov.br/ancine/pt-br/acesso-a-informacao/convenios-e-transferencias/passo-a-passo-para-consulta-no-portal-de-convenios,https://www.gov.br/ancine/pt-br/fsa
Fundo Setorial do Audiovisual - FSA,federal,Brasil,noticia,Planejamento Institucional,formacao,nao identificado,formacao_mentoria,inovacao,,-20,,https://www.gov.br/ancine/pt-br/acesso-a-informacao/transparencia-prestacao-de-contas/planejamento-institucional-1,https://www.gov.br/ancine/pt-br/fsa
Fundo Setorial do Audiovisual - FSA,federal,Brasil,noticia,Portarias Externas,formacao,nao identificado,formacao_mentoria,inovacao,,-20,,https://www.gov.br/ancine/pt-br/acesso-a-informacao/legislacao/portarias-externas,https://www.gov.br/ancine/pt-br/fsa
Fundo Setorial do Audiovisual - FSA,federal,Brasil,noticia,Portarias da ANCINE,formacao,nao identificado,formacao_mentoria,inovacao,,-20,,https://www.gov.br/ancine/pt-br/acesso-a-informacao/legislacao/portarias,https://www.gov.br/ancine/pt-br/fsa
Fundo Setorial do Audiovisual - FSA,federal,Brasil,noticia,Produtos e Resultados Gerados,formacao,nao identificado,formacao_mentoria,inovacao,,-20,,https://www.gov.br/ancine/pt-br/acesso-a-informacao/transparencia-prestacao-de-contas/produtos-e-resultados-gerados,https://www.gov.br/ancine/pt-br/fsa
Fundo Setorial do Audiovisual - FSA,federal,Brasil,noticia,Remunerações,formacao,nao identificado,formacao_mentoria,inovacao,,-20,,https://www.gov.br/ancine/pt-br/acesso-a-informacao/transparencia-prestacao-de-contas/remuneracoes,https://www.gov.br/ancine/pt-br/fsa
Fundo Setorial do Audiovisual - FSA,federal,Brasil,noticia,Rol de Responsáveis,formacao,nao identificado,formacao_mentoria,inovacao,,-20,,https://www.gov.br/ancine/pt-br/acesso-a-informacao/transparencia-prestacao-de-contas/rol-de-responsaveis-1,https://www.gov.br/ancine/pt-br/fsa
Fundo Setorial do Audiovisual - FSA,federal,Brasil,noticia,"Supervisão, Controle e Correição",formacao,nao identificado,formacao_mentoria,inovacao,,-20,,https://www.gov.br/ancine/pt-br/acesso-a-informacao/transparencia-prestacao-de-contas/supervisao-controle-e-correicao-1,https://www.gov.br/ancine/pt-br/fsa
Fundo Setorial do Audiovisual - FSA,federal,Brasil,noticia,Servidores Servidores Passo a passo para consulta de servidores no Portal da Transparência Concursos Públicos Terceirizados Programa de Estágio,trabalho,nao identificado,formacao_mentoria,inovacao,,-20,,https://www.gov.br/ancine/pt-br/acesso-a-informacao/servidores,https://www.gov.br/ancine/pt-br/fsa
INCAA,outro,Não identificado,noticia,Solicitar información,outro,nao identificado,nao identificado,inovacao,,-20,,https://www.incaa.gob.ar/transparencia/solicitar-informacion/,https://incaa.gob.ar
INCAA,outro,Não identificado,noticia,"Transparencia Transparencia Misión y servicios a la ciudadanía Organigrama, autoridades y personal Solicitar información Ver toda la información de transparencia de este organismo",outro,nao identificado,nao identificado,inovacao,,-20,,https://www.incaa.gob.ar,https://incaa.gob.ar
INCAA,outro,Não identificado,noticia,Ver toda la información de transparencia de este organismo,outro,nao identificado,nao identificado,inovacao,,-20,,https://www.incaa.gob.ar/transparencia/,https://incaa.gob.ar
MinC,federal,Brasil,noticia,Assistência Direta Novo Bolsa Família (PBF) Vida Financeira Novo Novo Desenrola Brasil - Famílias Crimes Celular Seguro Assistência Direta Novo Bolsa Família (PBF) Capacitações e Informações Obter Classificação indicativa (Classind),bolsa,nao identificado,nao identificado,inovacao,,-20,,https://www.gov.br/pt-br/servicos/receber-o-bolsa-familia?origem=destaque_inst,https://gov.br/cultura
MinC,federal,Brasil,noticia,Capacitações e Informações Obter Classificação indicativa (Classind) Vida Financeira Novo Novo Desenrola Brasil - Famílias Crimes Celular Seguro Assistência Direta Novo Bolsa Família (PBF) Capacitações e Informações Obter Classificação indicativa (Classind),bolsa,nao identificado,nao identificado,inovacao,,-20,,https://www.gov.br/pt-br/servicos/obter-classificacao-indicativa?origem=destaque_inst,https://gov.br/cultura
MinC,federal,Brasil,noticia,Crimes Celular Seguro Vida Financeira Novo Novo Desenrola Brasil - Famílias Crimes Celular Seguro Assistência Direta Novo Bolsa Família (PBF) Capacitações e Informações Obter Classificação indicativa (Classind),bolsa,nao identificado,nao identificado,inovacao,,-20,,https://www.gov.br/pt-br/servicos/comunicar-roubo-furto-de-aparelho-pelo-aplicativo-celular-seguro?origem=destaque_inst,https://gov.br/cultura
MinC,federal,Brasil,noticia,Vida Financeira Novo Novo Desenrola Brasil - Famílias Vida Financeira Novo Novo Desenrola Brasil - Famílias Crimes Celular Seguro Assistência Direta Novo Bolsa Família (PBF) Capacitações e Informações Obter Classificação indicativa (Classind),bolsa,nao identificado,nao identificado,inovacao,,-20,,https://www.gov.br/pt-br/servicos/novo-desenrola-brasil-familias?origem=destaque_inst,https://gov.br/cultura
MinC,federal,Brasil,noticia,Canais de Atendimento Canais de Atendimento Ouvidoria Serviço de Informação ao Cidadão (SIC) Peticionamento Eletrônico Protocolo GOV.BR Protocolo Integrado Carta de Serviços Fale Conosco,formacao,nao identificado,formacao_mentoria,cultura,,-20,,https://www.gov.br/cultura/pt-br/canais_atendimento,https://gov.br/cultura
MinC,federal,Brasil,noticia,Horário de Atendimento,formacao,nao identificado,formacao_mentoria,cultura,,-20,,https://www.gov.br/cultura/pt-br/acesso-a-informacao/institucional/horario-de-atendimento,https://gov.br/cultura
MinC,federal,Brasil,noticia,Mapa dos Eventos Literários,formacao,nao identificado,formacao_mentoria,cultura,,-20,,https://www.gov.br/cultura/pt-br/acesso-a-informacao/perguntas-frequentes/mapa-dos-eventos-literarios-1,https://gov.br/cultura
MinC,federal,Brasil,noticia,Plano Nacional do Livro e Leitura,formacao,nao identificado,formacao_mentoria,cultura,,-20,,https://www.gov.br/cultura/pt-br/acesso-a-informacao/perguntas-frequentes/plano-nacional-do-livro-e-leitura,https://gov.br/cultura
MinC,federal,Brasil,noticia,Planos de Contratações Anuais,formacao,nao identificado,formacao_mentoria,cultura,,-20,,https://www.gov.br/cultura/pt-br/acesso-a-informacao/licitacoes-e-contratos/calendario-de-contratacoes,https://gov.br/cultura
MinC,federal,Brasil,noticia,Transparência,formacao,nao identificado,formacao_mentoria,cultura,,-20,,https://www.gov.br/cultura/pt-br/acesso-a-informacao/transparencia,https://gov.br/cultura
MinC,federal,Brasil,noticia,Transparência e Prestação de Contas,formacao,nao identificado,formacao_mentoria,cultura,,-20,,https://www.gov.br/cultura/pt-br/acesso-a-informacao/transparencia-e-prestacao-de-contas,https://gov.br/cultura
MinC,federal,Brasil,noticia,"GOV.BR GOV.BR Serviços Buscar serviços por Categorias Órgãos Estados Serviços por público alvo Cidadãos Empresas Órgãos e Entidades Públicas Demais segmentos (ONGs, organizações sociais, etc) Servidor Público Temas em Destaque Orçamento Nacional Redes de Atendimento do Governo Federal P GOV.BR Serviços Buscar serviços por Categorias Órgãos Estados Serviços por público alvo Cidadãos Empresas Órgãos e Entidades Públicas Demais segmentos (ONGs, organizações sociais, etc) Servidor Público Temas em Destaque Orçamento Na",outro,nao identificado,nao identificado,cultura,,-20,,https://www.gov.br/cultura/pt-br/pagina-inicial,https://gov.br/cultura
MinC,federal,Brasil,noticia,PARTICIPAÇÃO SOCIAL PARTICIPAÇÃO SOCIAL CONSELHO ESTADUAL DE CULTURA DA BAHIA VI CONFERÊNCIA ESTADUAL DE CULTURA COLEGIADOS PROGRAMA CONSELHOS DE CULTURA EM FOCO ESCUTAS PÚBLICAS,outro,nao identificado,nao identificado,cultura,,-20,,https://ba.gov.br/cultura,https://ba.gov.br/cultura
MinC,federal,Brasil,noticia,Programa Goyazes: Publicado resultado preliminar de “Demais Áreas artístico-culturais”,outro,nao identificado,nao identificado,cultura,,-20,,https://goias.gov.br/cultura/programa-goyazes-publicado-resultado-preliminar-de-demais-areas-artistico-culturais/,https://goias.gov.br/cultura
MinC,federal,Brasil,noticia,"Serviços Serviços Buscar serviços por Categorias Órgãos Estados Serviços por público alvo Cidadãos Empresas Órgãos e Entidades Públicas Demais segmentos (ONGs, organizações sociais, etc) Servidor Público",outro,nao identificado,nao identificado,inovacao,,-20,,https://www.gov.br/pt-br/servicos,https://gov.br/cultura
MinC,federal,Brasil,noticia,Órgãos e Entidades Públicas,outro,nao identificado,nao identificado,inovacao,,-20,,https://www.gov.br/pt-br/servicos/listar_servicos_segmento?segmento=publico_alvo_orgaos,https://gov.br/cultura
Programa de Desenvolvimento do Audiovisual Mineiro,estadual,Brasil,noticia,"+ - A bolsa cultural para pessoas físicas sofre incidência de imposto de renda? Click to collapse Lei Paulo Gustavo 21 Julho 2023 Dúvidas A Secretaria de Estado de Cultura e Turismo esclarece as principais dúvidas para manter a transparência do processo relacionado à Lei Paulo Gustavo em Minas Gerais. Reunimos abaixo lives de esclarecimentos e os questionamentos mais frequentes com as respectivas respostas, a fim de sanar as principais dúvidas e compartilhar com o público as informações necessárias, reforçando a",bolsa,nao identificado,nao identificado,cultura,,-20,2023,https://www.secult.mg.gov.br/documentos/lei-paulo-gustavo-lpg/duvidas,https://www.secult.mg.gov.br/documentos/lei-paulo-gustavo-lpg/duvidas
Programa de Desenvolvimento do Audiovisual Mineiro,estadual,Brasil,noticia,"+ - Na aplicação de recursos em bolsas e premiações culturais, haverá a incidência de tributos? Click to collapse Lei Paulo Gustavo 21 Julho 2023 Dúvidas A Secretaria de Estado de Cultura e Turismo esclarece as principais dúvidas para manter a transparência do processo relacionado à Lei Paulo Gustavo em Minas Gerais. Reunimos abaixo lives de esclarecimentos e os questionamentos mais frequentes com as respectivas respostas, a fim de sanar as principais dúvidas e compartilhar com o público as informações necessárias,",formacao,nao identificado,formacao_mentoria,cultura,,-20,2023,https://www.secult.mg.gov.br/documentos/lei-paulo-gustavo-lpg/duvidas,https://www.secult.mg.gov.br/documentos/lei-paulo-gustavo-lpg/duvidas
Programa de Desenvolvimento do Audiovisual Mineiro,estadual,Brasil,noticia,"+ - A Secult irá cumprir o cronograma existente? Click to collapse Lei Paulo Gustavo 21 Julho 2023 Dúvidas A Secretaria de Estado de Cultura e Turismo esclarece as principais dúvidas para manter a transparência do processo relacionado à Lei Paulo Gustavo em Minas Gerais. Reunimos abaixo lives de esclarecimentos e os questionamentos mais frequentes com as respectivas respostas, a fim de sanar as principais dúvidas e compartilhar com o público as informações necessárias, reforçando a",outro,nao identificado,nao identificado,cultura,,-20,2023,https://www.secult.mg.gov.br/documentos/lei-paulo-gustavo-lpg/duvidas,https://www.secult.mg.gov.br/documentos/lei-paulo-gustavo-lpg/duvidas
Programa de Desenvolvimento do Audiovisual Mineiro,estadual,Brasil,noticia,"+ - A contrapartida deve ser inserida na planilha orçamentária padrão da Secult? Click to collapse Lei Paulo Gustavo 21 Julho 2023 Dúvidas A Secretaria de Estado de Cultura e Turismo esclarece as principais dúvidas para manter a transparência do processo relacionado à Lei Paulo Gustavo em Minas Gerais. Reunimos abaixo lives de esclarecimentos e os questionamentos mais frequentes com as respectivas respostas, a fim de sanar as principais dúvidas e compartilhar com o público as informações necessárias, reforçando a",outro,nao identificado,nao identificado,cultura,,-20,2023,https://www.secult.mg.gov.br/documentos/lei-paulo-gustavo-lpg/duvidas,https://www.secult.mg.gov.br/documentos/lei-paulo-gustavo-lpg/duvidas
Programa de Desenvolvimento do Audiovisual Mineiro,estadual,Brasil,noticia,"+ - A contrapartida tem algum limite de valor a ser obedecido? Click to collapse Lei Paulo Gustavo 21 Julho 2023 Dúvidas A Secretaria de Estado de Cultura e Turismo esclarece as principais dúvidas para manter a transparência do processo relacionado à Lei Paulo Gustavo em Minas Gerais. Reunimos abaixo lives de esclarecimentos e os questionamentos mais frequentes com as respectivas respostas, a fim de sanar as principais dúvidas e compartilhar com o público as informações necessárias, reforçando a",outro,nao identificado,nao identificado,cultura,,-20,2023,https://www.secult.mg.gov.br/documentos/lei-paulo-gustavo-lpg/duvidas,https://www.secult.mg.gov.br/documentos/lei-paulo-gustavo-lpg/duvidas
Programa de Desenvolvimento do Audiovisual Mineiro,estadual,Brasil,noticia,"+ - Como faço para me inscrever? Click to collapse Lei Paulo Gustavo 21 Julho 2023 Dúvidas A Secretaria de Estado de Cultura e Turismo esclarece as principais dúvidas para manter a transparência do processo relacionado à Lei Paulo Gustavo em Minas Gerais. Reunimos abaixo lives de esclarecimentos e os questionamentos mais frequentes com as respectivas respostas, a fim de sanar as principais dúvidas e compartilhar com o público as informações necessárias, reforçando a",outro,nao identificado,nao identificado,cultura,,-20,2023,https://www.secult.mg.gov.br/documentos/lei-paulo-gustavo-lpg/duvidas,https://www.secult.mg.gov.br/documentos/lei-paulo-gustavo-lpg/duvidas
Programa de Desenvolvimento do Audiovisual Mineiro,estadual,Brasil,noticia,"+ - Como posso participar? Click to collapse Lei Paulo Gustavo 21 Julho 2023 Dúvidas A Secretaria de Estado de Cultura e Turismo esclarece as principais dúvidas para manter a transparência do processo relacionado à Lei Paulo Gustavo em Minas Gerais. Reunimos abaixo lives de esclarecimentos e os questionamentos mais frequentes com as respectivas respostas, a fim de sanar as principais dúvidas e compartilhar com o público as informações necessárias, reforçando a",outro,nao identificado,nao identificado,cultura,,-20,2023,https://www.secult.mg.gov.br/documentos/lei-paulo-gustavo-lpg/duvidas,https://www.secult.mg.gov.br/documentos/lei-paulo-gustavo-lpg/duvidas
Programa de Desenvolvimento do Audiovisual Mineiro,estadual,Brasil,noticia,"+ - E quanto à incidência de Imposto Sobre Serviços de Qualquer Natureza (ISSQN)? Click to collapse Lei Paulo Gustavo 21 Julho 2023 Dúvidas A Secretaria de Estado de Cultura e Turismo esclarece as principais dúvidas para manter a transparência do processo relacionado à Lei Paulo Gustavo em Minas Gerais. Reunimos abaixo lives de esclarecimentos e os questionamentos mais frequentes com as respectivas respostas, a fim de sanar as principais dúvidas e compartilhar com o público as informações necessárias, reforçando a",outro,nao identificado,nao identificado,cultura,,-20,2023,https://www.secult.mg.gov.br/documentos/lei-paulo-gustavo-lpg/duvidas,https://www.secult.mg.gov.br/documentos/lei-paulo-gustavo-lpg/duvidas
Programa de Desenvolvimento do Audiovisual Mineiro,estadual,Brasil,noticia,"+ - Eu ainda não tenho definido as cidades exatas onde irei executar a ação cultural, como proceder? Click to collapse Lei Paulo Gustavo 21 Julho 2023 Dúvidas A Secretaria de Estado de Cultura e Turismo esclarece as principais dúvidas para manter a transparência do processo relacionado à Lei Paulo Gustavo em Minas Gerais. Reunimos abaixo lives de esclarecimentos e os questionamentos mais frequentes com as respectivas respostas, a fim de sanar as principais dúvidas e compartilhar com o público as informações necessá",outro,nao identificado,nao identificado,cultura,,-20,2023,https://www.secult.mg.gov.br/documentos/lei-paulo-gustavo-lpg/duvidas,https://www.secult.mg.gov.br/documentos/lei-paulo-gustavo-lpg/duvidas
Programa de Desenvolvimento do Audiovisual Mineiro,estadual,Brasil,noticia,"+ - Fiquei com dúvidas quanto ao que seria a democratização de acesso? Click to collapse Lei Paulo Gustavo 21 Julho 2023 Dúvidas A Secretaria de Estado de Cultura e Turismo esclarece as principais dúvidas para manter a transparência do processo relacionado à Lei Paulo Gustavo em Minas Gerais. Reunimos abaixo lives de esclarecimentos e os questionamentos mais frequentes com as respectivas respostas, a fim de sanar as principais dúvidas e compartilhar com o público as informações necessárias, reforçando a",outro,nao identificado,nao identificado,cultura,,-20,2023,https://www.secult.mg.gov.br/documentos/lei-paulo-gustavo-lpg/duvidas,https://www.secult.mg.gov.br/documentos/lei-paulo-gustavo-lpg/duvidas
Programa de Desenvolvimento do Audiovisual Mineiro,estadual,Brasil,noticia,"+ - Foram classificados projetos de funcionários do Governo de Estado de Minas Gerais? Click to collapse Lei Paulo Gustavo 21 Julho 2023 Dúvidas A Secretaria de Estado de Cultura e Turismo esclarece as principais dúvidas para manter a transparência do processo relacionado à Lei Paulo Gustavo em Minas Gerais. Reunimos abaixo lives de esclarecimentos e os questionamentos mais frequentes com as respectivas respostas, a fim de sanar as principais dúvidas e compartilhar com o público as informações necessárias, reforçan",outro,nao identificado,nao identificado,cultura,,-20,2023,https://www.secult.mg.gov.br/documentos/lei-paulo-gustavo-lpg/duvidas,https://www.secult.mg.gov.br/documentos/lei-paulo-gustavo-lpg/duvidas
Programa de Desenvolvimento do Audiovisual Mineiro,estadual,Brasil,noticia,"+ - Lives Tira Dúvida Click to collapse Lei Paulo Gustavo 21 Julho 2023 Dúvidas A Secretaria de Estado de Cultura e Turismo esclarece as principais dúvidas para manter a transparência do processo relacionado à Lei Paulo Gustavo em Minas Gerais. Reunimos abaixo lives de esclarecimentos e os questionamentos mais frequentes com as respectivas respostas, a fim de sanar as principais dúvidas e compartilhar com o público as informações necessárias, reforçando a",outro,nao identificado,nao identificado,cultura,,-20,2023,https://www.secult.mg.gov.br/documentos/lei-paulo-gustavo-lpg/duvidas,https://www.secult.mg.gov.br/documentos/lei-paulo-gustavo-lpg/duvidas
Programa de Desenvolvimento do Audiovisual Mineiro,estadual,Brasil,noticia,"+ - O que posso apresentar para comprovar atuação? Click to collapse Lei Paulo Gustavo 21 Julho 2023 Dúvidas A Secretaria de Estado de Cultura e Turismo esclarece as principais dúvidas para manter a transparência do processo relacionado à Lei Paulo Gustavo em Minas Gerais. Reunimos abaixo lives de esclarecimentos e os questionamentos mais frequentes com as respectivas respostas, a fim de sanar as principais dúvidas e compartilhar com o público as informações necessárias, reforçando a",outro,nao identificado,nao identificado,cultura,,-20,2023,https://www.secult.mg.gov.br/documentos/lei-paulo-gustavo-lpg/duvidas,https://www.secult.mg.gov.br/documentos/lei-paulo-gustavo-lpg/duvidas
Programa de Desenvolvimento do Audiovisual Mineiro,estadual,Brasil,noticia,"+ - O que é a auto declaração? Click to collapse Lei Paulo Gustavo 21 Julho 2023 Dúvidas A Secretaria de Estado de Cultura e Turismo esclarece as principais dúvidas para manter a transparência do processo relacionado à Lei Paulo Gustavo em Minas Gerais. Reunimos abaixo lives de esclarecimentos e os questionamentos mais frequentes com as respectivas respostas, a fim de sanar as principais dúvidas e compartilhar com o público as informações necessárias, reforçando a",outro,nao identificado,nao identificado,cultura,,-20,2023,https://www.secult.mg.gov.br/documentos/lei-paulo-gustavo-lpg/duvidas,https://www.secult.mg.gov.br/documentos/lei-paulo-gustavo-lpg/duvidas
Programa de Desenvolvimento do Audiovisual Mineiro,estadual,Brasil,noticia,"+ - Porque foram realizados sorteios em algumas categorias? Click to collapse Lei Paulo Gustavo 21 Julho 2023 Dúvidas A Secretaria de Estado de Cultura e Turismo esclarece as principais dúvidas para manter a transparência do processo relacionado à Lei Paulo Gustavo em Minas Gerais. Reunimos abaixo lives de esclarecimentos e os questionamentos mais frequentes com as respectivas respostas, a fim de sanar as principais dúvidas e compartilhar com o público as informações necessárias, reforçando a",outro,nao identificado,nao identificado,cultura,,-20,2023,https://www.secult.mg.gov.br/documentos/lei-paulo-gustavo-lpg/duvidas,https://www.secult.mg.gov.br/documentos/lei-paulo-gustavo-lpg/duvidas
Programa de Desenvolvimento do Audiovisual Mineiro,estadual,Brasil,noticia,"+ - Quais são as cotas? Click to collapse Lei Paulo Gustavo 21 Julho 2023 Dúvidas A Secretaria de Estado de Cultura e Turismo esclarece as principais dúvidas para manter a transparência do processo relacionado à Lei Paulo Gustavo em Minas Gerais. Reunimos abaixo lives de esclarecimentos e os questionamentos mais frequentes com as respectivas respostas, a fim de sanar as principais dúvidas e compartilhar com o público as informações necessárias, reforçando a",outro,nao identificado,nao identificado,cultura,,-20,2023,https://www.secult.mg.gov.br/documentos/lei-paulo-gustavo-lpg/duvidas,https://www.secult.mg.gov.br/documentos/lei-paulo-gustavo-lpg/duvidas
Programa de Desenvolvimento do Audiovisual Mineiro,estadual,Brasil,noticia,"+ - Qual o número de inscritos (BH e interior) e número de aprovados (BH e interior)? Click to collapse Lei Paulo Gustavo 21 Julho 2023 Dúvidas A Secretaria de Estado de Cultura e Turismo esclarece as principais dúvidas para manter a transparência do processo relacionado à Lei Paulo Gustavo em Minas Gerais. Reunimos abaixo lives de esclarecimentos e os questionamentos mais frequentes com as respectivas respostas, a fim de sanar as principais dúvidas e compartilhar com o público as informações necessárias, reforçand",outro,nao identificado,nao identificado,cultura,,-20,2023,https://www.secult.mg.gov.br/documentos/lei-paulo-gustavo-lpg/duvidas,https://www.secult.mg.gov.br/documentos/lei-paulo-gustavo-lpg/duvidas
Programa de Desenvolvimento do Audiovisual Mineiro,estadual,Brasil,noticia,"+ - Quando é grupo, tem que colocar portfólio principal dos trabalhos do grupo junto ou do responsável? Click to collapse Lei Paulo Gustavo 21 Julho 2023 Dúvidas A Secretaria de Estado de Cultura e Turismo esclarece as principais dúvidas para manter a transparência do processo relacionado à Lei Paulo Gustavo em Minas Gerais. Reunimos abaixo lives de esclarecimentos e os questionamentos mais frequentes com as respectivas respostas, a fim de sanar as principais dúvidas e compartilhar com o público as informações nece",outro,nao identificado,nao identificado,cultura,,-20,2023,https://www.secult.mg.gov.br/documentos/lei-paulo-gustavo-lpg/duvidas,https://www.secult.mg.gov.br/documentos/lei-paulo-gustavo-lpg/duvidas
Programa de Desenvolvimento do Audiovisual Mineiro,estadual,Brasil,noticia,"+ - Quem encaminhou os documentos para habilitação e não recebeu resposta ou retorno, o que deve fazer? Click to collapse Lei Paulo Gustavo 21 Julho 2023 Dúvidas A Secretaria de Estado de Cultura e Turismo esclarece as principais dúvidas para manter a transparência do processo relacionado à Lei Paulo Gustavo em Minas Gerais. Reunimos abaixo lives de esclarecimentos e os questionamentos mais frequentes com as respectivas respostas, a fim de sanar as principais dúvidas e compartilhar com o público as informações nece",outro,nao identificado,nao identificado,cultura,,-20,2023,https://www.secult.mg.gov.br/documentos/lei-paulo-gustavo-lpg/duvidas,https://www.secult.mg.gov.br/documentos/lei-paulo-gustavo-lpg/duvidas
Programa de Desenvolvimento do Audiovisual Mineiro,estadual,Brasil,noticia,"+ - Transmitido ao vivo em 13/03/2024 Click to collapse Lei Paulo Gustavo 21 Julho 2023 Dúvidas A Secretaria de Estado de Cultura e Turismo esclarece as principais dúvidas para manter a transparência do processo relacionado à Lei Paulo Gustavo em Minas Gerais. Reunimos abaixo lives de esclarecimentos e os questionamentos mais frequentes com as respectivas respostas, a fim de sanar as principais dúvidas e compartilhar com o público as informações necessárias, reforçando a",outro,nao identificado,nao identificado,cultura,,-20,2024,https://www.secult.mg.gov.br/documentos/lei-paulo-gustavo-lpg/duvidas,https://www.secult.mg.gov.br/documentos/lei-paulo-gustavo-lpg/duvidas
Programa de Desenvolvimento do Audiovisual Mineiro,estadual,Brasil,noticia,"+ - Transmitido ao vivo em 15/03/2024 Click to collapse Lei Paulo Gustavo 21 Julho 2023 Dúvidas A Secretaria de Estado de Cultura e Turismo esclarece as principais dúvidas para manter a transparência do processo relacionado à Lei Paulo Gustavo em Minas Gerais. Reunimos abaixo lives de esclarecimentos e os questionamentos mais frequentes com as respectivas respostas, a fim de sanar as principais dúvidas e compartilhar com o público as informações necessárias, reforçando a",outro,nao identificado,nao identificado,cultura,,-20,2024,https://www.secult.mg.gov.br/documentos/lei-paulo-gustavo-lpg/duvidas,https://www.secult.mg.gov.br/documentos/lei-paulo-gustavo-lpg/duvidas
Programa de Desenvolvimento do Audiovisual Mineiro,estadual,Brasil,noticia,"+ - Transmitido ao vivo em 27/03/2024 Click to collapse Lei Paulo Gustavo 21 Julho 2023 Dúvidas A Secretaria de Estado de Cultura e Turismo esclarece as principais dúvidas para manter a transparência do processo relacionado à Lei Paulo Gustavo em Minas Gerais. Reunimos abaixo lives de esclarecimentos e os questionamentos mais frequentes com as respectivas respostas, a fim de sanar as principais dúvidas e compartilhar com o público as informações necessárias, reforçando a",outro,nao identificado,nao identificado,cultura,,-20,2024,https://www.secult.mg.gov.br/documentos/lei-paulo-gustavo-lpg/duvidas,https://www.secult.mg.gov.br/documentos/lei-paulo-gustavo-lpg/duvidas
Programa de Desenvolvimento do Audiovisual Mineiro,estadual,Brasil,noticia,"+ - É necessária a assinatura de todos os membros da comunidade, grupo/coletivo nas declarações? Click to collapse Lei Paulo Gustavo 21 Julho 2023 Dúvidas A Secretaria de Estado de Cultura e Turismo esclarece as principais dúvidas para manter a transparência do processo relacionado à Lei Paulo Gustavo em Minas Gerais. Reunimos abaixo lives de esclarecimentos e os questionamentos mais frequentes com as respectivas respostas, a fim de sanar as principais dúvidas e compartilhar com o público as informações necessárias",outro,nao identificado,nao identificado,cultura,,-20,2023,https://www.secult.mg.gov.br/documentos/lei-paulo-gustavo-lpg/duvidas,https://www.secult.mg.gov.br/documentos/lei-paulo-gustavo-lpg/duvidas
Programa de Desenvolvimento do Audiovisual Mineiro,estadual,Brasil,noticia,Instituições Instituições Arquivo Público Mineiro Biblioteca Pública Estadual Circuito Liberdade Museus Centro de Arte Popular Museu Casa Alphonsus de Guimaraens Museu Casa Guignard Museu Casa Guimarães Rosa Museu do Crédito Real Museu dos Militares Mineiros Museu Mineiro Rádio Inconfidência Instituições Arquivo Público Mineiro Biblioteca Pública Estadual Circuito Liberdade Museus Centro de Arte Popular Museu Casa Alphonsus de Guimaraens Museu Casa Guignard Museu Casa Guimarães Rosa Museu do Crédito Real Museu dos,outro,nao identificado,nao identificado,cultura,,-20,,https://www.secult.mg.gov.br/documentos/lei-paulo-gustavo-lpg/duvidas,https://www.secult.mg.gov.br/documentos/lei-paulo-gustavo-lpg/duvidas
Programa de Desenvolvimento do Audiovisual Mineiro,estadual,Brasil,noticia,Instituições Instituições Arquivo Público Mineiro Biblioteca Pública Estadual Circuito Liberdade Museus Centro de Arte Popular Museu Casa Alphonsus de Guimaraens Museu Casa Guignard Museu Casa Guimarães Rosa Museu do Crédito Real Museu dos Militares Mineiros Museu Mineiro Rádio Inconfidência Instituições Arquivo Público Mineiro Biblioteca Pública Estadual Circuito Liberdade Museus Centro de Arte Popular Museu Casa Alphonsus de Guimaraens Museu Casa Guignard Museu Casa Guimarães Rosa Museu do Crédito Real Museu dos,outro,nao identificado,nao identificado,cultura,,-20,,https://www.secult.mg.gov.br/documentos/lei-estadual-de-incentivo-a-cultura-leic,https://www.secult.mg.gov.br/documentos/lei-estadual-de-incentivo-a-cultura-leic
Programa de Desenvolvimento do Audiovisual Mineiro,estadual,Brasil,noticia,Instituições Instituições Arquivo Público Mineiro Biblioteca Pública Estadual Circuito Liberdade Museus Centro de Arte Popular Museu Casa Alphonsus de Guimaraens Museu Casa Guignard Museu Casa Guimarães Rosa Museu do Crédito Real Museu dos Militares Mineiros Museu Mineiro Rádio Inconfidência Instituições Arquivo Público Mineiro Biblioteca Pública Estadual Circuito Liberdade Museus Centro de Arte Popular Museu Casa Alphonsus de Guimaraens Museu Casa Guignard Museu Casa Guimarães Rosa Museu do Crédito Real Museu dos,outro,nao identificado,nao identificado,cultura,,-20,,https://www.secult.mg.gov.br/documentos/lei-paulo-gustavo-lpg/readequacao-prestacao-de-contas,https://www.secult.mg.gov.br/documentos/lei-paulo-gustavo-lpg/readequacao-prestacao-de-contas
Programa de Desenvolvimento do Audiovisual Mineiro,estadual,Brasil,noticia,Instituições Instituições Arquivo Público Mineiro Biblioteca Pública Estadual Circuito Liberdade Museus Centro de Arte Popular Museu Casa Alphonsus de Guimaraens Museu Casa Guignard Museu Casa Guimarães Rosa Museu do Crédito Real Museu dos Militares Mineiros Museu Mineiro Rádio Inconfidência Instituições Arquivo Público Mineiro Biblioteca Pública Estadual Circuito Liberdade Museus Centro de Arte Popular Museu Casa Alphonsus de Guimaraens Museu Casa Guignard Museu Casa Guimarães Rosa Museu do Crédito Real Museu dos,outro,nao identificado,nao identificado,cultura,,-20,,https://www.secult.mg.gov.br/documentos/lei-paulo-gustavo-lpg/legislacao,https://www.secult.mg.gov.br/documentos/lei-paulo-gustavo-lpg/legislacao
Programa de Desenvolvimento do Audiovisual Mineiro,estadual,Brasil,noticia,Instituições Instituições Arquivo Público Mineiro Biblioteca Pública Estadual Circuito Liberdade Museus Centro de Arte Popular Museu Casa Alphonsus de Guimaraens Museu Casa Guignard Museu Casa Guimarães Rosa Museu do Crédito Real Museu dos Militares Mineiros Museu Mineiro Rádio Inconfidência Instituições Arquivo Público Mineiro Biblioteca Pública Estadual Circuito Liberdade Museus Centro de Arte Popular Museu Casa Alphonsus de Guimaraens Museu Casa Guignard Museu Casa Guimarães Rosa Museu do Crédito Real Museu dos,outro,nao identificado,nao identificado,cultura,,-20,,https://www.secult.mg.gov.br/documentos/lei-paulo-gustavo-lpg/consulta-simplificada,https://www.secult.mg.gov.br/documentos/lei-paulo-gustavo-lpg/consulta-simplificada
Programa de Desenvolvimento do Audiovisual Mineiro,estadual,Brasil,noticia,Instituições Instituições Arquivo Público Mineiro Biblioteca Pública Estadual Circuito Liberdade Museus Centro de Arte Popular Museu Casa Alphonsus de Guimaraens Museu Casa Guignard Museu Casa Guimarães Rosa Museu do Crédito Real Museu dos Militares Mineiros Museu Mineiro Rádio Inconfidência Instituições Arquivo Público Mineiro Biblioteca Pública Estadual Circuito Liberdade Museus Centro de Arte Popular Museu Casa Alphonsus de Guimaraens Museu Casa Guignard Museu Casa Guimarães Rosa Museu do Crédito Real Museu dos,outro,nao identificado,nao identificado,cultura,,-20,,https://www.secult.mg.gov.br/documentos/lei-paulo-gustavo-lpg/subcomissoes,https://www.secult.mg.gov.br/documentos/lei-paulo-gustavo-lpg/subcomissoes
Programa de Desenvolvimento do Audiovisual Mineiro,estadual,Brasil,noticia,Instituições Instituições Arquivo Público Mineiro Biblioteca Pública Estadual Circuito Liberdade Museus Centro de Arte Popular Museu Casa Alphonsus de Guimaraens Museu Casa Guignard Museu Casa Guimarães Rosa Museu do Crédito Real Museu dos Militares Mineiros Museu Mineiro Rádio Inconfidência Instituições Arquivo Público Mineiro Biblioteca Pública Estadual Circuito Liberdade Museus Centro de Arte Popular Museu Casa Alphonsus de Guimaraens Museu Casa Guignard Museu Casa Guimarães Rosa Museu do Crédito Real Museu dos,outro,nao identificado,nao identificado,cultura,,-20,,https://www.secult.mg.gov.br/aplicacao-de-marcas/lei-estadual-de-incentivo-a-cultura,https://www.secult.mg.gov.br/aplicacao-de-marcas/lei-estadual-de-incentivo-a-cultura
Programa de Desenvolvimento do Audiovisual Mineiro,estadual,Brasil,noticia,Instituições Instituições Arquivo Público Mineiro Biblioteca Pública Estadual Circuito Liberdade Museus Centro de Arte Popular Museu Casa Alphonsus de Guimaraens Museu Casa Guignard Museu Casa Guimarães Rosa Museu do Crédito Real Museu dos Militares Mineiros Museu Mineiro Rádio Inconfidência Instituições Arquivo Público Mineiro Biblioteca Pública Estadual Circuito Liberdade Museus Centro de Arte Popular Museu Casa Alphonsus de Guimaraens Museu Casa Guignard Museu Casa Guimarães Rosa Museu do Crédito Real Museu dos,outro,nao identificado,nao identificado,cultura,,-20,,https://www.secult.mg.gov.br/aplicacao-de-marcas/politica-nacional-aldir-blanc-pnab,https://www.secult.mg.gov.br/aplicacao-de-marcas/politica-nacional-aldir-blanc-pnab
Programa de Desenvolvimento do Audiovisual Mineiro,estadual,Brasil,noticia,Instituições Instituições Arquivo Público Mineiro Biblioteca Pública Estadual Circuito Liberdade Museus Centro de Arte Popular Museu Casa Alphonsus de Guimaraens Museu Casa Guignard Museu Casa Guimarães Rosa Museu do Crédito Real Museu dos Militares Mineiros Museu Mineiro Rádio Inconfidência Instituições Arquivo Público Mineiro Biblioteca Pública Estadual Circuito Liberdade Museus Centro de Arte Popular Museu Casa Alphonsus de Guimaraens Museu Casa Guignard Museu Casa Guimarães Rosa Museu do Crédito Real Museu dos,outro,nao identificado,nao identificado,cultura,,-20,,https://www.secult.mg.gov.br/aplicacao-de-marcas/aplicacao-de-marcas-2,https://www.secult.mg.gov.br/aplicacao-de-marcas/aplicacao-de-marcas-2
Programa de Desenvolvimento do Audiovisual Mineiro,estadual,Brasil,noticia,"Lei Paulo Gustavo Lei Paulo Gustavo 21 Julho 2023 Dúvidas A Secretaria de Estado de Cultura e Turismo esclarece as principais dúvidas para manter a transparência do processo relacionado à Lei Paulo Gustavo em Minas Gerais. Reunimos abaixo lives de esclarecimentos e os questionamentos mais frequentes com as respectivas respostas, a fim de sanar as principais dúvidas e compartilhar com o público as informações necessárias, reforçando a",outro,nao identificado,nao identificado,cultura,,-20,2023,https://www.secult.mg.gov.br/documentos/lei-paulo-gustavo-lpg/duvidas/145-lei-paulo-gustavo?layout=,https://www.secult.mg.gov.br/documentos/lei-paulo-gustavo-lpg/duvidas
Programa de Desenvolvimento do Audiovisual Mineiro,estadual,Brasil,noticia,Política Nacional Aldir Blanc (PNAB) Política Nacional Aldir Blanc (PNAB) Consulta Pública Simplificada Fóruns Setoriais Legislação Valores e Materiais,outro,nao identificado,nao identificado,cultura,,-20,,https://www.secult.mg.gov.br/aplicacao-de-marcas/lei-estadual-de-incentivo-a-cultura,https://www.secult.mg.gov.br/aplicacao-de-marcas/lei-estadual-de-incentivo-a-cultura
Programa de Desenvolvimento do Audiovisual Mineiro,estadual,Brasil,noticia,Política Nacional Aldir Blanc (PNAB) Política Nacional Aldir Blanc (PNAB) Consulta Pública Simplificada Fóruns Setoriais Legislação Valores e Materiais,outro,nao identificado,nao identificado,inovacao,,-20,,https://www.secult.mg.gov.br/aplicacao-de-marcas/politica-nacional-aldir-blanc-pnab,https://www.secult.mg.gov.br/aplicacao-de-marcas/politica-nacional-aldir-blanc-pnab
Programa de Desenvolvimento do Audiovisual Mineiro,estadual,Brasil,noticia,Política Nacional Aldir Blanc (PNAB) Política Nacional Aldir Blanc (PNAB) Consulta Pública Simplificada Fóruns Setoriais Legislação Valores e Materiais,outro,nao identificado,nao identificado,inovacao,,-20,,https://www.secult.mg.gov.br/aplicacao-de-marcas/aplicacao-de-marcas-2,https://www.secult.mg.gov.br/aplicacao-de-marcas/aplicacao-de-marcas-2
Programa de Desenvolvimento do Audiovisual Mineiro,estadual,Brasil,noticia,Resultado Preliminar - CATEGORIA 4 – CRIAÇÃO E PRODUÇÃO - Publicado dia 07/05/2026,outro,producao,producao_obra,inovacao,,-20,2026,https://www.secult.mg.gov.br/download/category/41-pnab?download=4664:resultado-preliminar-categoria-4-criacao-e-producao-publicado-dia-07-05-2026,https://www.secult.mg.gov.br/editais/editais-pnab/editais-pnab
Programa de Desenvolvimento do Audiovisual Mineiro,estadual,Brasil,noticia,Resultado Preliminar - Categoria 02 PROMOÇÃO DA MEMÓRIA - Publicado dia 07/05/2026,outro,nao identificado,nao identificado,inovacao,,-20,2026,https://www.secult.mg.gov.br/download/category/41-pnab?download=4661:resultado-preliminar-pnab-04-promocao-da-memoria,https://www.secult.mg.gov.br/editais/editais-pnab/editais-pnab
Programa de Desenvolvimento do Audiovisual Mineiro,estadual,Brasil,noticia,Resultado Preliminar - Publicado em 02/10/25,outro,nao identificado,nao identificado,inovacao,,-20,2025,https://www.secult.mg.gov.br/images/2025/fec/ATO_CEFIC_034_2025_-_Resultado_Preliminar.pdf,https://www.secult.mg.gov.br/editais/fundo-estadual-de-cultura-fec/editais-fec
Programa de Desenvolvimento do Audiovisual Mineiro,estadual,Brasil,noticia,Resultado Preliminar - Publicado em 24/09/25,outro,nao identificado,nao identificado,inovacao,,-20,2025,https://www.secult.mg.gov.br/images/2025/fec/ATO_CEFIC_033_2025_-_Resultado_Preliminar.docx.pdf,https://www.secult.mg.gov.br/editais/fundo-estadual-de-cultura-fec/editais-fec
Programa de Desenvolvimento do Audiovisual Mineiro,estadual,Brasil,noticia,"+ - A premiação cultural para pessoas físicas sofre incidência de imposto de renda? Click to collapse Lei Paulo Gustavo 21 Julho 2023 Dúvidas A Secretaria de Estado de Cultura e Turismo esclarece as principais dúvidas para manter a transparência do processo relacionado à Lei Paulo Gustavo em Minas Gerais. Reunimos abaixo lives de esclarecimentos e os questionamentos mais frequentes com as respectivas respostas, a fim de sanar as principais dúvidas e compartilhar com o público as informações necessárias, reforçando",premio,nao identificado,nao identificado,cultura,,-20,2023,https://www.secult.mg.gov.br/documentos/lei-paulo-gustavo-lpg/duvidas,https://www.secult.mg.gov.br/documentos/lei-paulo-gustavo-lpg/duvidas
Reveja as Imersões,estadual,Brasil,noticia,Parcerias Lei 13.019/2014 – Convênios Parcerias Lei 13.019/2014 – Convênios Documentação para Celebração Parcerias 2019 Parcerias 2020 Parcerias 2021 Parceria 2022 Parcerias 2023 Parcerias 2024 Parcerias 2025,outro,nao identificado,nao identificado,inovacao,,-20,2014,https://secult.es.gov.br/pnab-politica-nacional-aldir-blanc,https://secult.es.gov.br/pnab-politica-nacional-aldir-blanc
Reveja as Imersões,estadual,Brasil,noticia,Parcerias Lei 13.019/2014 – Convênios Parcerias Lei 13.019/2014 – Convênios Documentação para Celebração Parcerias 2019 Parcerias 2020 Parcerias 2021 Parceria 2022 Parcerias 2023 Parcerias 2024 Parcerias 2025,outro,nao identificado,nao identificado,inovacao,,-20,2014,https://secult.es.gov.br/ciclo-2022,https://secult.es.gov.br/ciclo-2022
Reveja as Imersões,estadual,Brasil,noticia,Parcerias Lei 13.019/2014 – Convênios Parcerias Lei 13.019/2014 – Convênios Documentação para Celebração Parcerias 2019 Parcerias 2020 Parcerias 2021 Parceria 2022 Parcerias 2023 Parcerias 2024 Parcerias 2025,outro,nao identificado,nao identificado,inovacao,,-20,2014,https://secult.es.gov.br/ciclo-2023,https://secult.es.gov.br/ciclo-2023
SELEÇÃO DE REALIZADORES AUDIOVISUAIS PARA RESIDÊNCIA EM CINEMA DIRETO INTEGRANDO A PROGRAMAÇÃO DA CARTEIRA DE PROJETOS DA PARAÍBA NO ÂMBITO DA TEMPORADA BRASIL-FRANÇA 2025,estadual,Brasil,noticia,Alto Contraste,outro,nao identificado,nao identificado,inovacao,,-20,,https://paraiba.pb.gov.br/diretas/controladoria-geral-do-estado/dec-46-928-prog-integridade-publica.pdf/view,https://paraiba.pb.gov.br/diretas/controladoria-geral-do-estado/dec-46-928-prog-integridade-publica.pdf/view
SELEÇÃO DE REALIZADORES AUDIOVISUAIS PARA RESIDÊNCIA EM CINEMA DIRETO INTEGRANDO A PROGRAMAÇÃO DA CARTEIRA DE PROJETOS DA PARAÍBA NO ÂMBITO DA TEMPORADA BRASIL-FRANÇA 2025,estadual,Brasil,noticia,DEC. 46.928- PROG. INTEGRIDADE PÚBLICA.pdf DEC. 46.928- PROG. INTEGRIDADE PÚBLICA.pdf — 3.2 MB,outro,nao identificado,nao identificado,inovacao,,-20,,https://paraiba.pb.gov.br/diretas/controladoria-geral-do-estado/dec-46-928-prog-integridade-publica.pdf/@@download/file/DEC. 46.928- PROG. INTEGRIDADE PÚBLICA.pdf,https://paraiba.pb.gov.br/diretas/controladoria-geral-do-estado/dec-46-928-prog-integridade-publica.pdf/view
SELEÇÃO DE REALIZADORES AUDIOVISUAIS PARA RESIDÊNCIA EM CINEMA DIRETO INTEGRANDO A PROGRAMAÇÃO DA CARTEIRA DE PROJETOS DA PARAÍBA NO ÂMBITO DA TEMPORADA BRASIL-FRANÇA 2025,estadual,Brasil,noticia,LDO 2027: Governo da Paraíba realiza audiência pública sobre prioridades e metas da população,outro,nao identificado,nao identificado,inovacao,,-20,2027,https://paraiba.pb.gov.br/diretas/secretaria-de-planejamento-orcamento-e-gestao/ldo-2027-governo-da-paraiba-realiza-audiencia-publica-sobre-prioridades-e-metas-da-populacao,https://paraiba.pb.gov.br/diretas/secretaria-de-planejamento-orcamento-e-gestao
SELEÇÃO DE REALIZADORES AUDIOVISUAIS PARA RESIDÊNCIA EM CINEMA DIRETO INTEGRANDO A PROGRAMAÇÃO DA CARTEIRA DE PROJETOS DA PARAÍBA NO ÂMBITO DA TEMPORADA BRASIL-FRANÇA 2025,estadual,Brasil,noticia,Projeto de LDO da Paraíba é discutido em audiência pública em João Pessoa,outro,nao identificado,nao identificado,inovacao,,-20,,https://paraiba.pb.gov.br/diretas/secretaria-de-planejamento-orcamento-e-gestao/projeto-de-ldo-da-paraiba-e-discutido-em-audiencia-publica-em-joao-pessoa,https://paraiba.pb.gov.br/diretas/secretaria-de-planejamento-orcamento-e-gestao
SELEÇÃO DE REALIZADORES AUDIOVISUAIS PARA RESIDÊNCIA EM CINEMA DIRETO INTEGRANDO A PROGRAMAÇÃO DA CARTEIRA DE PROJETOS DA PARAÍBA NO ÂMBITO DA TEMPORADA BRASIL-FRANÇA 2025,federal,Brasil,noticia,"Saúde da Paraíba entrega tomógrafo em Queimadas e anuncia mais de R$ 8,9 milhões em investimentos na região de Campina Grande",outro,nao identificado,nao identificado,inovacao,"R$ 8,9",-20,,https://paraiba.pb.gov.br/diretas/saude/saude-da-paraiba-entrega-tomografo-em-queimadas-e-anuncia-mais-de-r-8-9-milhoes-em-investimentos-na-regiao-de-campina-grande,https://paraiba.pb.gov.br/diretas/secretaria-da-saude
SPCine,outro,Brasil,noticia,TRANSPARÊNCIA TRANSPARÊNCIA Acesso à informação Participação social Quadro de Serviços,formacao,nao identificado,formacao_mentoria,inovacao,,-20,,https://spcine.com.br,https://spcine.com.br
Secec DF,federal,Brasil,noticia,Acesso à informação Acesso à informações produzidas e armazenadas pela Secretaria Acesso à informação,formacao,nao identificado,formacao_mentoria,cultura,,-20,,https://cultura.df.gov.br/category/acesso-a-informacao/,https://cultura.df.gov.br
Secec DF,federal,Brasil,noticia,Serviços Serviços Carta de Serviços Informações,outro,nao identificado,nao identificado,cultura,,-20,,https://cultura.df.gov.br/servicos-1,https://cultura.df.gov.br/cinebrasilia
Secult AM,estadual,Brasil,noticia,"Ballroom Culture celebra diversidade, arte e protagonismo trans em Manaus",outro,nao identificado,nao identificado,cultura,,-20,,https://cultura.am.gov.br/ballroom-culture-celebra-diversidade-arte-e-protagonismo-trans-em-manaus/,https://cultura.am.gov.br/pnab-amazonas
Secult AM,estadual,Brasil,noticia,Bibliotecas Bibliotecas Banca Biblioteca Farias de Carvalho Biblioteca Braille do Amazonas Biblioteca Fred Góes – Parintins Biblioteca Genesino Braga Biblioteca Infantil Emidio Vaz Biblioteca Mário Ypiranga Monteiro Biblioteca Padre Agostinho Caballero Martin Biblioteca Pública,outro,nao identificado,nao identificado,cultura,,-20,,https://cultura.am.gov.br/espacos-culturais/bibliotecas/,https://cultura.am.gov.br/producao-lirica-brasileira-com-montagem-inedita-de-carlos-gomes-e-celebrada-no-27o-festival-amazonas-de-opera
Secult AM,estadual,Brasil,noticia,Institucional Institucional Sobre a Secretaria Gestão Conselho de Patrimônio Histórico e Artístico – COPHAM Conselho Estadual de Cultura – CONEC Marcas,outro,nao identificado,nao identificado,cultura,,-20,2026,https://cultura.am.gov.br/ensaio-dos-bumbas-2026-curral-do-garantido-celebra-30-anos-do-mag-e-fortalece-tradicao-em-manaus,https://cultura.am.gov.br/ensaio-dos-bumbas-2026-curral-do-garantido-celebra-30-anos-do-mag-e-fortalece-tradicao-em-manaus
Secult AM,estadual,Brasil,noticia,PNAB – Prestação de Contas (C1) PNAB – Prestação de Contas (C1) PNAB – Restos a Pagar PNAB – Prestação de Contas PNAB – Painel Digital,outro,nao identificado,nao identificado,cultura,,-20,2026,https://cultura.am.gov.br/ensaio-dos-bumbas-2026-curral-do-garantido-celebra-30-anos-do-mag-e-fortalece-tradicao-em-manaus,https://cultura.am.gov.br/ensaio-dos-bumbas-2026-curral-do-garantido-celebra-30-anos-do-mag-e-fortalece-tradicao-em-manaus
Secult AM,estadual,Brasil,noticia,Sambódromo será palco da ‘Noite da Celebração Folclórica’ com itens oficiais do Boi Garantido,outro,nao identificado,nao identificado,cultura,,-20,,https://cultura.am.gov.br/sambodromo-sera-palco-da-noite-da-celebracao-folclorica-com-itens-oficiais-do-boi-garantido/,https://cultura.am.gov.br/equipe
Secult ES,estadual,Brasil,noticia,Baixar Consulta Pública LICC Conteúdo Atualização Formato Tamanho Decreto 5.035-R de 15 de dezembro de 2021 16/12/2021 pdf 248 KB Baixar,outro,nao identificado,nao identificado,inovacao,,-20,2021,https://secult.es.gov.br/media/002/Decreto%205.035-R%20de%2015%20de%20dezembro%20de%202021.pdf,https://secult.es.gov.br/grupodearquivos
Secult ES,estadual,Brasil,noticia,Decreto 5.035-R de 15 de dezembro de 2021 Consulta Pública LICC Conteúdo Atualização Formato Tamanho Decreto 5.035-R de 15 de dezembro de 2021 16/12/2021 pdf 248 KB Baixar,outro,nao identificado,nao identificado,inovacao,,-20,2021,https://secult.es.gov.br/media/002/Decreto%205.035-R%20de%2015%20de%20dezembro%20de%202021.pdf,https://secult.es.gov.br/grupodearquivos
Secult ES,estadual,Brasil,noticia,Documentação para Celebração,outro,nao identificado,nao identificado,inovacao,,-20,,https://secult.es.gov.br/documentacao-para-celebracao,https://secult.es.gov.br/edital-de-selecao-de-profissionais-para-comissoes-julgadoras-do-funcultura
Secult ES,estadual,Brasil,noticia,Parcerias Lei 13.019/2014 – Convênios Parcerias Lei 13.019/2014 – Convênios Documentação para Celebração Parcerias 2019 Parcerias 2020 Parcerias 2021 Parceria 2022 Parcerias 2023 Parcerias 2024 Parcerias 2025,outro,nao identificado,nao identificado,cultura,,-20,2014,https://secult.es.gov.br/ciclo-2025-espacos-culturais,https://secult.es.gov.br/ciclo-2025-espacos-culturais
Secult ES,estadual,Brasil,noticia,Parcerias Lei 13.019/2014 – Convênios Parcerias Lei 13.019/2014 – Convênios Documentação para Celebração Parcerias 2019 Parcerias 2020 Parcerias 2021 Parceria 2022 Parcerias 2023 Parcerias 2024 Parcerias 2025,outro,nao identificado,nao identificado,inovacao,,-20,2014,https://secult.es.gov.br/circulaçãoeintercâmbio2024,https://secult.es.gov.br/circulaçãoeintercâmbio2024
Secult ES,estadual,Brasil,noticia,Parcerias Lei 13.019/2014 – Convênios Parcerias Lei 13.019/2014 – Convênios Documentação para Celebração Parcerias 2019 Parcerias 2020 Parcerias 2021 Parceria 2022 Parcerias 2023 Parcerias 2024 Parcerias 2025,outro,nao identificado,nao identificado,inovacao,,-20,2014,https://secult.es.gov.br/grupodearquivos,https://secult.es.gov.br/grupodearquivos
Secult ES,estadual,Brasil,noticia,Parcerias Lei 13.019/2014 – Convênios Parcerias Lei 13.019/2014 – Convênios Documentação para Celebração Parcerias 2019 Parcerias 2020 Parcerias 2021 Parceria 2022 Parcerias 2023 Parcerias 2024 Parcerias 2025,outro,nao identificado,nao identificado,inovacao,,-20,2014,https://secult.es.gov.br,https://secult.es.gov.br
Secult ES,estadual,Brasil,noticia,Parcerias Lei 13.019/2014 – Convênios Parcerias Lei 13.019/2014 – Convênios Documentação para Celebração Parcerias 2019 Parcerias 2020 Parcerias 2021 Parceria 2022 Parcerias 2023 Parcerias 2024 Parcerias 2025,outro,nao identificado,nao identificado,inovacao,,-20,2014,https://secult.es.gov.br/licc,https://secult.es.gov.br/licc
Secult MG,estadual,Brasil,noticia,Instituições Instituições Arquivo Público Mineiro Biblioteca Pública Estadual Circuito Liberdade Museus Centro de Arte Popular Museu Casa Alphonsus de Guimaraens Museu Casa Guignard Museu Casa Guimarães Rosa Museu do Crédito Real Museu dos Militares Mineiros Museu Mineiro Rádio Inconfidência Instituições Arquivo Público Mineiro Biblioteca Pública Estadual Circuito Liberdade Museus Centro de Arte Popular Museu Casa Alphonsus de Guimaraens Museu Casa Guignard Museu Casa Guimarães Rosa Museu do Crédito Real Museu dos,outro,nao identificado,nao identificado,cultura,,-20,,https://secult.mg.gov.br,https://secult.mg.gov.br
"festivals, activities and cinemas",outro,Não identificado,noticia,Home Home / Who we are / Newsroom,outro,nao identificado,nao identificado,audiovisual,,-20,,https://telefilm.ca/en,https://telefilm.ca/en/who-we-are/news-room
"festivals, activities and cinemas",outro,Não identificado,noticia,Who we are Home / Who we are / Newsroom,outro,nao identificado,nao identificado,audiovisual,,-20,,https://telefilm.ca/en/who-we-are,https://telefilm.ca/en/who-we-are/news-room
Secult AM,estadual,Brasil,noticia,Contato Contato Fale conosco Imprensa,festival,producao,producao_obra,cultura,,-23,,https://cultura.am.gov.br/producao-lirica-brasileira-com-montagem-inedita-de-carlos-gomes-e-celebrada-no-27o-festival-amazonas-de-opera,https://cultura.am.gov.br/producao-lirica-brasileira-com-montagem-inedita-de-carlos-gomes-e-celebrada-no-27o-festival-amazonas-de-opera
Agência Nacional do Cinema,outro,Brasil,noticia,"Em SP, Lula encontra setor da construção e anuncia crédito para motoristas de app e taxistas",outro,nao identificado,nao identificado,inovacao,,-25,,http://agenciagov.ebc.com.br/noticias/202605/em-sp-lula-encontra-setor-da-construcao-e-anuncia-credito-para-motoristas-de-app-e-taxistas,https://gov.br
Agência Nacional do Cinema,outro,Brasil,noticia,Keytruda: saiba como identificar qual o lote de produtos falsificados,outro,nao identificado,nao identificado,inovacao,,-25,,http://agenciagov.ebc.com.br/noticias/202605/keytruda-saiba-como-identificar-os-produtos-falsificados,https://gov.br
Agência Nacional do Cinema,outro,Brasil,noticia,"Planalto Em SP, Lula encontra setor da construção e anuncia crédito para motoristas de app e taxistas",outro,nao identificado,nao identificado,inovacao,,-25,,http://agenciagov.ebc.com.br/noticias/202605/em-sp-lula-encontra-setor-da-construcao-e-anuncia-credito-para-motoristas-de-app-e-taxistas,https://gov.br
Agência Nacional do Cinema,outro,Brasil,noticia,Saúde Keytruda: saiba como identificar qual o lote de produtos falsificados,outro,nao identificado,nao identificado,inovacao,,-25,,http://agenciagov.ebc.com.br/noticias/202605/keytruda-saiba-como-identificar-os-produtos-falsificados,https://gov.br
Busan International Film Festival,internacional,Não identificado,noticia,News [BIFF Press Release] ACFM Publishes 2H 2025 Issue of The A Report on Structural Shifts in the Asian Content 2026-05-15,outro,nao identificado,nao identificado,inovacao,,-25,2025,https://biff.kr/eng/artyboard/mboard.asp?action=view&strBoardID=9611_05&intSeq=102132,https://biff.kr
CTAV,federal,Brasil,noticia,Assista Brasil O Portal de Filmes do Acervo do CTAv,outro,nao identificado,nao identificado,audiovisual,,-25,,https://gov.br/ctav/pt-br/noticias/assista-brasil,https://gov.br/ctav
Ibermedia,outro,Internacional,noticia,"Nuestras noticias La ESCAC anuncia sus másteres universitarios en alianza con la Universidad de Barcelona, UB 19 de mayo, 2026 19 de mayo, 2026 18",outro,nao identificado,nao identificado,inovacao,,-25,2026,https://www.programaibermedia.com/la-escac-anuncia-sus-masteres-universitarios-en-alianza-con-la-universidad-de-barcelona-ub/,https://www.programaibermedia.com
Ibermedia,outro,Internacional,noticia,"Nuestras noticias Nuestras noticias ‘A tu lado’, el nuevo documental de Cristiano Regina sobre un gimnasio... Ibermedia 13 de mayo, 2026 14 de mayo, 2026",outro,nao identificado,nao identificado,inovacao,,-25,2026,https://www.programaibermedia.com/a-tu-lado-el-nuevo-documental-de-cristiano-regina-sobre-un-gimnasio-de-boxeo-en-la-habana-se-proyectara-el-miercoles-20-de-mayo-en-turin/,https://www.programaibermedia.com
Ibermedia,outro,Internacional,noticia,"‘A tu lado’, el nuevo documental de Cristiano Regina sobre un gimnasio... Nuestras noticias ‘A tu lado’, el nuevo documental de Cristiano Regina sobre un gimnasio... Ibermedia 13 de mayo, 2026 14 de mayo, 2026",outro,nao identificado,nao identificado,inovacao,,-25,2026,https://www.programaibermedia.com/a-tu-lado-el-nuevo-documental-de-cristiano-regina-sobre-un-gimnasio-de-boxeo-en-la-habana-se-proyectara-el-miercoles-20-de-mayo-en-turin/,https://www.programaibermedia.com
"Labs, Fellowships, Grants, Programs",outro,Internacional,noticia,Explore Explore Remembering Robert Redford About Sundance Institute News & Stories Photo Gallery Archives,outro,nao identificado,nao identificado,inovacao,,-25,,https://www.sundance.org/blogs/,https://www.sundance.org/apply
bolsas e apoios,outro,Não identificado,noticia,"Artworks: The Economic and Social Dividends from Canada’s Arts and Culture Sector 1 Canadian Chamber of Commerce. Artworks: The Economic and Social Dividends from Canada’s Arts and Culture Sector . October 2025. N.B. Figures account for total impacts throughout the economy: direct, indirect and induced.",outro,nao identificado,nao identificado,cultura,,-25,2025,https://chamber.ca/news/arts-and-culture-sector-contributes-131-billion-to-canadas-economy/,https://canadacouncil.ca/research/arts-impact
bolsas e apoios,outro,Não identificado,noticia,Artworks: The Economic and Social Dividends from Canada’s Arts and Culture Sector 5 Canadian Chamber of Commerce. Artworks: The Economic and Social Dividends from Canada’s Arts and Culture Sector . October 2025.,outro,nao identificado,nao identificado,cultura,,-25,2025,https://chamber.ca/news/arts-and-culture-sector-contributes-131-billion-to-canadas-economy/,https://canadacouncil.ca/research/arts-impact
bolsas e apoios,outro,Não identificado,noticia,Ibid 2 Ibid .,outro,nao identificado,nao identificado,cultura,,-25,,https://chamber.ca/news/arts-and-culture-sector-contributes-131-billion-to-canadas-economy/,https://canadacouncil.ca/research/arts-impact
bolsas e apoios,outro,Não identificado,noticia,Ontario Arts and Culture Tourism Profile 4 Ontario Arts Council. Ontario Arts and Culture Tourism Profile . November 2023.,outro,nao identificado,nao identificado,cultura,,-25,2023,https://www.arts.on.ca/news-resources/news/2023/new-report-arts-and-culture-tourism-in-ontario-has-triple-the-economic-impact,https://canadacouncil.ca/research/arts-impact
"festivals, activities and cinemas",outro,Não identificado,noticia,"Canada Arts and Culture Recovery Program The Canada Arts and Culture Recovery Program (“ CACRP ”) is designed to assist Canadian arts, culture and heritage organizations that have suffered revenue losses due to venue capacity limitations and audiences’ continued reluctance to return to live performances as a result of C",outro,nao identificado,nao identificado,cultura,,-25,2022,https://www.canada.ca/en/canadian-heritage/news/2022/06/backgrounder-targeted-recovery-support-for-canadian-arts-culture-and-heritage-organizations-as-they-welcome-back-audiences-and-rebuild-revenues.html,https://telefilm.ca/en/we-finance-and-support/our-programs/festivals-activities-and-cinemas/theatrical-distribution-compensation-program
financiamento,outro,Internacional,noticia,"Industry News New Study Impacting the Music Industry Released – The Sound of Support: Exploring the Music Community’s Caregiver Needs April 10, 2026",mercado,mercado,mercado_pitch_coproducao,cultura,,-25,2026,https://creativebc.com/2026/04/new-study-impacting-the-music-industry-released-the-sound-of-support-exploring-the-music-communitys-caregiver-needs/,https://creativebc.com/about/news
financiamento,outro,Internacional,noticia,Learn about the creative industries,outro,nao identificado,nao identificado,cultura,,-25,,https://creativebc.com/about/news/,https://creativebc.com
FUNCEB - FUNDAÇÃO CULTURAL DO ESTADO DA BAHIA,estadual,Brasil,noticia,Lançamento de catálogo bilíngue encerra com brilho a 10ª edição do Prêmio Pierre Verger Lançamento de catálogo bilíngue encerra com brilho a 10ª edição do Prêmio Pierre Verger,premio,nao identificado,nao identificado,cultura,,-29,2026,http://www.fundacaocultural.ba.gov.br/fundacaocultural/noticias/2026-05/40067/lancamento-de-catalogo-bilingue-encerra-com-brilho-10a-edicao-do-premio,http://www.fundacaocultural.ba.gov.br
Início | FUNCEB - Fundação Cultural,federal,Brasil,noticia,Lançamento de catálogo bilíngue encerra com brilho a 10ª edição do Prêmio Pierre Verger Lançamento de catálogo bilíngue encerra com brilho a 10ª edição do Prêmio Pierre Verger,premio,nao identificado,nao identificado,cultura,,-29,2026,https://fundacaocultural.ba.gov.br/fundacaocultural/noticias/2026-05/40067/lancamento-de-catalogo-bilingue-encerra-com-brilho-10a-edicao-do-premio,https://fundacaocultural.ba.gov.br
Início | FUNCEB - Fundação Cultural,federal,Brasil,noticia,Lançamento de catálogo bilíngue encerra com brilho a 10ª edição do Prêmio Pierre Verger Lançamento de catálogo bilíngue encerra com brilho a 10ª edição do Prêmio Pierre Verger,premio,nao identificado,nao identificado,cultura,,-29,2026,http://www.ba.gov.br/fundacaocultural/noticias/2026-05/40067/lancamento-de-catalogo-bilingue-encerra-com-brilho-10a-edicao-do-premio,https://fundacaocultural.ba.gov.br
FCC - Fundação Catarinense de Cultura - HOME,federal,Brasil,noticia,Biblioteca Pública,outro,nao identificado,nao identificado,cultura,,-30,,https://cultura.sc.gov.br/espacos/biblioteca,https://cultura.sc.gov.br
MinC,federal,Brasil,noticia,4ª Conferência Nacional de Cultura,formacao,nao identificado,formacao_mentoria,cultura,,-30,,https://www.gov.br/cultura/pt-br/acesso-a-informacao/perguntas-frequentes/perguntas-frequentes-4a-cnc,https://gov.br/cultura
MinC,federal,Brasil,noticia,6ª Teia Nacional – Pontos de Cultura pela Justiça Climática,formacao,nao identificado,formacao_mentoria,cultura,,-30,2013,https://www.gov.br/cultura/pt-br/acesso-a-informacao/perguntas-frequentes/6a-teia-nacional-2013-pontos-de-cultura-pela-justica-climatica,https://gov.br/cultura
MinC,federal,Brasil,noticia,"Abordagens, recomendações e determinações dos órgãos de controle",formacao,nao identificado,formacao_mentoria,cultura,,-30,,https://www.gov.br/cultura/pt-br/acesso-a-informacao/auditorias/abordagens-recomendacoes-e-determinacoes-dos-orgaos-de-controle,https://gov.br/cultura
MinC,federal,Brasil,noticia,Acordos de Cooperação,formacao,nao identificado,formacao_mentoria,cultura,,-30,,https://www.gov.br/cultura/pt-br/acesso-a-informacao/licitacoes-e-contratos/acordos-de-cooperacao,https://gov.br/cultura
MinC,federal,Brasil,noticia,Agentes Territoriais de Cultura 2024,formacao,nao identificado,formacao_mentoria,cultura,,-30,2024,https://www.gov.br/cultura/pt-br/acesso-a-informacao/perguntas-frequentes/agentes-territoriais-de-cultura-2024,https://gov.br/cultura
MinC,federal,Brasil,noticia,Apresentação,formacao,nao identificado,formacao_mentoria,cultura,,-30,,https://www.gov.br/cultura/pt-br/acesso-a-informacao/institucional/apresentacao,https://gov.br/cultura
MinC,federal,Brasil,noticia,Atos Normativos,formacao,nao identificado,formacao_mentoria,cultura,,-30,,https://www.gov.br/cultura/pt-br/acesso-a-informacao/institucional/atos-normativos,https://gov.br/cultura
MinC,federal,Brasil,noticia,"Ações de supervisão, controle e correição",formacao,nao identificado,formacao_mentoria,cultura,,-30,,https://www.gov.br/cultura/pt-br/acesso-a-informacao/auditorias/acoes-de-supervisao-controle-e-correicao,https://gov.br/cultura
MinC,federal,Brasil,noticia,Base jurídica,formacao,nao identificado,formacao_mentoria,cultura,,-30,,https://www.gov.br/cultura/pt-br/acesso-a-informacao/institucional/base-juridica-1,https://gov.br/cultura
MinC,federal,Brasil,noticia,Biografia da Ministra da Cultura,formacao,nao identificado,formacao_mentoria,cultura,,-30,,https://www.gov.br/cultura/pt-br/acesso-a-informacao/institucional/biografia-da-ministra-da-cultura,https://gov.br/cultura
MinC,federal,Brasil,noticia,Competências,formacao,nao identificado,formacao_mentoria,cultura,,-30,,https://www.gov.br/cultura/pt-br/acesso-a-informacao/institucional/competencias,https://gov.br/cultura
MinC,federal,Brasil,noticia,Conselhos e Órgãos Colegiados,formacao,nao identificado,formacao_mentoria,cultura,,-30,,https://www.gov.br/cultura/pt-br/acesso-a-informacao/institucional/orgaos-colegiados,https://gov.br/cultura
MinC,federal,Brasil,noticia,Convênios e Transferências,formacao,nao identificado,formacao_mentoria,cultura,,-30,,https://www.gov.br/cultura/pt-br/acesso-a-informacao/convenios-e-transferencias,https://gov.br/cultura
MinC,federal,Brasil,noticia,Corregedoria,formacao,nao identificado,formacao_mentoria,cultura,,-30,,https://www.gov.br/cultura/pt-br/acesso-a-informacao/perguntas-frequentes/corregedoria-1,https://gov.br/cultura
MinC,federal,Brasil,noticia,Escritórios Estaduais do Ministério da Cultura,formacao,nao identificado,formacao_mentoria,cultura,,-30,,https://www.gov.br/cultura/pt-br/acesso-a-informacao/institucional/escritorios-estaduais-do-ministerio-da-cultura,https://gov.br/cultura
MinC,federal,Brasil,noticia,Instrumentos Internacionais,formacao,nao identificado,formacao_mentoria,cultura,,-30,,https://www.gov.br/cultura/pt-br/acesso-a-informacao/licitacoes-e-contratos/instrumentos-internacionais,https://gov.br/cultura
MinC,federal,Brasil,noticia,Lei Paulo Gustavo (LPG),formacao,nao identificado,formacao_mentoria,cultura,,-30,,https://www.gov.br/cultura/pt-br/acesso-a-informacao/perguntas-frequentes/perguntas-frequentes-sobre-a-lei-paulo-gustavo,https://gov.br/cultura
MinC,federal,Brasil,noticia,Licitações,formacao,nao identificado,formacao_mentoria,cultura,,-30,,https://www.gov.br/cultura/pt-br/acesso-a-informacao/licitacoes-e-contratos/licitacoes,https://gov.br/cultura
MinC,federal,Brasil,noticia,MICBR 2023,formacao,nao identificado,formacao_mentoria,cultura,,-30,2023,https://www.gov.br/cultura/pt-br/acesso-a-informacao/perguntas-frequentes/micbr-2023,https://gov.br/cultura
MinC,federal,Brasil,noticia,MICBR+Ibero-América 2025,formacao,nao identificado,formacao_mentoria,cultura,,-30,2025,https://www.gov.br/cultura/pt-br/acesso-a-informacao/perguntas-frequentes/micbr2025,https://gov.br/cultura
MinC,federal,Brasil,noticia,Mapas Culturais,formacao,nao identificado,formacao_mentoria,cultura,,-30,,https://www.gov.br/cultura/pt-br/acesso-a-informacao/perguntas-frequentes/mapas-culturais,https://gov.br/cultura
MinC,federal,Brasil,noticia,Organograma,formacao,nao identificado,formacao_mentoria,cultura,,-30,,https://www.gov.br/cultura/pt-br/acesso-a-informacao/institucional/organograma-1,https://gov.br/cultura
MinC,federal,Brasil,noticia,Perfil Profissional,formacao,nao identificado,formacao_mentoria,cultura,,-30,,https://www.gov.br/cultura/pt-br/acesso-a-informacao/institucional/perfil-profissional,https://gov.br/cultura
MinC,federal,Brasil,noticia,Plano Anual de Atividades de Auditoria Interna (PAINT),formacao,nao identificado,formacao_mentoria,cultura,,-30,,https://www.gov.br/cultura/pt-br/acesso-a-informacao/auditorias/plano-anual-de-atividades-de-auditoria-interna,https://gov.br/cultura
MinC,federal,Brasil,noticia,Plano Nacional de Cultura,formacao,nao identificado,formacao_mentoria,cultura,,-30,,https://www.gov.br/cultura/pt-br/acesso-a-informacao/perguntas-frequentes/plano-nacional-de-cultura,https://gov.br/cultura
MinC,federal,Brasil,noticia,Prestação de Contas,formacao,nao identificado,formacao_mentoria,cultura,,-30,,https://www.gov.br/cultura/pt-br/acesso-a-informacao/auditorias/auditorias,https://gov.br/cultura
MinC,federal,Brasil,noticia,Programa de Intercâmbio Cultural,formacao,nao identificado,formacao_mentoria,cultura,,-30,,https://www.gov.br/cultura/pt-br/acesso-a-informacao/perguntas-frequentes/programa-de-intercambio,https://gov.br/cultura
MinC,federal,Brasil,noticia,Programas Financiados pelo FAT,formacao,nao identificado,formacao_mentoria,cultura,,-30,,https://www.gov.br/cultura/pt-br/acesso-a-informacao/acoes-e-programas/programas-financiados-pelo-fat,https://gov.br/cultura
MinC,federal,Brasil,noticia,Protocolos de intenção,formacao,nao identificado,formacao_mentoria,cultura,,-30,,https://www.gov.br/cultura/pt-br/acesso-a-informacao/licitacoes-e-contratos/protocolos-de-intrencao,https://gov.br/cultura
MinC,federal,Brasil,noticia,Quem é Quem,formacao,nao identificado,formacao_mentoria,cultura,,-30,,https://www.gov.br/cultura/pt-br/acesso-a-informacao/institucional/quem-e-quem,https://gov.br/cultura
MinC,federal,Brasil,noticia,Receitas e Despesas,formacao,nao identificado,formacao_mentoria,cultura,,-30,,https://www.gov.br/cultura/pt-br/acesso-a-informacao/receitas-e-despesas,https://gov.br/cultura
MinC,federal,Brasil,noticia,Retomada Cultural RS,formacao,nao identificado,formacao_mentoria,cultura,,-30,,https://www.gov.br/cultura/pt-br/acesso-a-informacao/perguntas-frequentes/retomada-cultural-rs,https://gov.br/cultura
MinC,federal,Brasil,noticia,Rol de Responsáveis,formacao,nao identificado,formacao_mentoria,cultura,,-30,,https://www.gov.br/cultura/pt-br/acesso-a-informacao/auditorias/rol-de-responsaveis,https://gov.br/cultura
MinC,federal,Brasil,noticia,SERVIÇO DE INFORMAÇÃO AO CIDADÃO (SIC),formacao,nao identificado,formacao_mentoria,cultura,,-30,,https://ba.gov.br/cultura,https://ba.gov.br/cultura
MinC,federal,Brasil,noticia,Sanções Administrativas,formacao,nao identificado,formacao_mentoria,cultura,,-30,,https://www.gov.br/cultura/pt-br/acesso-a-informacao/sancoes-administrativas,https://gov.br/cultura
MinC,federal,Brasil,noticia,Servidores,formacao,nao identificado,formacao_mentoria,cultura,,-30,,https://www.gov.br/cultura/pt-br/acesso-a-informacao/servidores,https://gov.br/cultura
MinC,federal,Brasil,noticia,Serviço de Informação ao Cidadão (SIC),formacao,nao identificado,formacao_mentoria,cultura,,-30,,https://www.gov.br/cultura/pt-br/acesso-a-informacao/servico-de-informacao-ao-cidadao,https://gov.br/cultura
MinC,federal,Brasil,noticia,Sistema Nacional de Bibliotecas Públicas,formacao,nao identificado,formacao_mentoria,cultura,,-30,,https://www.gov.br/cultura/pt-br/acesso-a-informacao/perguntas-frequentes/sistema-nacional-de-bibliotecas-publicas,https://gov.br/cultura
MinC,federal,Brasil,noticia,Sistema Nacional de Cultura (SNC),formacao,nao identificado,formacao_mentoria,cultura,,-30,,https://www.gov.br/cultura/pt-br/acesso-a-informacao/perguntas-frequentes/sistema-nacional-de-cultura,https://gov.br/cultura
MinC,federal,Brasil,noticia,Territórios da Cultura,formacao,nao identificado,formacao_mentoria,cultura,,-30,,https://www.gov.br/cultura/pt-br/acesso-a-informacao/perguntas-frequentes/territorios-da-cultura,https://gov.br/cultura
MinC,federal,Brasil,noticia,Órgãos colegiados,formacao,nao identificado,formacao_mentoria,cultura,,-30,,https://www.gov.br/cultura/pt-br/acesso-a-informacao/institucional/orgaos-colegiados,https://gov.br/cultura
MinC,federal,Brasil,noticia,"Divulgação Divulgação , teatro goiânia",outro,nao identificado,nao identificado,cultura,,-30,,https://goias.gov.br/cultura/tags/divulgacao/,https://goias.gov.br/cultura
MinC,federal,Brasil,noticia,Sistema Nacional de Bibliotecas Públicas (SNBP),outro,nao identificado,nao identificado,cultura,,-30,,https://www.gov.br/cultura/pt-br/assuntos/sistema-nacional-de-bibliotecas-publicas-snbp,https://gov.br/cultura
MinC,federal,Brasil,noticia,"teatro goiânia Divulgação , teatro goiânia",outro,nao identificado,nao identificado,cultura,,-30,,https://goias.gov.br/cultura/tags/teatro-goiania/,https://goias.gov.br/cultura
Programa de Desenvolvimento do Audiovisual Mineiro,estadual,Brasil,noticia,Política Nacional Aldir Blanc (PNAB) Política Nacional Aldir Blanc (PNAB) Consulta Pública Simplificada Fóruns Setoriais Legislação Valores e Materiais,outro,nao identificado,nao identificado,cultura,,-30,,https://www.secult.mg.gov.br/documentos/lei-estadual-de-incentivo-a-cultura-leic,https://www.secult.mg.gov.br/documentos/lei-estadual-de-incentivo-a-cultura-leic
Secec DF,federal,Brasil,noticia,Serviço de Informação ao Cidadão – SIC,formacao,nao identificado,formacao_mentoria,cultura,,-30,,https://cultura.df.gov.br/servi%C3%A7o-de-informacao-ao-cidadao-sic,https://cultura.df.gov.br/cinebrasilia
Secec DF,federal,Brasil,noticia,Biblioteca Nacional de Brasília (BNB),outro,nao identificado,nao identificado,cultura,,-30,,https://cultura.df.gov.br/biblioteca-nacional-da-republica,https://cultura.df.gov.br/cinebrasilia
Secec DF,federal,Brasil,noticia,Biblioteca Pública de Brasília (BPB),outro,nao identificado,nao identificado,cultura,,-30,,https://cultura.df.gov.br/biblioteca-publica-de-brasilia,https://cultura.df.gov.br/cinebrasilia
Secec DF,federal,Brasil,noticia,Espaços Culturais Espaços Culturais Biblioteca Nacional de Brasília (BNB) Biblioteca Pública de Brasília (BPB) Casa do Cantador Centro Cultural Três Poderes (CC3P) Centro de Dança Cine Brasília Cine Itapuã Complexo Cultural de Planaltina (CCP) Complexo Cultural de Samambaia (CCS) Concha Acústica C Espaços Culturais Biblioteca Nacional de Brasília (BNB) Biblioteca Pública de Brasília (BPB) Casa do Cantador Centro Cultural Três Poderes (CC3P) Centro de Dança Cine Brasília Cine Itapuã Complexo Cultural de Planaltina (,outro,nao identificado,nao identificado,cultura,,-30,,https://cultura.df.gov.br/equipamentos-culturais-2,https://cultura.df.gov.br/cinebrasilia
Secec DF,federal,Brasil,noticia,Museu Nacional da República (MuN),outro,nao identificado,nao identificado,cultura,,-30,,https://cultura.df.gov.br/museu-nacional-republica,https://cultura.df.gov.br/cinebrasilia
Secec DF,federal,Brasil,noticia,PNAB Cultura divulga resultado final do mérito da PNAB DF 2025,outro,nao identificado,nao identificado,cultura,,-30,2025,https://cultura.df.gov.br/w/cultura-divulga-resultado-final-do-merito-da-pnab-df-2025-1,https://cultura.df.gov.br
Secec DF,federal,Brasil,noticia,Patrimônio Cultural Patrimônio Cultural Espaços Culturais Biblioteca Nacional de Brasília (BNB) Biblioteca Pública de Brasília (BPB) Casa do Cantador Centro Cultural Três Poderes (CC3P) Centro de Dança Cine Brasília Cine Itapuã Complexo Cultural de Planaltina (CCP) Complexo Cultural de Samambaia (CC Patrimônio Cultural Espaços Culturais Biblioteca Nacional de Brasília (BNB) Biblioteca Pública de Brasília (BPB) Casa do Cantador Centro Cultural Três Poderes (CC3P) Centro de Dança Cine Brasília Cine Itapuã Complexo Cu,outro,nao identificado,nao identificado,cultura,,-30,,https://cultura.df.gov.br/patrimoniocultural,https://cultura.df.gov.br/cinebrasilia
Secult AM,estadual,Brasil,noticia,Biblioteca Pública,outro,nao identificado,nao identificado,cultura,,-30,,https://cultura.am.gov.br/espacos-culturais/bibliotecas/biblioteca-publica/,https://cultura.am.gov.br/producao-lirica-brasileira-com-montagem-inedita-de-carlos-gomes-e-celebrada-no-27o-festival-amazonas-de-opera
"Special programas Special programas FDCP Special programas include annual celebrations, film competitions, roundtable discussions, recognition programas, fundo de cinemas and laboratorios.",outro,Não identificado,noticia,Discover Philippines Discover Philippines News Contact,outro,nao identificado,nao identificado,audiovisual,,-30,,https://fdcp.ph/programs/film-philippines-office,https://fdcp.ph/isapelikula
bolsas e apoios & Awards,outro,Internacional,noticia,"Fiscal Sponsorship Spotlight: Beyond the Headlines Programs Wed 5.6.2026 Fiscal Sponsorship Spotlight: Beyond the Headlines By John Squire Welcome to Fiscal Spotlight, a special monthly round up of projects—at all stages of production—working their way through Film Independent’s Fiscal Sponsorship pipeline. Enjoy! ‘If it bleeds, it leads’ is a news maxim for a reason. The more brutal, shocking and violent a story is... Read More",outro,producao,producao_obra,audiovisual,,-30,2026,https://www.filmindependent.org/blog/fiscal-sponsorship-spotlight-beyond-the-headlines/,https://www.filmindependent.org/programs
bolsas e apoios & Awards,outro,Internacional,noticia,"John Squire By John Squire Programs Wed 5.6.2026 Fiscal Sponsorship Spotlight: Beyond the Headlines By John Squire Welcome to Fiscal Spotlight, a special monthly round up of projects—at all stages of production—working their way through Film Independent’s Fiscal Sponsorship pipeline. Enjoy! ‘If it bleeds, it leads’ is a news maxim for a reason. The more brutal, shocking and violent a story is... Read More",outro,producao,producao_obra,audiovisual,,-30,2026,https://www.filmindependent.org/blog/author/jsquire/,https://www.filmindependent.org/programs
bolsas e apoios & Awards,outro,Internacional,noticia,"Programs Programs Wed 5.6.2026 Fiscal Sponsorship Spotlight: Beyond the Headlines By John Squire Welcome to Fiscal Spotlight, a special monthly round up of projects—at all stages of production—working their way through Film Independent’s Fiscal Sponsorship pipeline. Enjoy! ‘If it bleeds, it leads’ is a news maxim for a reason. The more brutal, shocking and violent a story is... Read More",outro,producao,producao_obra,audiovisual,,-30,2026,https://www.filmindependent.org/blog/?filter=programs,https://www.filmindependent.org/programs
bolsas e apoios & Awards,outro,Internacional,noticia,"Programs Wed 5.6.2026 Fiscal Sponsorship Spotlight: Beyond the Headlines By John Squire Welcome to Fiscal Spotlight, a special monthly round up of projects—at all stages of production—working their way through Film Independent’s Fiscal Sponsorship pipeline. Enjoy! ‘If it bleeds, it leads’ is a news maxim for a reason. The more brutal, shocking and violent a story is... Read More",outro,producao,producao_obra,audiovisual,,-30,2026,http://www.twitter.com/intent/tweet?url=https%3A%2F%2Fwww.filmindependent.org%2Fblog%2Ffiscal-sponsorship-spotlight-beyond-the-headlines%2F&text=Film+Independent+-+Fiscal+Sponsorship+Spotlight%3A+Beyond+the+Headlines,https://www.filmindependent.org/programs
bolsas e apoios & Awards,outro,Internacional,noticia,"Read More Welcome to Fiscal Spotlight, a special monthly round up of projects—at all stages of production—working their way through Film Independent’s Fiscal Sponsorship pipeline. Enjoy! ‘If it bleeds, it leads’ is a news maxim for a reason. The more brutal, shocking and violent a story is Programs Wed 5.6.2026 Fiscal Sponsorship Spotlight: Beyond the Headlines By John Squire Welcome to Fiscal Spotlight, a special monthly round up of projects—at all stages of production—working their way through Film Independent’s",outro,producao,producao_obra,audiovisual,,-30,2026,https://www.filmindependent.org/blog/fiscal-sponsorship-spotlight-beyond-the-headlines/,https://www.filmindependent.org/programs
festivals and mercados Build audiences for your projects,outro,Não identificado,noticia,"Correspondence and Email policy If you’re still unsure who to contact, please use the form below and we’ll direct your enquiry to the appropriate team. Before sending correspondence to us, please read our Correspondence and Email policy . Contact Us We welcome your questions and are here to help connect you with the right information or department. There are a number of ways to contact Screen Australia, depending on your enquiry. Home Contact Us Before getting in touch, you may find what you need on our website. If",outro,nao identificado,nao identificado,audiovisual,,-30,2025,https://www.screenaustralia.gov.au/wp-content/uploads/2025/07/Correspondence-and-email-policy.pdf,https://www.screenaustralia.gov.au/contact-us
festivals and mercados Build audiences for your projects,outro,Não identificado,noticia,"Freedom of Information If you have a general enquiry or can’t find what you’re looking for, please contact us using the form above. For Freedom of Information requests under the Freedom of Information Act, visit our Freedom of Information page for more details. Contact Us We welcome your questions and are here to help connect you with the right information or department. There are a number of ways to contact Screen Australia, depending on your enquiry. Home Contact Us Before getting in touch, you may find what you",outro,nao identificado,nao identificado,audiovisual,,-30,,https://www.screenaustralia.gov.au/corporate-documents/policies/freedom-of-information/,https://www.screenaustralia.gov.au/contact-us
festivals and mercados Build audiences for your projects,outro,Não identificado,noticia,"National Relay Service (NRS) The National Relay Service (NRS) is an Australia-wide phone service for people who are deaf, have hearing impairment and/or speech impairment and people wanting to communicate with them. Contact Us We welcome your questions and are here to help connect you with the right information or department. There are a number of ways to contact Screen Australia, depending on your enquiry. Home Contact Us Before getting in touch, you may find what you need on our website. If your enquiry relates t",outro,nao identificado,nao identificado,audiovisual,,-30,,http://www.accesshub.gov.au/about-the-nrs,https://www.screenaustralia.gov.au/contact-us
FUNDAÇÃO CULTURAL DO ESTADO DA BAHIA,estadual,Brasil,noticia,"A Fundação Cultural do Estado da Bahia, criada em 1974, é vinculada à SecultBA e tem como missão promover e viabilizar a arte para o fortalecimento da cultura e desenvolvimento da sociedade baiana. Articulada com sociedade civil e instituições públicas, a FUNCEB cria e implementa políticas, programas e projetos que promovam, incentivem e desenvolvam a formação, a criação, a produção, a pesquisa, a difusão e a memória",formacao,desenvolvimento,desenvolvimento_roteiro,cultura,,-31,1974,http://www.cultura.ba.gov.br/modules/noticias/arquivo.php?topic_id=8,https://www.ba.gov.br/cultura/21/fundacao-cultural-do-estado-da-bahia
SELEÇÃO DE REALIZADORES AUDIOVISUAIS PARA RESIDÊNCIA EM CINEMA DIRETO INTEGRANDO A PROGRAMAÇÃO DA CARTEIRA DE PROJETOS DA PARAÍBA NO ÂMBITO DA TEMPORADA BRASIL-FRANÇA 2025,federal,Brasil,noticia,"Cehap Governo da Paraíba conquista pelo quinto ano consecutivo o prêmio Selo de Mérito em Habitação de Interesse Social tags: prêmio , Selo de Mérito em Habitação de Interesse Social , Cehap publicado 16/05/2026 11h41 Notícias",premio,nao identificado,nao identificado,inovacao,,-31,2026,https://paraiba.pb.gov.br/@@busca?Subject:list=Cehap,https://paraiba.pb.gov.br/noticias
SELEÇÃO DE REALIZADORES AUDIOVISUAIS PARA RESIDÊNCIA EM CINEMA DIRETO INTEGRANDO A PROGRAMAÇÃO DA CARTEIRA DE PROJETOS DA PARAÍBA NO ÂMBITO DA TEMPORADA BRASIL-FRANÇA 2025,estadual,Brasil,noticia,Cresce participação nos Prêmios Professor Nota Mil e Escola Nota Mil e reforça valorização da educação pública,premio,nao identificado,nao identificado,inovacao,,-31,,https://paraiba.pb.gov.br/diretas/secretaria-da-educacao/noticias/cresce-participacao-nos-premios-professor-nota-mil-e-escola-nota-mil-e-reforca-valorizacao-da-educacao-publica,https://paraiba.pb.gov.br/diretas/secretaria-da-educacao
SELEÇÃO DE REALIZADORES AUDIOVISUAIS PARA RESIDÊNCIA EM CINEMA DIRETO INTEGRANDO A PROGRAMAÇÃO DA CARTEIRA DE PROJETOS DA PARAÍBA NO ÂMBITO DA TEMPORADA BRASIL-FRANÇA 2025,federal,Brasil,noticia,"Governo da Paraíba conquista pelo quinto ano consecutivo o prêmio Selo de Mérito em Habitação de Interesse Social Governo da Paraíba conquista pelo quinto ano consecutivo o prêmio Selo de Mérito em Habitação de Interesse Social tags: prêmio , Selo de Mérito em Habitação de Interesse Social , Cehap publicado 16/05/2026 11h41 Notícias",premio,nao identificado,nao identificado,inovacao,,-31,2026,https://paraiba.pb.gov.br/noticias/governo-da-paraiba-conquista-pelo-quinto-ano-consecutivo-o-premio-selo-de-merito-em-habitacao-de-interesse-social,https://paraiba.pb.gov.br/noticias
SELEÇÃO DE REALIZADORES AUDIOVISUAIS PARA RESIDÊNCIA EM CINEMA DIRETO INTEGRANDO A PROGRAMAÇÃO DA CARTEIRA DE PROJETOS DA PARAÍBA NO ÂMBITO DA TEMPORADA BRASIL-FRANÇA 2025,federal,Brasil,noticia,"Governo da Paraíba conquista pelo quinto ano consecutivo o prêmio Selo de Mérito em Habitação de Interesse Social tags: prêmio , Selo de Mérito em Habitação de Interesse Social , Cehap publicado 16/05/2026 11h41 Notícias",premio,nao identificado,nao identificado,inovacao,,-31,2026,https://paraiba.pb.gov.br/noticias/governo-da-paraiba-conquista-pelo-quinto-ano-consecutivo-o-premio-selo-de-merito-em-habitacao-de-interesse-social,https://paraiba.pb.gov.br/noticias
SELEÇÃO DE REALIZADORES AUDIOVISUAIS PARA RESIDÊNCIA EM CINEMA DIRETO INTEGRANDO A PROGRAMAÇÃO DA CARTEIRA DE PROJETOS DA PARAÍBA NO ÂMBITO DA TEMPORADA BRASIL-FRANÇA 2025,federal,Brasil,noticia,"Selo de Mérito em Habitação de Interesse Social Selo de Mérito em Habitação de Interesse Social , Governo da Paraíba conquista pelo quinto ano consecutivo o prêmio Selo de Mérito em Habitação de Interesse Social tags: prêmio , Selo de Mérito em Habitação de Interesse Social , Cehap publicado 16/05/2026 11h41 Notícias",premio,nao identificado,nao identificado,inovacao,,-31,2026,https://paraiba.pb.gov.br/@@busca?Subject:list=Selo de Mérito em Habitação de Interesse Social,https://paraiba.pb.gov.br/noticias
SELEÇÃO DE REALIZADORES AUDIOVISUAIS PARA RESIDÊNCIA EM CINEMA DIRETO INTEGRANDO A PROGRAMAÇÃO DA CARTEIRA DE PROJETOS DA PARAÍBA NO ÂMBITO DA TEMPORADA BRASIL-FRANÇA 2025,federal,Brasil,noticia,"prêmio prêmio , Governo da Paraíba conquista pelo quinto ano consecutivo o prêmio Selo de Mérito em Habitação de Interesse Social tags: prêmio , Selo de Mérito em Habitação de Interesse Social , Cehap publicado 16/05/2026 11h41 Notícias",premio,nao identificado,nao identificado,inovacao,,-31,2026,https://paraiba.pb.gov.br/@@busca?Subject:list=prêmio,https://paraiba.pb.gov.br/noticias
FCC - Fundação Catarinense de Cultura - HOME,estadual,Brasil,noticia,Santa Catarina Canta: última semana para se inscrever no maior festival de música do estado,festival,exibicao,festival_inscricao,cultura,,-33,,https://cultura.sc.gov.br/noticias/26403-santa-catarina-canta-ultima-semana-para-se-inscrever-no-maior-festival-de-musica-do-estado,https://cultura.sc.gov.br
Fundação Municipal de Cultura | Prefeitura de Belo Horizonte,municipal,Brasil,noticia,"Fundação Municipal de Cultura A Fundação Municipal de Cultura - FMC, instituída pela Lei n.º 9.011, em 1º de janeiro de 2005, tem por finalidades contribuir para o planejamento e a formulação de políticas públicas e executar programas, projetos e atividades voltadas ao desenvolvimento cultural do Município de Belo Horizonte. Vinculada à Secretaria Municipal de Cultura - SMC , a Fundação integra a Administração Públic",outro,desenvolvimento,desenvolvimento_roteiro,cultura,,-33,2005,whatsapp://send?text=https://prefeitura.pbh.gov.br/fundacao-municipal-de-cultura,https://prefeitura.pbh.gov.br/fundacao-municipal-de-cultura
Fundação Municipal de Cultura | Prefeitura de Belo Horizonte,municipal,Brasil,noticia,"Fundação Municipal de Cultura A Fundação Municipal de Cultura - FMC, instituída pela Lei n.º 9.011, em 1º de janeiro de 2005, tem por finalidades contribuir para o planejamento e a formulação de políticas públicas e executar programas, projetos e atividades voltadas ao desenvolvimento cultural do Município de Belo Horizonte. Vinculada à Secretaria Municipal de Cultura - SMC , a Fundação integra a Administração Públic",outro,desenvolvimento,desenvolvimento_roteiro,cultura,,-33,2005,https://www.facebook.com/sharer/sharer.php?u=https://prefeitura.pbh.gov.br/fundacao-municipal-de-cultura,https://prefeitura.pbh.gov.br/fundacao-municipal-de-cultura
Fundação de Parques Municipais e Zoobotânica | Prefeitura de Belo Horizonte,municipal,Brasil,noticia,"Fundação de Parques Municipais e Zoobotânica Resultado da fusão entre a antiga Fundação Municipal de Parques e a Fundação Zoo-Botânica de Belo Horizonte, a Fundação de Parques Municipais e Zoobotânica foi criada pelo Decreto n.º 16.684, de 31 de agosto de 2017, na reforma administrativa da Prefeitura de Belo Horizonte, com a principal missão de promover ações e programas de educação e manejo ambientais, atividades de",outro,nao identificado,nao identificado,inovacao,,-33,2017,whatsapp://send?text=https://prefeitura.pbh.gov.br/fundacao-de-parques-e-zoobotanica,https://prefeitura.pbh.gov.br/fundacao-de-parques-e-zoobotanica
Fundação de Parques Municipais e Zoobotânica | Prefeitura de Belo Horizonte,municipal,Brasil,noticia,"Fundação de Parques Municipais e Zoobotânica Resultado da fusão entre a antiga Fundação Municipal de Parques e a Fundação Zoo-Botânica de Belo Horizonte, a Fundação de Parques Municipais e Zoobotânica foi criada pelo Decreto n.º 16.684, de 31 de agosto de 2017, na reforma administrativa da Prefeitura de Belo Horizonte, com a principal missão de promover ações e programas de educação e manejo ambientais, atividades de",outro,nao identificado,nao identificado,inovacao,,-33,2017,https://www.facebook.com/sharer/sharer.php?u=https://prefeitura.pbh.gov.br/fundacao-de-parques-e-zoobotanica,https://prefeitura.pbh.gov.br/fundacao-de-parques-e-zoobotanica
MinC,federal,Brasil,noticia,"Festival Pelourinho Cultural abre temporada de forró com Márcia Short e U Tal do Xote, neste sábado (16) Festival Pelourinho Cultural abre temporada de forró com Márcia Short e U T Festival Pelourinho Cultural abre temporada de forró com Márcia Short e U Tal do Xote, neste sábado (16) Festival Pelourinho Cultural abre temporada de forró com Márcia Short e U Tal do Xote, neste sábado (16)",festival,exibicao,festival_inscricao,cultura,,-33,2026,http://www.ba.gov.br/cultura/noticias/2026-05/64000/festival-pelourinho-cultural-abre-temporada-de-forro-com-marcia-short-e-u,https://ba.gov.br/cultura
MinC,federal,Brasil,noticia,"Festival Pelourinho Cultural abre temporada de forró com Márcia Short e U Tal do Xote, neste sábado (16) Festival Pelourinho Cultural abre temporada de forró com Márcia Short e U Tal do Xote, neste sábado (16)",festival,exibicao,festival_inscricao,cultura,,-33,2026,https://ba.gov.br/cultura/noticias/2026-05/64000/festival-pelourinho-cultural-abre-temporada-de-forro-com-marcia-short-e-u,https://ba.gov.br/cultura
SELEÇÃO DE REALIZADORES AUDIOVISUAIS PARA RESIDÊNCIA EM CINEMA DIRETO INTEGRANDO A PROGRAMAÇÃO DA CARTEIRA DE PROJETOS DA PARAÍBA NO ÂMBITO DA TEMPORADA BRASIL-FRANÇA 2025,estadual,Brasil,noticia,"Festival Janinhar celebra cultura dos povos ciganos em Sousa, Condado, Marizópolis, Campina Grande e Imaculada",festival,exibicao,festival_inscricao,cultura,,-33,,https://paraiba.pb.gov.br/diretas/secretaria-da-cultura/noticias/festival-janinhar-celebra-cultura-dos-povos-ciganos-em-sousa-condado-marizopolis-campina-grande-e-imaculada,https://paraiba.pb.gov.br/diretas/secretaria-da-cultura
Film Independent,outro,Internacional,noticia,Film Independent Support Independent Creators Support Independent Creators Donate Today About Who We Are Our Impact Board of Directors Staff You Can Become a Member Donate Now Support Josh Welsh’s Legacy News & Events Blog Events Press Center Watch Now On Demand Content Rentals Film Independent Theater Casting Rooms Contact Us Get In Touch Jobs,trabalho,nao identificado,nao identificado,audiovisual,,-35,,https://www.filmindependent.org/,https://filmindependent.org
Programa de Desenvolvimento do Audiovisual Mineiro,estadual,Brasil,noticia,Audiovisual Audiovisual Programa de Desenvolvimento do Audiovisual Mineiro,outro,desenvolvimento,desenvolvimento_roteiro,audiovisual,,-35,,https://www.secult.mg.gov.br/home/agendas/controlador-geral,https://www.secult.mg.gov.br/home/agendas/controlador-geral
Fundação Cultural Palmares,federal,Brasil,noticia,Conselho Curador,outro,nao identificado,nao identificado,cultura,,-43,,https://www.gov.br/palmares/pt-br/assuntos/noticias/fundacao-cultural-palmares-empossa-conselho-curador-para-mandato-202620132029,https://gov.br/palmares
Fundação Cultural Palmares,federal,Brasil,noticia,Conselho Curador 08/05/2026,outro,nao identificado,nao identificado,cultura,,-43,2026,https://www.gov.br/palmares/pt-br/assuntos/noticias/fundacao-cultural-palmares-empossa-conselho-curador-para-mandato-202620132029,https://gov.br/palmares
Fundação Cultural Palmares,federal,Brasil,noticia,Novo Regimento Interno após 17 anos,outro,nao identificado,nao identificado,cultura,,-43,,https://www.gov.br/palmares/pt-br/assuntos/noticias/fundacao-cultural-palmares-aprova-novo-regimento-interno-apos-17-anos,https://gov.br/palmares
Fundação Cultural Palmares,federal,Brasil,noticia,Novo Regimento Interno após 17 anos 24/04/2026,outro,nao identificado,nao identificado,cultura,,-43,2026,https://www.gov.br/palmares/pt-br/assuntos/noticias/fundacao-cultural-palmares-aprova-novo-regimento-interno-apos-17-anos,https://gov.br/palmares
Fundação Cultural Palmares,federal,Brasil,noticia,Palmares Qualifica,outro,nao identificado,nao identificado,cultura,,-43,,https://www.gov.br/palmares/pt-br/assuntos/noticias/fundacao-palmares-lanca-programa-para-qualificacao-de-projetos-culturais,https://gov.br/palmares
Fundação Cultural Palmares,federal,Brasil,noticia,Palmares Qualifica 07/05/2026,outro,nao identificado,nao identificado,cultura,,-43,2026,https://www.gov.br/palmares/pt-br/assuntos/noticias/fundacao-palmares-lanca-programa-para-qualificacao-de-projetos-culturais,https://gov.br/palmares
Início | FUNCEB - Fundação Cultural,federal,Brasil,noticia,"""BTCA Convida"" promove encontros entre companhia pública e grupos da cena contemporânea baiana",outro,nao identificado,nao identificado,cultura,,-43,2026,http://www.ba.gov.br/fundacaocultural/noticias/2026-05/40064/btca-convida-promove-encontros-entre-companhia-publica-e-grupos-da-cena,https://fundacaocultural.ba.gov.br
Início | FUNCEB - Fundação Cultural,federal,Brasil,noticia,Funceb divulga resultado final do processo seletivo da Escola Livre de Teatro do CFA,outro,nao identificado,nao identificado,cultura,,-43,2026,http://www.ba.gov.br/fundacaocultural/noticias/2026-05/40063/funceb-divulga-resultado-final-do-processo-seletivo-da-escola-livre-de,https://fundacaocultural.ba.gov.br
SELEÇÃO DE REALIZADORES AUDIOVISUAIS PARA RESIDÊNCIA EM CINEMA DIRETO INTEGRANDO A PROGRAMAÇÃO DA CARTEIRA DE PROJETOS DA PARAÍBA NO ÂMBITO DA TEMPORADA BRASIL-FRANÇA 2025,federal,Brasil,noticia,"Mostra Paraíba, Aqui Tem SUS Mostra Paraíba, Aqui Tem SUS , Sétima Mostra “Paraíba, Aqui Tem SUS” reúne e premia projetos que fortalecem a saúde pública no Estado tags: Mostra Paraíba, Aqui Tem SUS , saúde pública , projetos publicado 15/05/2026 18h16 Notícias",mostra,exibicao,festival_inscricao,inovacao,,-43,2026,"https://paraiba.pb.gov.br/@@busca?Subject:list=Mostra Paraíba, Aqui Tem SUS ",https://paraiba.pb.gov.br/noticias
SELEÇÃO DE REALIZADORES AUDIOVISUAIS PARA RESIDÊNCIA EM CINEMA DIRETO INTEGRANDO A PROGRAMAÇÃO DA CARTEIRA DE PROJETOS DA PARAÍBA NO ÂMBITO DA TEMPORADA BRASIL-FRANÇA 2025,estadual,Brasil,noticia,"Sétima Mostra “Paraíba, Aqui Tem SUS” reúne e premia projetos que fortalecem a saúde pública no Estado Sétima Mostra “Paraíba, Aqui Tem SUS” reúne e premia projetos que fortalecem a saúde pública no Estado tags: Mostra Paraíba, Aqui Tem SUS , saúde pública , projetos publicado 15/05/2026 18h16 Notícias",mostra,exibicao,festival_inscricao,inovacao,,-43,2026,https://paraiba.pb.gov.br/noticias/setima-mostra-201cparaiba-aqui-tem-sus201d-reune-e-premia-projetos-que-fortalecem-a-saude-publica-no-estado,https://paraiba.pb.gov.br/noticias
SELEÇÃO DE REALIZADORES AUDIOVISUAIS PARA RESIDÊNCIA EM CINEMA DIRETO INTEGRANDO A PROGRAMAÇÃO DA CARTEIRA DE PROJETOS DA PARAÍBA NO ÂMBITO DA TEMPORADA BRASIL-FRANÇA 2025,estadual,Brasil,noticia,"Sétima Mostra “Paraíba, Aqui Tem SUS” reúne e premia projetos que fortalecem a saúde pública no Estado tags: Mostra Paraíba, Aqui Tem SUS , saúde pública , projetos publicado 15/05/2026 18h16 Notícias",mostra,exibicao,festival_inscricao,inovacao,,-43,2026,https://paraiba.pb.gov.br/noticias/setima-mostra-201cparaiba-aqui-tem-sus201d-reune-e-premia-projetos-que-fortalecem-a-saude-publica-no-estado,https://paraiba.pb.gov.br/noticias
SELEÇÃO DE REALIZADORES AUDIOVISUAIS PARA RESIDÊNCIA EM CINEMA DIRETO INTEGRANDO A PROGRAMAÇÃO DA CARTEIRA DE PROJETOS DA PARAÍBA NO ÂMBITO DA TEMPORADA BRASIL-FRANÇA 2025,federal,Brasil,noticia,"projetos Sétima Mostra “Paraíba, Aqui Tem SUS” reúne e premia projetos que fortalecem a saúde pública no Estado tags: Mostra Paraíba, Aqui Tem SUS , saúde pública , projetos publicado 15/05/2026 18h16 Notícias",mostra,exibicao,festival_inscricao,inovacao,,-43,2026,https://paraiba.pb.gov.br/@@busca?Subject:list=projetos,https://paraiba.pb.gov.br/noticias
SELEÇÃO DE REALIZADORES AUDIOVISUAIS PARA RESIDÊNCIA EM CINEMA DIRETO INTEGRANDO A PROGRAMAÇÃO DA CARTEIRA DE PROJETOS DA PARAÍBA NO ÂMBITO DA TEMPORADA BRASIL-FRANÇA 2025,federal,Brasil,noticia,"saúde pública saúde pública , Sétima Mostra “Paraíba, Aqui Tem SUS” reúne e premia projetos que fortalecem a saúde pública no Estado tags: Mostra Paraíba, Aqui Tem SUS , saúde pública , projetos publicado 15/05/2026 18h16 Notícias",mostra,exibicao,festival_inscricao,inovacao,,-43,2026,https://paraiba.pb.gov.br/@@busca?Subject:list=saúde pública,https://paraiba.pb.gov.br/noticias
Agência Nacional do Cinema,federal,Brasil,noticia,"Assistência Social Novo Bolsa Família (PBF) Finanças, Impostos e Gestão Pública Entregar Meu Imposto de Renda (DIRPF) Finanças, Impostos e Gestão Pública Novo Novo Desenrola Brasil - Famílias Justiça e Segurança Celular Seguro Assistência Social Novo Bolsa Família (PBF) Justiça e Segurança Obter Classificação indicativa (C",bolsa,nao identificado,nao identificado,inovacao,,-45,,https://www.gov.br/pt-br/servicos/receber-o-bolsa-familia?origem=destaque_home,https://gov.br
Agência Nacional do Cinema,federal,Brasil,noticia,"Finanças, Impostos e Gestão Pública Entregar Meu Imposto de Renda (DIRPF) Finanças, Impostos e Gestão Pública Entregar Meu Imposto de Renda (DIRPF) Finanças, Impostos e Gestão Pública Novo Novo Desenrola Brasil - Famílias Justiça e Segurança Celular Seguro Assistência Social Novo Bolsa Família (PBF) Justiça e Segurança Obter Classificação indicativa (C",bolsa,nao identificado,nao identificado,inovacao,,-45,,https://www.gov.br/pt-br/servicos/declarar-meu-imposto-de-renda?origem=destaque_home,https://gov.br
Agência Nacional do Cinema,federal,Brasil,noticia,"Finanças, Impostos e Gestão Pública Novo Novo Desenrola Brasil - Famílias Finanças, Impostos e Gestão Pública Entregar Meu Imposto de Renda (DIRPF) Finanças, Impostos e Gestão Pública Novo Novo Desenrola Brasil - Famílias Justiça e Segurança Celular Seguro Assistência Social Novo Bolsa Família (PBF) Justiça e Segurança Obter Classificação indicativa (C",bolsa,nao identificado,nao identificado,inovacao,,-45,,https://www.gov.br/pt-br/servicos/novo-desenrola-brasil-familias?origem=destaque_home,https://gov.br
Agência Nacional do Cinema,federal,Brasil,noticia,"Justiça e Segurança Celular Seguro Finanças, Impostos e Gestão Pública Entregar Meu Imposto de Renda (DIRPF) Finanças, Impostos e Gestão Pública Novo Novo Desenrola Brasil - Famílias Justiça e Segurança Celular Seguro Assistência Social Novo Bolsa Família (PBF) Justiça e Segurança Obter Classificação indicativa (C",bolsa,nao identificado,nao identificado,inovacao,,-45,,https://www.gov.br/pt-br/servicos/comunicar-roubo-furto-de-aparelho-pelo-aplicativo-celular-seguro?origem=destaque_home,https://gov.br
Agência Nacional do Cinema,federal,Brasil,noticia,"Justiça e Segurança Obter Classificação indicativa (Classind) Finanças, Impostos e Gestão Pública Entregar Meu Imposto de Renda (DIRPF) Finanças, Impostos e Gestão Pública Novo Novo Desenrola Brasil - Famílias Justiça e Segurança Celular Seguro Assistência Social Novo Bolsa Família (PBF) Justiça e Segurança Obter Classificação indicativa (C",bolsa,nao identificado,nao identificado,inovacao,,-45,,https://www.gov.br/pt-br/servicos/obter-classificacao-indicativa?origem=destaque_home,https://gov.br
Programa de Desenvolvimento do Audiovisual Mineiro,estadual,Brasil,noticia,Instituições Instituições Arquivo Público Mineiro Biblioteca Pública Estadual Circuito Liberdade Museus Centro de Arte Popular Museu Casa Alphonsus de Guimaraens Museu Casa Guignard Museu Casa Guimarães Rosa Museu do Crédito Real Museu dos Militares Mineiros Museu Mineiro Rádio Inconfidência Instituições Arquivo Público Mineiro Biblioteca Pública Estadual Circuito Liberdade Museus Centro de Arte Popular Museu Casa Alphonsus de Guimaraens Museu Casa Guignard Museu Casa Guimarães Rosa Museu do Crédito Real Museu dos,outro,nao identificado,nao identificado,cultura,,-45,,https://www.secult.mg.gov.br/documentos/lei-paulo-gustavo-lpg/contatos,https://www.secult.mg.gov.br/documentos/lei-paulo-gustavo-lpg/contatos
Programa de Desenvolvimento do Audiovisual Mineiro,estadual,Brasil,noticia,Lei Paulo Gustavo Lei Paulo Gustavo 10 Maio 2023 Consulta Pública Simplificada Sobre Consulta Pública Simplificada Formulário de coleta de sugestões para aplicação da Lei Paulo Gustavo Calendário de escuta aos Setores da Sociedade Qualquer dúvida favor entrar em contato: Este endereço de email está sendo protegido de spambots. Você precisa do JavaScript ativado para vê-lo.,outro,nao identificado,desenvolvimento_roteiro,inovacao,,-45,2023,https://www.secult.mg.gov.br/documentos/lei-paulo-gustavo-lpg/consulta-simplificada/145-lei-paulo-gustavo?layout=,https://www.secult.mg.gov.br/documentos/lei-paulo-gustavo-lpg/consulta-simplificada
Programa de Desenvolvimento do Audiovisual Mineiro,outro,Internacional,noticia,"Sobre o Plano de Ação Lei Paulo Gustavo 21 Julho 2023 Dúvidas A Secretaria de Estado de Cultura e Turismo esclarece as principais dúvidas para manter a transparência do processo relacionado à Lei Paulo Gustavo em Minas Gerais. Reunimos abaixo lives de esclarecimentos e os questionamentos mais frequentes com as respectivas respostas, a fim de sanar as principais dúvidas e compartilhar com o público as informações necessárias, reforçando a",outro,nao identificado,nao identificado,cultura,,-45,2023,https://www.youtube.com/watch?v=eVD1P4g8qA0&t=13s,https://www.secult.mg.gov.br/documentos/lei-paulo-gustavo-lpg/duvidas
Reveja as Imersões,estadual,Brasil,noticia,Espaços Culturais Espaços Culturais Parque Cultural Casa do Governador Galeria Homero Massena Theatro Carlos Gomes Biblioteca Pública do Espírito Santo Bib Móvel Bib Transcol Casa da Música Sônia Cabral Museu de Arte do Espírito Santo Dionísio Del Santo Museu do Colono Legislação,outro,nao identificado,nao identificado,cultura,,-45,,https://secult.es.gov.br/pnab-politica-nacional-aldir-blanc,https://secult.es.gov.br/pnab-politica-nacional-aldir-blanc
Reveja as Imersões,estadual,Brasil,noticia,Espaços Culturais Espaços Culturais Parque Cultural Casa do Governador Galeria Homero Massena Theatro Carlos Gomes Biblioteca Pública do Espírito Santo Bib Móvel Bib Transcol Casa da Música Sônia Cabral Museu de Arte do Espírito Santo Dionísio Del Santo Museu do Colono Legislação,outro,nao identificado,nao identificado,cultura,,-45,2022,https://secult.es.gov.br/ciclo-2022,https://secult.es.gov.br/ciclo-2022
Reveja as Imersões,estadual,Brasil,noticia,Espaços Culturais Espaços Culturais Parque Cultural Casa do Governador Galeria Homero Massena Theatro Carlos Gomes Biblioteca Pública do Espírito Santo Bib Móvel Bib Transcol Casa da Música Sônia Cabral Museu de Arte do Espírito Santo Dionísio Del Santo Museu do Colono Legislação,outro,nao identificado,nao identificado,cultura,,-45,2023,https://secult.es.gov.br/ciclo-2023,https://secult.es.gov.br/ciclo-2023
SELEÇÃO DE REALIZADORES AUDIOVISUAIS PARA RESIDÊNCIA EM CINEMA DIRETO INTEGRANDO A PROGRAMAÇÃO DA CARTEIRA DE PROJETOS DA PARAÍBA NO ÂMBITO DA TEMPORADA BRASIL-FRANÇA 2025,outro,Não identificado,noticia,Navegar para Esquerda Navegar para Esquerda Secretarias Indiretas Acesso à informação Ouvidoria Portal da Transparência Carta de Serviços Diário Oficial Contatos Guia da rede de enfrentamento à violência Navegar para direita,formacao,nao identificado,desenvolvimento_roteiro,inovacao,,-45,,javascript:window.barraIdentidade.scrollBarraEsquerda();,https://paraiba.pb.gov.br/diretas/secretaria-da-cultura
SELEÇÃO DE REALIZADORES AUDIOVISUAIS PARA RESIDÊNCIA EM CINEMA DIRETO INTEGRANDO A PROGRAMAÇÃO DA CARTEIRA DE PROJETOS DA PARAÍBA NO ÂMBITO DA TEMPORADA BRASIL-FRANÇA 2025,outro,Não identificado,noticia,Navegar para direita Navegar para Esquerda Secretarias Indiretas Acesso à informação Ouvidoria Portal da Transparência Carta de Serviços Diário Oficial Contatos Guia da rede de enfrentamento à violência Navegar para direita,formacao,nao identificado,desenvolvimento_roteiro,inovacao,,-45,,javascript:window.barraIdentidade.scrollBarra();,https://paraiba.pb.gov.br/diretas/secretaria-da-cultura
SELEÇÃO DE REALIZADORES AUDIOVISUAIS PARA RESIDÊNCIA EM CINEMA DIRETO INTEGRANDO A PROGRAMAÇÃO DA CARTEIRA DE PROJETOS DA PARAÍBA NO ÂMBITO DA TEMPORADA BRASIL-FRANÇA 2025,federal,Brasil,noticia,"Campina Grande Governo da Paraíba assume gestão do Hospital Materno Infantil Clipsi e ultrapassa mil atendimentos em apenas 15 dias tags: Hospital Materno Infantil Clipsi , atendimentos , Campina Grande publicado 16/05/2026 16h34 Notícias",outro,nao identificado,nao identificado,inovacao,,-45,2026,https://paraiba.pb.gov.br/@@busca?Subject:list=Campina Grande,https://paraiba.pb.gov.br/noticias
SELEÇÃO DE REALIZADORES AUDIOVISUAIS PARA RESIDÊNCIA EM CINEMA DIRETO INTEGRANDO A PROGRAMAÇÃO DA CARTEIRA DE PROJETOS DA PARAÍBA NO ÂMBITO DA TEMPORADA BRASIL-FRANÇA 2025,federal,Brasil,noticia,"Governo da Paraíba assume gestão do Hospital Materno Infantil Clipsi e ultrapassa mil atendimentos em apenas 15 dias Governo da Paraíba assume gestão do Hospital Materno Infantil Clipsi e ultrapassa mil atendimentos em apenas 15 dias tags: Hospital Materno Infantil Clipsi , atendimentos , Campina Grande publicado 16/05/2026 16h34 Notícias",outro,nao identificado,nao identificado,inovacao,,-45,2026,https://paraiba.pb.gov.br/noticias/governo-da-paraiba-assume-gestao-do-hospital-materno-infantil-clipsi-e-ultrapassa-mil-atendimentos-em-apenas-15-dias,https://paraiba.pb.gov.br/noticias
SELEÇÃO DE REALIZADORES AUDIOVISUAIS PARA RESIDÊNCIA EM CINEMA DIRETO INTEGRANDO A PROGRAMAÇÃO DA CARTEIRA DE PROJETOS DA PARAÍBA NO ÂMBITO DA TEMPORADA BRASIL-FRANÇA 2025,federal,Brasil,noticia,"Governo da Paraíba assume gestão do Hospital Materno Infantil Clipsi e ultrapassa mil atendimentos em apenas 15 dias tags: Hospital Materno Infantil Clipsi , atendimentos , Campina Grande publicado 16/05/2026 16h34 Notícias",outro,nao identificado,nao identificado,inovacao,,-45,2026,https://paraiba.pb.gov.br/noticias/governo-da-paraiba-assume-gestao-do-hospital-materno-infantil-clipsi-e-ultrapassa-mil-atendimentos-em-apenas-15-dias,https://paraiba.pb.gov.br/noticias
SELEÇÃO DE REALIZADORES AUDIOVISUAIS PARA RESIDÊNCIA EM CINEMA DIRETO INTEGRANDO A PROGRAMAÇÃO DA CARTEIRA DE PROJETOS DA PARAÍBA NO ÂMBITO DA TEMPORADA BRASIL-FRANÇA 2025,federal,Brasil,noticia,"Hospital Materno Infantil Clipsi Hospital Materno Infantil Clipsi , Governo da Paraíba assume gestão do Hospital Materno Infantil Clipsi e ultrapassa mil atendimentos em apenas 15 dias tags: Hospital Materno Infantil Clipsi , atendimentos , Campina Grande publicado 16/05/2026 16h34 Notícias",outro,nao identificado,nao identificado,inovacao,,-45,2026,https://paraiba.pb.gov.br/@@busca?Subject:list=Hospital Materno Infantil Clipsi ,https://paraiba.pb.gov.br/noticias
SELEÇÃO DE REALIZADORES AUDIOVISUAIS PARA RESIDÊNCIA EM CINEMA DIRETO INTEGRANDO A PROGRAMAÇÃO DA CARTEIRA DE PROJETOS DA PARAÍBA NO ÂMBITO DA TEMPORADA BRASIL-FRANÇA 2025,federal,Brasil,noticia,"atendimentos atendimentos , Governo da Paraíba assume gestão do Hospital Materno Infantil Clipsi e ultrapassa mil atendimentos em apenas 15 dias tags: Hospital Materno Infantil Clipsi , atendimentos , Campina Grande publicado 16/05/2026 16h34 Notícias",outro,nao identificado,nao identificado,inovacao,,-45,2026,https://paraiba.pb.gov.br/@@busca?Subject:list=atendimentos,https://paraiba.pb.gov.br/noticias
Secult AM,estadual,Brasil,noticia,Contato Contato Fale conosco Imprensa,outro,nao identificado,nao identificado,cultura,,-45,2026,https://cultura.am.gov.br/ensaio-dos-bumbas-2026-curral-do-garantido-celebra-30-anos-do-mag-e-fortalece-tradicao-em-manaus,https://cultura.am.gov.br/ensaio-dos-bumbas-2026-curral-do-garantido-celebra-30-anos-do-mag-e-fortalece-tradicao-em-manaus
Secult ES,estadual,Brasil,noticia,Espaços Culturais Espaços Culturais Parque Cultural Casa do Governador Galeria Homero Massena Theatro Carlos Gomes Biblioteca Pública do Espírito Santo Bib Móvel Bib Transcol Casa da Música Sônia Cabral Museu de Arte do Espírito Santo Dionísio Del Santo Museu do Colono Legislação,outro,nao identificado,nao identificado,cultura,,-45,2025,https://secult.es.gov.br/ciclo-2025-espacos-culturais,https://secult.es.gov.br/ciclo-2025-espacos-culturais
Secult ES,estadual,Brasil,noticia,Espaços Culturais Espaços Culturais Parque Cultural Casa do Governador Galeria Homero Massena Theatro Carlos Gomes Biblioteca Pública do Espírito Santo Bib Móvel Bib Transcol Casa da Música Sônia Cabral Museu de Arte do Espírito Santo Dionísio Del Santo Museu do Colono Legislação,outro,nao identificado,nao identificado,cultura,,-45,,https://secult.es.gov.br/circulaçãoeintercâmbio2024,https://secult.es.gov.br/circulaçãoeintercâmbio2024
Secult ES,estadual,Brasil,noticia,Espaços Culturais Espaços Culturais Parque Cultural Casa do Governador Galeria Homero Massena Theatro Carlos Gomes Biblioteca Pública do Espírito Santo Bib Móvel Bib Transcol Casa da Música Sônia Cabral Museu de Arte do Espírito Santo Dionísio Del Santo Museu do Colono Legislação,outro,nao identificado,nao identificado,cultura,,-45,,https://secult.es.gov.br/grupodearquivos,https://secult.es.gov.br/grupodearquivos
Secult ES,estadual,Brasil,noticia,Espaços Culturais Espaços Culturais Parque Cultural Casa do Governador Galeria Homero Massena Theatro Carlos Gomes Biblioteca Pública do Espírito Santo Bib Móvel Bib Transcol Casa da Música Sônia Cabral Museu de Arte do Espírito Santo Dionísio Del Santo Museu do Colono Legislação,outro,nao identificado,nao identificado,cultura,,-45,,https://secult.es.gov.br,https://secult.es.gov.br
Secult ES,estadual,Brasil,noticia,Espaços Culturais Espaços Culturais Parque Cultural Casa do Governador Galeria Homero Massena Theatro Carlos Gomes Biblioteca Pública do Espírito Santo Bib Móvel Bib Transcol Casa da Música Sônia Cabral Museu de Arte do Espírito Santo Dionísio Del Santo Museu do Colono Legislação,outro,nao identificado,nao identificado,cultura,,-45,,https://secult.es.gov.br/licc,https://secult.es.gov.br/licc
bolsas e apoios & Awards,outro,Internacional,noticia,"Programs Wed 5.6.2026 Fiscal Sponsorship Spotlight: Beyond the Headlines By John Squire Welcome to Fiscal Spotlight, a special monthly round up of projects—at all stages of production—working their way through Film Independent’s Fiscal Sponsorship pipeline. Enjoy! ‘If it bleeds, it leads’ is a news maxim for a reason. The more brutal, shocking and violent a story is... Read More",outro,producao,producao_obra,audiovisual,,-45,2026,http://www.facebook.com/sharer/sharer.php?u=https%3A%2F%2Fwww.filmindependent.org%2Fblog%2Ffiscal-sponsorship-spotlight-beyond-the-headlines%2F,https://www.filmindependent.org/programs
"festivals, activities and cinemas",outro,Não identificado,noticia,Search menu,outro,nao identificado,nao identificado,audiovisual,,-45,,https://telefilm.ca/en/who-we-are/news-room,https://telefilm.ca/en/who-we-are/news-room
"Education and Training financiamentoFind out more about national and international bursaries, bolsas e apoios for training providers and our in-house training programmes.",internacional,Não identificado,noticia,Close Search,outro,nao identificado,nao identificado,inovacao,,-50,,https://www.nfvf.co.za/latest-news,https://www.nfvf.co.za/latest-news
"Education and Training financiamentoFind out more about national and international bursaries, bolsas e apoios for training providers and our in-house training programmes.",internacional,Não identificado,noticia,Research Research Research Overview Research Reports,outro,nao identificado,nao identificado,inovacao,,-50,,https://www.nfvf.co.za/latest-news,https://www.nfvf.co.za/latest-news
financiamento,outro,Internacional,noticia,Sector Sector Close Sector Open Sector Sector Close Sector Open Sector Gain insight to B.C.’s creative sector comprised of original storytellers Creative Sector Research + Reports Sector-wide Services Stories Industries Book Publishing Interactive Digital Media Magazine Publishing Motion Picture Music + Sound Recording Multi-Creative Industry Services Related Links News Calendar Stories News Calendar Stories,mercado,mercado,mercado_pitch_coproducao,cultura,,-50,,https://creativebc.com/sector/,https://creativebc.com/motion-picture-tax-credits/apply-for-tax-credits-online
Fundação Municipal de Cultura | Prefeitura de Belo Horizonte,municipal,Brasil,noticia,NOTÍCIAS FUNDAÇÃO MUNICIPAL DE CULTURA,outro,nao identificado,nao identificado,cultura,,-53,,https://prefeitura.pbh.gov.br/estrutura-de-governo/fundacao-municipal-de-cultura/noticias,https://prefeitura.pbh.gov.br/fundacao-municipal-de-cultura
Início | FUNCEB - Fundação Cultural,federal,Brasil,noticia,"Após período de recursos, TCA.Núcleo de Teatro divulga resultado da 21ª edição Após período de recursos, TCA.Núcleo de Teatro divulga resultado da 21ª edição Após período de recurs Após período de recursos, TCA.Núcleo de Teatro divulga resultado da 21ª edição Após período de recursos, TCA.Núcleo de Teatro divulga resultado da 21ª edição Após período de recursos, TCA.Núcleo de Teatro divulga resultado da 21ª edição",formacao,nao identificado,formacao_mentoria,cultura,,-53,2026,http://www.ba.gov.br/fundacaocultural/noticias/2026-05/40071/apos-periodo-de-recursos-tcanucleo-de-teatro-divulga-resultado-da-21a-edicao,https://fundacaocultural.ba.gov.br
Secult ES,estadual,Brasil,noticia,Reveja as Imersões,outro,nao identificado,nao identificado,cultura,,-53,,https://secult.es.gov.br/Noticia/reveja-as-imersoes-do-programa-de-coinvestimentos-da-cultura-fundo-a-fundo,https://secult.es.gov.br/edital-de-selecao-de-profissionais-para-comissoes-julgadoras-do-funcultura
ANCINE,federal,Brasil,noticia,Nota de Pesar,outro,nao identificado,nao identificado,inovacao,,-55,,https://www.gov.br/ancine/pt-br/assuntos/noticias/nota-de-pesar-silviodarin,https://gov.br/ancine
ANCINE,federal,Brasil,noticia,Publicado o Decreto da Cota de Tela para 2026,outro,nao identificado,nao identificado,inovacao,,-55,2026,https://www.gov.br/ancine/pt-br/assuntos/noticias/publicado-o-decreto-da-cota-de-tela-para-2026,https://gov.br/ancine
CTAV,federal,Brasil,noticia,"PROGRAMA ACERVO CTAV O Torneio Amílcar Cabral (1979) Sinopse: Torneio de futebol disputado por Cabo Verde, Gâmbia, Guiné-Conacri, Guiné-Bissau, Mali, Mauritânia e Senegal, em janei PROGRAMA ACERVO CTAV O Torneio Amílcar Cabral (1979) Sinopse: Torneio de futebol disputado por Cabo Verde, Gâmbia, Guiné-Conacri, Guiné-Bissau, Mali, Mauritânia e Senegal, em janeiro de 1979.",outro,nao identificado,nao identificado,inovacao,,-55,1979,https://gov.br/ctav/pt-br/noticias/o-torneio-amilcar-cabral-1979,https://gov.br/ctav
FCC - Fundação Catarinense de Cultura - HOME,federal,Brasil,noticia,Biblioteca Pública de Santa Catarina promove nova edição da Oficina de Isogravura e Poesia de Cordel para crianças,formacao,nao identificado,formacao_mentoria,cultura,,-55,,https://cultura.sc.gov.br/noticias/1424-noticias-biblioteca-publica-de-sc/26416-biblioteca-publica-de-santa-catarina-promove-oficina-de-isogravura-e-poesia-de-cordel-para-criancas-3,https://cultura.sc.gov.br
FCC - Fundação Catarinense de Cultura - HOME,federal,Brasil,noticia,"Biblioteca Pública de Santa Catarina promove oficina ""Círculos Encantados Mandalas""",formacao,nao identificado,formacao_mentoria,cultura,,-55,,https://cultura.sc.gov.br/noticias/1424-noticias-biblioteca-publica-de-sc/26408-biblioteca-publica-de-santa-catarina-promove-oficina-circulos-encantados-mandalas,https://cultura.sc.gov.br
FCC - Fundação Catarinense de Cultura - HOME,federal,Brasil,noticia,Artista Celaine Refosco participa de encontro com o público no MASC,outro,nao identificado,nao identificado,cultura,,-55,,https://cultura.sc.gov.br/noticias/1418-noticias-masc/26418-artista-celaine-refosco-participa-de-encontro-com-o-publico-no-masc,https://cultura.sc.gov.br
FCC - Fundação Catarinense de Cultura - HOME,federal,Brasil,noticia,CIC tem nova opção de acesso em horários especiais,outro,nao identificado,nao identificado,cultura,,-55,,https://cultura.sc.gov.br/noticias/26414-cic-tem-nova-opcao-de-acesso,https://cultura.sc.gov.br
FCC - Fundação Catarinense de Cultura - HOME,federal,Brasil,noticia,Camerata Florianópolis apresenta repertório pop em show com renda revertida à Rede Feminina de Combate ao Câncer,outro,nao identificado,nao identificado,cultura,,-55,,https://cultura.sc.gov.br/noticias/tar/26411-camerata-florianopolis-apresenta-repertorio-pop-em-show-com-renda-revertida-a-rede-feminina-de-combate-ao-cancer,https://cultura.sc.gov.br
FCC - Fundação Catarinense de Cultura - HOME,federal,Brasil,noticia,Exposição no MIS/SC aproxima tradições de Santa Catarina e Pernambuco,outro,nao identificado,nao identificado,cultura,,-55,,https://cultura.sc.gov.br/noticias/1417-noticias-mis/26417-exposicao-no-mis-sc-aproxima-tradicoes-de-santa-catarina-e-pernambuco,https://cultura.sc.gov.br
FCC - Fundação Catarinense de Cultura - HOME,federal,Brasil,noticia,Polícia Militar de Santa Catarina apresenta concerto de aniversário no Teatro Ademir Rosa,outro,nao identificado,nao identificado,cultura,,-55,,https://cultura.sc.gov.br/noticias/tar/26409-policia-militar-de-santa-catarina-apresenta-concerto-de-aniversario-no-teatro-ademir-rosa,https://cultura.sc.gov.br
Fundação Cultural Palmares,federal,Brasil,noticia,Agenda de Autoridades,formacao,nao identificado,formacao_mentoria,inovacao,,-55,,https://www.gov.br/palmares/pt-br/acesso-a-informacao/institucional/agenda-de-autoridades,https://gov.br/palmares
Fundação Cultural Palmares,federal,Brasil,noticia,Notícias Palmares,outro,nao identificado,nao identificado,inovacao,,-55,,https://www.gov.br/palmares/pt-br/assuntos/noticias/,https://gov.br/palmares
Fundação de Parques Municipais e Zoobotânica | Prefeitura de Belo Horizonte,municipal,Brasil,noticia,NOTÍCIAS PARQUES E ZOOBOTÂNICA,outro,nao identificado,nao identificado,inovacao,,-55,,https://prefeitura.pbh.gov.br/estrutura-de-governo/parques/noticias,https://prefeitura.pbh.gov.br/fundacao-de-parques-e-zoobotanica
Fundo Setorial do Audiovisual - FSA,federal,Brasil,noticia,"Acesso à Informação Acesso à Informação Institucional Apresentação Organograma Quem é quem Competências Regimento Interno Auditoria Interna Agenda das Autoridades Procuradoria Federal Corregedoria Ações e Programas Programas, Projetos, Ações, Obras e Atividades Carta de Serviços Concessões de Recurs Acesso à Informação Institucional Apresentação Organograma Quem é quem Competências Regimento Interno Auditoria Interna Agenda das Autoridades Procuradoria Federal Corregedoria Ações e Programas Programas, Projetos, Açõ",formacao,nao identificado,formacao_mentoria,inovacao,,-55,,https://www.gov.br/ancine/pt-br/acesso-a-informacao,https://www.gov.br/ancine/pt-br/fsa
MinC,federal,Brasil,noticia,Acesso à Informação Acesso à Informação Institucional Apresentação Biografia da Ministra da Cultura Organograma Competências Quem é Quem Perfil Profissional Agenda de Autoridades Escritórios Estaduais do Ministério da Cultura Órgãos colegiados Atos Normativos Base jurídica Horário de Atendimento Açõ Acesso à Informação Institucional Apresentação Biografia da Ministra da Cultura Organograma Competências Quem é Quem Perfil Profissional Agenda de Autoridades Escritórios Estaduais do Ministério da Cultura Órgãos colegi,formacao,nao identificado,formacao_mentoria,cultura,,-55,,https://www.gov.br/cultura/pt-br/acesso-a-informacao,https://gov.br/cultura
MinC,federal,Brasil,noticia,Brasil destaca educação artística como direito e ferramenta de transformação social em Congresso Ibero-Americano na Colômbia,formacao,nao identificado,formacao_mentoria,cultura,,-55,,https://www.gov.br/cultura/pt-br/assuntos/noticias/brasil-destaca-educacao-artistica-como-direito-e-ferramenta-de-transformacao-social-em-congresso-ibero-americano-na-colombia,https://gov.br/cultura
MinC,federal,Brasil,noticia,INTERNACIONAL Brasil destaca educação artística como direito e ferramenta de transformação social em Congresso Ibero-Americano na Colômbia,formacao,nao identificado,formacao_mentoria,cultura,,-55,,https://www.gov.br/cultura/pt-br/assuntos/noticias/brasil-destaca-educacao-artistica-como-direito-e-ferramenta-de-transformacao-social-em-congresso-ibero-americano-na-colombia,https://gov.br/cultura
MinC,federal,Brasil,noticia,Institucional Institucional Apresentação Biografia da Ministra da Cultura Organograma Competências Quem é Quem Perfil Profissional Agenda de Autoridades Escritórios Estaduais do Ministério da Cultura Órgãos colegiados Atos Normativos Base jurídica Horário de Atendimento,formacao,nao identificado,formacao_mentoria,cultura,,-55,,https://www.gov.br/cultura/pt-br/acesso-a-informacao/institucional,https://gov.br/cultura
MinC,federal,Brasil,noticia,Agricultura e Pecuária,outro,nao identificado,nao identificado,cultura,,-55,,https://www.gov.br/pt-br/noticias/agricultura-e-pecuaria,https://gov.br/cultura
MinC,estadual,Brasil,noticia,CARTILHA PARA GESTORES DE ESPAÇOS CULTURAIS DA BAHIA,outro,nao identificado,nao identificado,cultura,,-55,2026,https://www.ba.gov.br/cultura/noticias/2026-03/63906/secultba-disponibiliza-cartilha-para-gestores-de-espacos-culturais-da-bahia,https://ba.gov.br/cultura
MinC,estadual,Brasil,noticia,CARTILHA PARA GESTORES MUNICIPAIS,outro,nao identificado,nao identificado,cultura,,-55,2025,https://www.ba.gov.br/cultura/noticias/2025-05/63336/secretaria-estadual-de-cultura-lanca-cartilha-para-gestores-municipais-da,https://ba.gov.br/cultura
MinC,federal,Brasil,noticia,COLÔMBIA MinC destaca papel da educação artística na construção da paz durante Congresso Ibero-Americano,outro,nao identificado,nao identificado,cultura,,-55,,https://www.gov.br/cultura/pt-br/assuntos/noticias/minc-destaca-papel-da-educacao-artistica-na-construcao-da-paz-durante-congresso-ibero-americano,https://gov.br/cultura
MinC,federal,Brasil,noticia,Cultura e Esporte,outro,nao identificado,nao identificado,cultura,,-55,,https://www.gov.br/pt-br/noticias/cultura-artes-historia-e-esportes,https://gov.br/cultura
MinC,federal,Brasil,noticia,Forças Armadas e Defesa Civil,outro,nao identificado,nao identificado,inovacao,,-55,,https://www.gov.br/pt-br/noticias/forcas-armadas,https://gov.br/cultura
MinC,estadual,Brasil,noticia,Governo do Estado entrega obra de restauração do Santuário Senhor dos Passos,outro,nao identificado,nao identificado,cultura,,-55,2026,http://www.ba.gov.br/cultura/noticias/2026-05/63997/governo-do-estado-entrega-obra-de-restauracao-do-santuario-senhor-dos-passos,https://ba.gov.br/cultura
MinC,federal,Brasil,noticia,MinC destaca papel da educação artística na construção da paz durante Congresso Ibero-Americano,outro,nao identificado,nao identificado,cultura,,-55,,https://www.gov.br/cultura/pt-br/assuntos/noticias/minc-destaca-papel-da-educacao-artistica-na-construcao-da-paz-durante-congresso-ibero-americano,https://gov.br/cultura
MinC,federal,Brasil,noticia,Notícias Notícias Serviços para o cidadão Saúde Agricultura e Pecuária Cidadania e Assistência Social Ciência e Tecnologia Comunicação Cultura e Esporte Economia e Gestão Pública Educação e Pesquisa Energia Forças Armadas e Defesa Civil Infraestrutura Justiça e Segurança Meio Ambiente Tra Notícias Serviços para o cidadão Saúde Agricultura e Pecuária Cidadania e Assistência Social Ciência e Tecnologia Comunicação Cultura e Esporte Economia e Gestão Pública Educação e Pesquisa Energia Forças Armadas e Defesa Civil In,outro,nao identificado,nao identificado,cultura,,-55,,https://www.gov.br/pt-br/noticias,https://gov.br/cultura
SELEÇÃO DE REALIZADORES AUDIOVISUAIS PARA RESIDÊNCIA EM CINEMA DIRETO INTEGRANDO A PROGRAMAÇÃO DA CARTEIRA DE PROJETOS DA PARAÍBA NO ÂMBITO DA TEMPORADA BRASIL-FRANÇA 2025,federal,Brasil,noticia,"Auxiliar de Logística Sine-PB capacita mais 30 jovens de Bayeux na área de Auxiliar de Logística tags: Sine-PB , capacitação , Bayeux , Auxiliar de Logística publicado 16/05/2026 11h27 Notícias",formacao,nao identificado,formacao_mentoria,inovacao,,-55,2026,https://paraiba.pb.gov.br/@@busca?Subject:list=Auxiliar de Logística,https://paraiba.pb.gov.br/noticias
SELEÇÃO DE REALIZADORES AUDIOVISUAIS PARA RESIDÊNCIA EM CINEMA DIRETO INTEGRANDO A PROGRAMAÇÃO DA CARTEIRA DE PROJETOS DA PARAÍBA NO ÂMBITO DA TEMPORADA BRASIL-FRANÇA 2025,federal,Brasil,noticia,"Bayeux Bayeux , Sine-PB capacita mais 30 jovens de Bayeux na área de Auxiliar de Logística tags: Sine-PB , capacitação , Bayeux , Auxiliar de Logística publicado 16/05/2026 11h27 Notícias",formacao,nao identificado,formacao_mentoria,inovacao,,-55,2026,https://paraiba.pb.gov.br/@@busca?Subject:list=Bayeux ,https://paraiba.pb.gov.br/noticias
SELEÇÃO DE REALIZADORES AUDIOVISUAIS PARA RESIDÊNCIA EM CINEMA DIRETO INTEGRANDO A PROGRAMAÇÃO DA CARTEIRA DE PROJETOS DA PARAÍBA NO ÂMBITO DA TEMPORADA BRASIL-FRANÇA 2025,federal,Brasil,noticia,Governo e Caixa promovem formação para gestores dos sistemas CadÚnico e Bolsa Família,formacao,nao identificado,formacao_mentoria,inovacao,,-55,,https://paraiba.pb.gov.br/noticias/governo-e-caixa-promovem-formacao-para-gestores-dos-sistemas-cadunico-e-bolsa-familia,https://paraiba.pb.gov.br/diretas/secretaria-de-desenvolvimento-humano
SELEÇÃO DE REALIZADORES AUDIOVISUAIS PARA RESIDÊNCIA EM CINEMA DIRETO INTEGRANDO A PROGRAMAÇÃO DA CARTEIRA DE PROJETOS DA PARAÍBA NO ÂMBITO DA TEMPORADA BRASIL-FRANÇA 2025,federal,Brasil,noticia,Programa Paraíba Contra o Câncer é destaque em seminário nacional do Inca no Rio de Janeiro,formacao,nao identificado,formacao_mentoria,inovacao,,-55,,https://paraiba.pb.gov.br/diretas/saude/noticias/programa-paraiba-contra-o-cancer-e-destaque-em-seminario-nacional-do-inca-no-rio-de-janeiro,https://paraiba.pb.gov.br/diretas/secretaria-da-saude
SELEÇÃO DE REALIZADORES AUDIOVISUAIS PARA RESIDÊNCIA EM CINEMA DIRETO INTEGRANDO A PROGRAMAÇÃO DA CARTEIRA DE PROJETOS DA PARAÍBA NO ÂMBITO DA TEMPORADA BRASIL-FRANÇA 2025,estadual,Brasil,noticia,SEAFDS é destaque no Seminário Nacional da Agricultura Familiar,formacao,desenvolvimento,desenvolvimento_roteiro,cultura,,-55,,https://paraiba.pb.gov.br/diretas/secretaria-de-agricultura-familiar-e-desenvolvimento-do-semiarido/noticias/seafds-e-destaque-no-seminario-nacional-da-agricultura-familiar,https://paraiba.pb.gov.br/diretas/secretaria-de-agricultura-familiar-e-desenvolvimento-do-semiarido
SELEÇÃO DE REALIZADORES AUDIOVISUAIS PARA RESIDÊNCIA EM CINEMA DIRETO INTEGRANDO A PROGRAMAÇÃO DA CARTEIRA DE PROJETOS DA PARAÍBA NO ÂMBITO DA TEMPORADA BRASIL-FRANÇA 2025,federal,Brasil,noticia,"Sine-PB Sine-PB , Sine-PB capacita mais 30 jovens de Bayeux na área de Auxiliar de Logística tags: Sine-PB , capacitação , Bayeux , Auxiliar de Logística publicado 16/05/2026 11h27 Notícias",formacao,nao identificado,formacao_mentoria,inovacao,,-55,2026,https://paraiba.pb.gov.br/@@busca?Subject:list=Sine-PB,https://paraiba.pb.gov.br/noticias
SELEÇÃO DE REALIZADORES AUDIOVISUAIS PARA RESIDÊNCIA EM CINEMA DIRETO INTEGRANDO A PROGRAMAÇÃO DA CARTEIRA DE PROJETOS DA PARAÍBA NO ÂMBITO DA TEMPORADA BRASIL-FRANÇA 2025,federal,Brasil,noticia,"Sine-PB capacita mais 30 jovens de Bayeux na área de Auxiliar de Logística Sine-PB capacita mais 30 jovens de Bayeux na área de Auxiliar de Logística tags: Sine-PB , capacitação , Bayeux , Auxiliar de Logística publicado 16/05/2026 11h27 Notícias",formacao,nao identificado,formacao_mentoria,inovacao,,-55,2026,https://paraiba.pb.gov.br/noticias/sine-pb-capacita-mais-30-jovens-de-bayeux-na-area-de-auxiliar-de-logistica,https://paraiba.pb.gov.br/noticias
SELEÇÃO DE REALIZADORES AUDIOVISUAIS PARA RESIDÊNCIA EM CINEMA DIRETO INTEGRANDO A PROGRAMAÇÃO DA CARTEIRA DE PROJETOS DA PARAÍBA NO ÂMBITO DA TEMPORADA BRASIL-FRANÇA 2025,federal,Brasil,noticia,"Sine-PB capacita mais 30 jovens de Bayeux na área de Auxiliar de Logística tags: Sine-PB , capacitação , Bayeux , Auxiliar de Logística publicado 16/05/2026 11h27 Notícias",formacao,nao identificado,formacao_mentoria,inovacao,,-55,2026,https://paraiba.pb.gov.br/noticias/sine-pb-capacita-mais-30-jovens-de-bayeux-na-area-de-auxiliar-de-logistica,https://paraiba.pb.gov.br/noticias
SELEÇÃO DE REALIZADORES AUDIOVISUAIS PARA RESIDÊNCIA EM CINEMA DIRETO INTEGRANDO A PROGRAMAÇÃO DA CARTEIRA DE PROJETOS DA PARAÍBA NO ÂMBITO DA TEMPORADA BRASIL-FRANÇA 2025,federal,Brasil,noticia,"capacitação capacitação , Sine-PB capacita mais 30 jovens de Bayeux na área de Auxiliar de Logística tags: Sine-PB , capacitação , Bayeux , Auxiliar de Logística publicado 16/05/2026 11h27 Notícias",formacao,nao identificado,formacao_mentoria,inovacao,,-55,2026,https://paraiba.pb.gov.br/@@busca?Subject:list=capacitação ,https://paraiba.pb.gov.br/noticias
SELEÇÃO DE REALIZADORES AUDIOVISUAIS PARA RESIDÊNCIA EM CINEMA DIRETO INTEGRANDO A PROGRAMAÇÃO DA CARTEIRA DE PROJETOS DA PARAÍBA NO ÂMBITO DA TEMPORADA BRASIL-FRANÇA 2025,federal,Brasil,noticia,"56ª Expapi reúne mais de 1,2 mil animais e implementos agropecuários em Campina Grande 56ª Expapi reúne mais de 1,2 mil animais e implementos agropecuários em Campina Grande tags: expapi , paraíba agronegócios , campina grande , feira , sedap-pb publicado 18/05/2026 10h03 Notícias",outro,nao identificado,nao identificado,inovacao,,-55,2026,https://paraiba.pb.gov.br/noticias/56a-expapi-reune-mais-de-1-2-mil-animais-e-implementos-agropecuarios-em-campina-grande,https://paraiba.pb.gov.br/noticias
SELEÇÃO DE REALIZADORES AUDIOVISUAIS PARA RESIDÊNCIA EM CINEMA DIRETO INTEGRANDO A PROGRAMAÇÃO DA CARTEIRA DE PROJETOS DA PARAÍBA NO ÂMBITO DA TEMPORADA BRASIL-FRANÇA 2025,federal,Brasil,noticia,"56ª Expapi reúne mais de 1,2 mil animais e implementos agropecuários em Campina Grande tags: expapi , paraíba agronegócios , campina grande , feira , sedap-pb publicado 18/05/2026 10h03 Notícias",outro,nao identificado,nao identificado,inovacao,,-55,2026,https://paraiba.pb.gov.br/noticias/56a-expapi-reune-mais-de-1-2-mil-animais-e-implementos-agropecuarios-em-campina-grande,https://paraiba.pb.gov.br/noticias
SELEÇÃO DE REALIZADORES AUDIOVISUAIS PARA RESIDÊNCIA EM CINEMA DIRETO INTEGRANDO A PROGRAMAÇÃO DA CARTEIRA DE PROJETOS DA PARAÍBA NO ÂMBITO DA TEMPORADA BRASIL-FRANÇA 2025,estadual,Brasil,noticia,"AAPD-PB disputou importante competição de Basquete em Cadeira de Rodas, no Paraná",outro,nao identificado,nao identificado,inovacao,,-55,,https://paraiba.pb.gov.br/diretas/secretaria-da-juventude-esporte-e-lazer/noticias/matriculas-para-alunos-novatos-da-vila-olimpica-parahyba-serao-feitas-on-line-nos-dias-22-e-23-de-janeiro-1,https://paraiba.pb.gov.br/diretas/secretaria-da-juventude-esporte-e-lazer
SELEÇÃO DE REALIZADORES AUDIOVISUAIS PARA RESIDÊNCIA EM CINEMA DIRETO INTEGRANDO A PROGRAMAÇÃO DA CARTEIRA DE PROJETOS DA PARAÍBA NO ÂMBITO DA TEMPORADA BRASIL-FRANÇA 2025,federal,Brasil,noticia,"Alfabetiza Mais Paraíba Paraíba é reconhecida no Senado como um dos cinco estados que mais alfabetizam no Brasil tags: Senado , Alfabetização , Alfabetiza Mais Paraíba publicado 18/05/2026 15h28 Notícias",outro,nao identificado,nao identificado,inovacao,,-55,2026,https://paraiba.pb.gov.br/@@busca?Subject:list=Alfabetiza Mais Paraíba,https://paraiba.pb.gov.br/noticias
SELEÇÃO DE REALIZADORES AUDIOVISUAIS PARA RESIDÊNCIA EM CINEMA DIRETO INTEGRANDO A PROGRAMAÇÃO DA CARTEIRA DE PROJETOS DA PARAÍBA NO ÂMBITO DA TEMPORADA BRASIL-FRANÇA 2025,federal,Brasil,noticia,"Alfabetização Alfabetização , Paraíba é reconhecida no Senado como um dos cinco estados que mais alfabetizam no Brasil tags: Senado , Alfabetização , Alfabetiza Mais Paraíba publicado 18/05/2026 15h28 Notícias",outro,nao identificado,nao identificado,inovacao,,-55,2026,https://paraiba.pb.gov.br/@@busca?Subject:list=Alfabetização,https://paraiba.pb.gov.br/noticias
SELEÇÃO DE REALIZADORES AUDIOVISUAIS PARA RESIDÊNCIA EM CINEMA DIRETO INTEGRANDO A PROGRAMAÇÃO DA CARTEIRA DE PROJETOS DA PARAÍBA NO ÂMBITO DA TEMPORADA BRASIL-FRANÇA 2025,estadual,Brasil,noticia,Alto Contraste,outro,nao identificado,nao identificado,inovacao,,-55,2026,https://paraiba.pb.gov.br/diretas/secretaria-da-educacao/noticias/primeira-chance-estudantes-e-empresas-concedentes-ja-podem-se-inscrever-na-edicao-2026-do-programa,https://paraiba.pb.gov.br/diretas/secretaria-da-educacao/noticias/primeira-chance-estudantes-e-empresas-concedentes-ja-podem-se-inscrever-na-edicao-2026-do-programa
SELEÇÃO DE REALIZADORES AUDIOVISUAIS PARA RESIDÊNCIA EM CINEMA DIRETO INTEGRANDO A PROGRAMAÇÃO DA CARTEIRA DE PROJETOS DA PARAÍBA NO ÂMBITO DA TEMPORADA BRASIL-FRANÇA 2025,federal,Brasil,noticia,Alto Contraste,outro,nao identificado,nao identificado,inovacao,,-55,,https://paraiba.pb.gov.br/noticias,https://paraiba.pb.gov.br/noticias
SELEÇÃO DE REALIZADORES AUDIOVISUAIS PARA RESIDÊNCIA EM CINEMA DIRETO INTEGRANDO A PROGRAMAÇÃO DA CARTEIRA DE PROJETOS DA PARAÍBA NO ÂMBITO DA TEMPORADA BRASIL-FRANÇA 2025,federal,Brasil,noticia,Artesanato paraibano é destaque em São Paulo no 22° Salão do Artesanato — Raízes brasileiras,outro,nao identificado,nao identificado,cultura,,-55,2014,https://paraiba.pb.gov.br/noticias/artesanato-paraibano-e-destaque-em-sao-paulo-no-22deg-salao-do-artesanato-2014-raizes-brasileiras,https://paraiba.pb.gov.br/diretas/secretaria-de-planejamento-orcamento-e-gestao
SELEÇÃO DE REALIZADORES AUDIOVISUAIS PARA RESIDÊNCIA EM CINEMA DIRETO INTEGRANDO A PROGRAMAÇÃO DA CARTEIRA DE PROJETOS DA PARAÍBA NO ÂMBITO DA TEMPORADA BRASIL-FRANÇA 2025,federal,Brasil,noticia,"BNDES BNDES , BNDES destaca impacto de PPP do saneamento na Paraíba tags: BNDES , parceria público-privada , saneamento , Cagepa publicado 15/05/2026 19h05 Notícias",outro,nao identificado,nao identificado,inovacao,,-55,2026,https://paraiba.pb.gov.br/@@busca?Subject:list=BNDES ,https://paraiba.pb.gov.br/noticias
SELEÇÃO DE REALIZADORES AUDIOVISUAIS PARA RESIDÊNCIA EM CINEMA DIRETO INTEGRANDO A PROGRAMAÇÃO DA CARTEIRA DE PROJETOS DA PARAÍBA NO ÂMBITO DA TEMPORADA BRASIL-FRANÇA 2025,federal,Brasil,noticia,"BNDES destaca impacto de PPP do saneamento na Paraíba BNDES destaca impacto de PPP do saneamento na Paraíba tags: BNDES , parceria público-privada , saneamento , Cagepa publicado 15/05/2026 19h05 Notícias",outro,nao identificado,nao identificado,inovacao,,-55,2026,https://paraiba.pb.gov.br/noticias/bndes-destaca-impacto-de-parceria-publico-privada-do-saneamento-na-paraiba,https://paraiba.pb.gov.br/noticias
SELEÇÃO DE REALIZADORES AUDIOVISUAIS PARA RESIDÊNCIA EM CINEMA DIRETO INTEGRANDO A PROGRAMAÇÃO DA CARTEIRA DE PROJETOS DA PARAÍBA NO ÂMBITO DA TEMPORADA BRASIL-FRANÇA 2025,federal,Brasil,noticia,"BNDES destaca impacto de PPP do saneamento na Paraíba tags: BNDES , parceria público-privada , saneamento , Cagepa publicado 15/05/2026 19h05 Notícias",outro,nao identificado,nao identificado,inovacao,,-55,2026,https://paraiba.pb.gov.br/noticias/bndes-destaca-impacto-de-parceria-publico-privada-do-saneamento-na-paraiba,https://paraiba.pb.gov.br/noticias
SELEÇÃO DE REALIZADORES AUDIOVISUAIS PARA RESIDÊNCIA EM CINEMA DIRETO INTEGRANDO A PROGRAMAÇÃO DA CARTEIRA DE PROJETOS DA PARAÍBA NO ÂMBITO DA TEMPORADA BRASIL-FRANÇA 2025,federal,Brasil,noticia,"Banco Mundial Banco Mundial , Governo da Paraíba e Banco Mundial realizam missão do Projeto de Segurança Hídrica e acompanham avanços da setorização tags: Governo da Paraíba , Banco Mundial , missão , Projeto de Segurança Hídrica publicado 18/05/2026 18h44 Notícias",outro,nao identificado,nao identificado,inovacao,,-55,2026,https://paraiba.pb.gov.br/@@busca?Subject:list=Banco Mundial,https://paraiba.pb.gov.br/noticias
SELEÇÃO DE REALIZADORES AUDIOVISUAIS PARA RESIDÊNCIA EM CINEMA DIRETO INTEGRANDO A PROGRAMAÇÃO DA CARTEIRA DE PROJETOS DA PARAÍBA NO ÂMBITO DA TEMPORADA BRASIL-FRANÇA 2025,estadual,Brasil,noticia,CAA de Campina promove festa em comemoração ao dia das mães,outro,desenvolvimento,desenvolvimento_roteiro,inovacao,,-55,,https://paraiba.pb.gov.br/diretas/secretaria-de-desenvolvimento-humano/noticias/caa-de-campina-promove-festa-em-comemoracao-ao-dia-das-maes,https://paraiba.pb.gov.br/diretas/secretaria-de-desenvolvimento-humano
SELEÇÃO DE REALIZADORES AUDIOVISUAIS PARA RESIDÊNCIA EM CINEMA DIRETO INTEGRANDO A PROGRAMAÇÃO DA CARTEIRA DE PROJETOS DA PARAÍBA NO ÂMBITO DA TEMPORADA BRASIL-FRANÇA 2025,federal,Brasil,noticia,"Cagepa BNDES destaca impacto de PPP do saneamento na Paraíba tags: BNDES , parceria público-privada , saneamento , Cagepa publicado 15/05/2026 19h05 Notícias",outro,nao identificado,nao identificado,inovacao,,-55,2026,https://paraiba.pb.gov.br/@@busca?Subject:list=Cagepa,https://paraiba.pb.gov.br/noticias
SELEÇÃO DE REALIZADORES AUDIOVISUAIS PARA RESIDÊNCIA EM CINEMA DIRETO INTEGRANDO A PROGRAMAÇÃO DA CARTEIRA DE PROJETOS DA PARAÍBA NO ÂMBITO DA TEMPORADA BRASIL-FRANÇA 2025,federal,Brasil,noticia,"Campina Grande Lucas Ribeiro abre 56ª Expapi neste domingo no Parque de Exposição de Campina Grande tags: Lucas Ribeiro , Expapi , Campina Grande publicado 16/05/2026 13h30 Notícias",outro,nao identificado,nao identificado,inovacao,,-55,2026,https://paraiba.pb.gov.br/@@busca?Subject:list=Campina Grande,https://paraiba.pb.gov.br/noticias
SELEÇÃO DE REALIZADORES AUDIOVISUAIS PARA RESIDÊNCIA EM CINEMA DIRETO INTEGRANDO A PROGRAMAÇÃO DA CARTEIRA DE PROJETOS DA PARAÍBA NO ÂMBITO DA TEMPORADA BRASIL-FRANÇA 2025,estadual,Brasil,noticia,"Centro de Convenções de Campina Grande recebe maior Confep da história com mais de 3,4 mil participantes",outro,desenvolvimento,desenvolvimento_roteiro,inovacao,,-55,,https://paraiba.pb.gov.br/diretas/secretaria-de-turismo-e-desenvolvimento-economico/noticias/centro-de-convencoes-de-campina-grande-recebe-maior-confep-da-historia-com-mais-de-3-4-mil-participantes,https://paraiba.pb.gov.br/diretas/secretaria-de-turismo-e-desenvolvimento-economico
SELEÇÃO DE REALIZADORES AUDIOVISUAIS PARA RESIDÊNCIA EM CINEMA DIRETO INTEGRANDO A PROGRAMAÇÃO DA CARTEIRA DE PROJETOS DA PARAÍBA NO ÂMBITO DA TEMPORADA BRASIL-FRANÇA 2025,estadual,Brasil,noticia,Conselho de Cultura recomenda à Famup inserção dos trios de forró pé de serra nas festividades de São João,outro,nao identificado,nao identificado,cultura,,-55,,https://paraiba.pb.gov.br/diretas/secretaria-da-cultura/noticias/conselho-de-cultura-recomenda-a-famup-insercao-dos-trios-de-forro-pe-de-serra-nas-festividades-de-sao-joao,https://paraiba.pb.gov.br/diretas/secretaria-da-cultura
SELEÇÃO DE REALIZADORES AUDIOVISUAIS PARA RESIDÊNCIA EM CINEMA DIRETO INTEGRANDO A PROGRAMAÇÃO DA CARTEIRA DE PROJETOS DA PARAÍBA NO ÂMBITO DA TEMPORADA BRASIL-FRANÇA 2025,federal,Brasil,noticia,"Coremas Hospital e Maternidade Estevam Marinho realiza 290 atendimentos durante o fim de semana em Coremas tags: Hospital e Maternidade Estevam Marinho , atendimentos , fim de semana , Coremas publicado 18/05/2026 18h22 Notícias",outro,nao identificado,nao identificado,inovacao,,-55,2026,https://paraiba.pb.gov.br/@@busca?Subject:list=Coremas,https://paraiba.pb.gov.br/noticias
SELEÇÃO DE REALIZADORES AUDIOVISUAIS PARA RESIDÊNCIA EM CINEMA DIRETO INTEGRANDO A PROGRAMAÇÃO DA CARTEIRA DE PROJETOS DA PARAÍBA NO ÂMBITO DA TEMPORADA BRASIL-FRANÇA 2025,federal,Brasil,noticia,Doação de coração e outros órgãos beneficia seis pacientes,outro,nao identificado,nao identificado,inovacao,,-55,,https://paraiba.pb.gov.br/noticias/doacao-de-coracao-e-outros-orgaos-beneficia-seis-pacientes,https://paraiba.pb.gov.br/diretas/secretaria-da-saude
SELEÇÃO DE REALIZADORES AUDIOVISUAIS PARA RESIDÊNCIA EM CINEMA DIRETO INTEGRANDO A PROGRAMAÇÃO DA CARTEIRA DE PROJETOS DA PARAÍBA NO ÂMBITO DA TEMPORADA BRASIL-FRANÇA 2025,estadual,Brasil,noticia,Educação da Paraíba conclui embarque de estudantes para o Canadá pelo Conexão Mundo 2026,outro,nao identificado,nao identificado,inovacao,,-55,2026,https://paraiba.pb.gov.br/diretas/secretaria-da-educacao/noticias/educacao-da-paraiba-conclui-embarque-de-estudantes-para-o-canada-pelo-conexao-mundo-2026,https://paraiba.pb.gov.br/diretas/secretaria-da-educacao
SELEÇÃO DE REALIZADORES AUDIOVISUAIS PARA RESIDÊNCIA EM CINEMA DIRETO INTEGRANDO A PROGRAMAÇÃO DA CARTEIRA DE PROJETOS DA PARAÍBA NO ÂMBITO DA TEMPORADA BRASIL-FRANÇA 2025,estadual,Brasil,noticia,Educação da Paraíba mobiliza escolas e reforça campanha de vacinação dos estudantes da rede,outro,nao identificado,nao identificado,inovacao,,-55,,https://paraiba.pb.gov.br/diretas/secretaria-da-educacao/noticias/educacao-da-paraiba-mobiliza-escolas-e-reforca-campanha-de-vacinacao-dos-estudantes-da-rede,https://paraiba.pb.gov.br/diretas/secretaria-de-planejamento-orcamento-e-gestao
SELEÇÃO DE REALIZADORES AUDIOVISUAIS PARA RESIDÊNCIA EM CINEMA DIRETO INTEGRANDO A PROGRAMAÇÃO DA CARTEIRA DE PROJETOS DA PARAÍBA NO ÂMBITO DA TEMPORADA BRASIL-FRANÇA 2025,estadual,Brasil,noticia,Educação da Paraíba promove IX CEGER,outro,nao identificado,nao identificado,inovacao,,-55,,https://paraiba.pb.gov.br/diretas/secretaria-da-educacao/noticias/educacao-da-paraiba-promove-ix-ceger,https://paraiba.pb.gov.br/diretas/secretaria-da-educacao
SELEÇÃO DE REALIZADORES AUDIOVISUAIS PARA RESIDÊNCIA EM CINEMA DIRETO INTEGRANDO A PROGRAMAÇÃO DA CARTEIRA DE PROJETOS DA PARAÍBA NO ÂMBITO DA TEMPORADA BRASIL-FRANÇA 2025,federal,Brasil,noticia,"Expapi Expapi , Lucas Ribeiro abre 56ª Expapi neste domingo no Parque de Exposição de Campina Grande tags: Lucas Ribeiro , Expapi , Campina Grande publicado 16/05/2026 13h30 Notícias",outro,nao identificado,nao identificado,inovacao,,-55,2026,https://paraiba.pb.gov.br/@@busca?Subject:list=Expapi ,https://paraiba.pb.gov.br/noticias
SELEÇÃO DE REALIZADORES AUDIOVISUAIS PARA RESIDÊNCIA EM CINEMA DIRETO INTEGRANDO A PROGRAMAÇÃO DA CARTEIRA DE PROJETOS DA PARAÍBA NO ÂMBITO DA TEMPORADA BRASIL-FRANÇA 2025,federal,Brasil,noticia,Governador Lucas Ribeiro assina ordem de serviço da Vila Olímpica de Sousa durante audiência do ODE no município,outro,nao identificado,nao identificado,inovacao,,-55,,https://paraiba.pb.gov.br/noticias/governador-lucas-ribeiro-assina-ordem-de-servico-da-vila-olimpica-de-sousa-durante-audiencia-do-ode-no-municipio,https://paraiba.pb.gov.br/diretas/secretaria-da-juventude-esporte-e-lazer
SELEÇÃO DE REALIZADORES AUDIOVISUAIS PARA RESIDÊNCIA EM CINEMA DIRETO INTEGRANDO A PROGRAMAÇÃO DA CARTEIRA DE PROJETOS DA PARAÍBA NO ÂMBITO DA TEMPORADA BRASIL-FRANÇA 2025,federal,Brasil,noticia,Governador Lucas Ribeiro empossa novos secretários e destaca compromisso com ritmo de entregas à população da Paraíba,outro,nao identificado,nao identificado,inovacao,,-55,,https://paraiba.pb.gov.br/noticias/governador-lucas-ribeiro-empossa-novos-secretarios-e-destaca-compromisso-com-ritmo-de-entregas-a-populacao-da-paraiba,https://paraiba.pb.gov.br/diretas/secretaria-de-agricultura-familiar-e-desenvolvimento-do-semiarido
SELEÇÃO DE REALIZADORES AUDIOVISUAIS PARA RESIDÊNCIA EM CINEMA DIRETO INTEGRANDO A PROGRAMAÇÃO DA CARTEIRA DE PROJETOS DA PARAÍBA NO ÂMBITO DA TEMPORADA BRASIL-FRANÇA 2025,municipal,Brasil,noticia,Governador Lucas Ribeiro entrega Cidade Madura de Catolé do Rocha e assina ordem de serviço do Centro Poliesportivo de São Bento,outro,nao identificado,nao identificado,inovacao,,-55,,https://paraiba.pb.gov.br/noticias/governador-lucas-ribeiro-entrega-cidade-madura-de-catole-do-rocha-e-assina-ordem-de-servico-do-centro-poliesportivo-de-sao-bento,https://paraiba.pb.gov.br/diretas/secretaria-da-juventude-esporte-e-lazer
SELEÇÃO DE REALIZADORES AUDIOVISUAIS PARA RESIDÊNCIA EM CINEMA DIRETO INTEGRANDO A PROGRAMAÇÃO DA CARTEIRA DE PROJETOS DA PARAÍBA NO ÂMBITO DA TEMPORADA BRASIL-FRANÇA 2025,federal,Brasil,noticia,"Governo da Paraíba Governo da Paraíba , Governo da Paraíba e Banco Mundial realizam missão do Projeto de Segurança Hídrica e acompanham avanços da setorização tags: Governo da Paraíba , Banco Mundial , missão , Projeto de Segurança Hídrica publicado 18/05/2026 18h44 Notícias",outro,nao identificado,nao identificado,inovacao,,-55,2026,https://paraiba.pb.gov.br/@@busca?Subject:list=Governo da Paraíba ,https://paraiba.pb.gov.br/noticias
SELEÇÃO DE REALIZADORES AUDIOVISUAIS PARA RESIDÊNCIA EM CINEMA DIRETO INTEGRANDO A PROGRAMAÇÃO DA CARTEIRA DE PROJETOS DA PARAÍBA NO ÂMBITO DA TEMPORADA BRASIL-FRANÇA 2025,federal,Brasil,noticia,Governo da Paraíba amplia atendimento gov.br com o Balcão Paraíba Digital,outro,nao identificado,nao identificado,inovacao,,-55,,https://paraiba.pb.gov.br/noticias/governo-da-paraiba-amplia-atendimento-gov-br-com-o-balcao-paraiba-digital,https://paraiba.pb.gov.br/diretas/secretaria-de-administracao
SELEÇÃO DE REALIZADORES AUDIOVISUAIS PARA RESIDÊNCIA EM CINEMA DIRETO INTEGRANDO A PROGRAMAÇÃO DA CARTEIRA DE PROJETOS DA PARAÍBA NO ÂMBITO DA TEMPORADA BRASIL-FRANÇA 2025,federal,Brasil,noticia,"Governo da Paraíba e Banco Mundial realizam missão do Projeto de Segurança Hídrica e acompanham avanços da setorização Governo da Paraíba e Banco Mundial realizam missão do Projeto de Segurança Hídrica e acompanham avanços da setorização tags: Governo da Paraíba , Banco Mundial , missão , Projeto de Segurança Hídrica publicado 18/05/2026 18h44 Notícias",outro,nao identificado,nao identificado,inovacao,,-55,2026,https://paraiba.pb.gov.br/noticias/governo-da-paraiba-e-banco-mundial-realizam-missao-do-projeto-de-seguranca-hidrica-e-acompanham-avancos-da-setorizacao,https://paraiba.pb.gov.br/noticias
SELEÇÃO DE REALIZADORES AUDIOVISUAIS PARA RESIDÊNCIA EM CINEMA DIRETO INTEGRANDO A PROGRAMAÇÃO DA CARTEIRA DE PROJETOS DA PARAÍBA NO ÂMBITO DA TEMPORADA BRASIL-FRANÇA 2025,federal,Brasil,noticia,"Governo da Paraíba e Banco Mundial realizam missão do Projeto de Segurança Hídrica e acompanham avanços da setorização tags: Governo da Paraíba , Banco Mundial , missão , Projeto de Segurança Hídrica publicado 18/05/2026 18h44 Notícias",outro,nao identificado,nao identificado,inovacao,,-55,2026,https://paraiba.pb.gov.br/noticias/governo-da-paraiba-e-banco-mundial-realizam-missao-do-projeto-de-seguranca-hidrica-e-acompanham-avancos-da-setorizacao,https://paraiba.pb.gov.br/noticias
SELEÇÃO DE REALIZADORES AUDIOVISUAIS PARA RESIDÊNCIA EM CINEMA DIRETO INTEGRANDO A PROGRAMAÇÃO DA CARTEIRA DE PROJETOS DA PARAÍBA NO ÂMBITO DA TEMPORADA BRASIL-FRANÇA 2025,estadual,Brasil,noticia,Governo da Paraíba entrega kits de detecção de metanol ao Procon para reforçar fiscalização no Carnaval,outro,nao identificado,nao identificado,inovacao,,-55,,https://paraiba.pb.gov.br/diretas/secretaria-da-ciencia-tecnologia-inovacao-e-ensino-superior/noticias/governo-da-paraiba-entrega-kits-de-deteccao-de-metanol-ao-procon-para-reforcar-fiscalizacao-no-carnaval,https://paraiba.pb.gov.br/diretas/secretaria-da-ciencia-tecnologia-inovacao-e-ensino-superior
SELEÇÃO DE REALIZADORES AUDIOVISUAIS PARA RESIDÊNCIA EM CINEMA DIRETO INTEGRANDO A PROGRAMAÇÃO DA CARTEIRA DE PROJETOS DA PARAÍBA NO ÂMBITO DA TEMPORADA BRASIL-FRANÇA 2025,federal,Brasil,noticia,"Governo da Paraíba inicia reforma nos escritórios da Defesa Agropecuária Governo da Paraíba inicia reforma nos escritórios da Defesa Agropecuária tags: sedap-pb , reforma , escritórios , ulsav publicado 19/05/2026 09h54 Notícias",outro,nao identificado,nao identificado,inovacao,,-55,2026,https://paraiba.pb.gov.br/noticias/governo-da-paraiba-inicia-reforma-nos-escritorios-da-defesa-agropecuaria,https://paraiba.pb.gov.br/noticias
SELEÇÃO DE REALIZADORES AUDIOVISUAIS PARA RESIDÊNCIA EM CINEMA DIRETO INTEGRANDO A PROGRAMAÇÃO DA CARTEIRA DE PROJETOS DA PARAÍBA NO ÂMBITO DA TEMPORADA BRASIL-FRANÇA 2025,federal,Brasil,noticia,"Governo da Paraíba inicia reforma nos escritórios da Defesa Agropecuária tags: sedap-pb , reforma , escritórios , ulsav publicado 19/05/2026 09h54 Notícias",outro,nao identificado,nao identificado,inovacao,,-55,2026,https://paraiba.pb.gov.br/noticias/governo-da-paraiba-inicia-reforma-nos-escritorios-da-defesa-agropecuaria,https://paraiba.pb.gov.br/noticias
SELEÇÃO DE REALIZADORES AUDIOVISUAIS PARA RESIDÊNCIA EM CINEMA DIRETO INTEGRANDO A PROGRAMAÇÃO DA CARTEIRA DE PROJETOS DA PARAÍBA NO ÂMBITO DA TEMPORADA BRASIL-FRANÇA 2025,federal,Brasil,noticia,Governo da Paraíba realiza III Ciclo de Palestras sobre Direitos Previdenciários e Combate à Violência Doméstica para Mulheres do Campo,outro,nao identificado,nao identificado,inovacao,,-55,,https://paraiba.pb.gov.br/noticias/governo-da-paraiba-realiza-iii-ciclo-de-palestras-sobre-direitos-previdenciarios-e-combate-a-violencia-domestica-para-mulheres-do-campo,https://paraiba.pb.gov.br/diretas/secretaria-de-agricultura-familiar-e-desenvolvimento-do-semiarido
SELEÇÃO DE REALIZADORES AUDIOVISUAIS PARA RESIDÊNCIA EM CINEMA DIRETO INTEGRANDO A PROGRAMAÇÃO DA CARTEIRA DE PROJETOS DA PARAÍBA NO ÂMBITO DA TEMPORADA BRASIL-FRANÇA 2025,estadual,Brasil,noticia,Governo da Paraíba realiza encontro estratégico para tratar de pacto pela inovação para o Sertão,outro,nao identificado,nao identificado,inovacao,,-55,,https://paraiba.pb.gov.br/diretas/secretaria-da-ciencia-tecnologia-inovacao-e-ensino-superior/noticias/governo-da-paraiba-realiza-encontro-estrategico-para-tratar-de-pacto-pela-inovacao-para-o-sertao,https://paraiba.pb.gov.br/diretas/secretaria-da-ciencia-tecnologia-inovacao-e-ensino-superior
SELEÇÃO DE REALIZADORES AUDIOVISUAIS PARA RESIDÊNCIA EM CINEMA DIRETO INTEGRANDO A PROGRAMAÇÃO DA CARTEIRA DE PROJETOS DA PARAÍBA NO ÂMBITO DA TEMPORADA BRASIL-FRANÇA 2025,federal,Brasil,noticia,"Hospital Edson Ramalho Hospital Edson Ramalho , Hospital Edson Ramalho realiza mais de 390 atendimentos e 46 cirurgias durante o fim de semana tags: Hospital Edson Ramalho , atendimentos , cirurgias , fim de semana publicado 18/05/2026 15h04 Notícias",outro,nao identificado,nao identificado,inovacao,,-55,2026,https://paraiba.pb.gov.br/@@busca?Subject:list=Hospital Edson Ramalho ,https://paraiba.pb.gov.br/noticias
SELEÇÃO DE REALIZADORES AUDIOVISUAIS PARA RESIDÊNCIA EM CINEMA DIRETO INTEGRANDO A PROGRAMAÇÃO DA CARTEIRA DE PROJETOS DA PARAÍBA NO ÂMBITO DA TEMPORADA BRASIL-FRANÇA 2025,federal,Brasil,noticia,"Hospital Edson Ramalho realiza mais de 390 atendimentos e 46 cirurgias durante o fim de semana Hospital Edson Ramalho realiza mais de 390 atendimentos e 46 cirurgias durante o fim de semana tags: Hospital Edson Ramalho , atendimentos , cirurgias , fim de semana publicado 18/05/2026 15h04 Notícias",outro,nao identificado,nao identificado,inovacao,,-55,2026,https://paraiba.pb.gov.br/noticias/hospital-edson-ramalho-realiza-mais-de-390-atendimentos-e-46-cirurgias-durante-o-fim-de-semana,https://paraiba.pb.gov.br/noticias
SELEÇÃO DE REALIZADORES AUDIOVISUAIS PARA RESIDÊNCIA EM CINEMA DIRETO INTEGRANDO A PROGRAMAÇÃO DA CARTEIRA DE PROJETOS DA PARAÍBA NO ÂMBITO DA TEMPORADA BRASIL-FRANÇA 2025,federal,Brasil,noticia,"Hospital Regional de Guarabira Hospital Regional de Guarabira , Hospital Regional de Guarabira realiza mais de 330 atendimentos no final de semana tags: Hospital Regional de Guarabira , atendimentos , final de semana publicado 18/05/2026 16h13 Notícias",outro,nao identificado,nao identificado,inovacao,,-55,2026,https://paraiba.pb.gov.br/@@busca?Subject:list=Hospital Regional de Guarabira ,https://paraiba.pb.gov.br/noticias
SELEÇÃO DE REALIZADORES AUDIOVISUAIS PARA RESIDÊNCIA EM CINEMA DIRETO INTEGRANDO A PROGRAMAÇÃO DA CARTEIRA DE PROJETOS DA PARAÍBA NO ÂMBITO DA TEMPORADA BRASIL-FRANÇA 2025,federal,Brasil,noticia,"Hospital Regional de Guarabira Hospital Regional de Guarabira , Hospital Regional de Guarabira retoma cirurgias ortopédicas pelo Opera Paraíba e amplia acesso a procedimentos eletivos tags: Hospital Regional de Guarabira , cirurgias ortopédicas , Opera Paraíba , procedimentos eletivos publicado 18/05/2026 18h30 Notícias",outro,nao identificado,nao identificado,inovacao,,-55,2026,https://paraiba.pb.gov.br/@@busca?Subject:list=Hospital Regional de Guarabira ,https://paraiba.pb.gov.br/noticias
SELEÇÃO DE REALIZADORES AUDIOVISUAIS PARA RESIDÊNCIA EM CINEMA DIRETO INTEGRANDO A PROGRAMAÇÃO DA CARTEIRA DE PROJETOS DA PARAÍBA NO ÂMBITO DA TEMPORADA BRASIL-FRANÇA 2025,federal,Brasil,noticia,"Hospital Regional de Guarabira realiza mais de 330 atendimentos no final de semana Hospital Regional de Guarabira realiza mais de 330 atendimentos no final de semana tags: Hospital Regional de Guarabira , atendimentos , final de semana publicado 18/05/2026 16h13 Notícias",outro,nao identificado,nao identificado,inovacao,,-55,2026,https://paraiba.pb.gov.br/noticias/hospital-regional-de-guarabira-realiza-mais-de-330-atendimentos-no-final-de-semana-1,https://paraiba.pb.gov.br/noticias
SELEÇÃO DE REALIZADORES AUDIOVISUAIS PARA RESIDÊNCIA EM CINEMA DIRETO INTEGRANDO A PROGRAMAÇÃO DA CARTEIRA DE PROJETOS DA PARAÍBA NO ÂMBITO DA TEMPORADA BRASIL-FRANÇA 2025,federal,Brasil,noticia,"Hospital Regional de Guarabira retoma cirurgias ortopédicas pelo Opera Paraíba e amplia acesso a procedimentos eletivos Hospital Regional de Guarabira retoma cirurgias ortopédicas pelo Opera Paraíba e amplia acesso a procedimentos eletivos tags: Hospital Regional de Guarabira , cirurgias ortopédicas , Opera Paraíba , procedimentos eletivos publicado 18/05/2026 18h30 Notícias",outro,nao identificado,nao identificado,inovacao,,-55,2026,https://paraiba.pb.gov.br/noticias/hospital-regional-de-guarabira-retoma-cirurgias-ortopedicas-pelo-opera-paraiba-e-amplia-acesso-a-procedimentos-eletivos,https://paraiba.pb.gov.br/noticias
SELEÇÃO DE REALIZADORES AUDIOVISUAIS PARA RESIDÊNCIA EM CINEMA DIRETO INTEGRANDO A PROGRAMAÇÃO DA CARTEIRA DE PROJETOS DA PARAÍBA NO ÂMBITO DA TEMPORADA BRASIL-FRANÇA 2025,federal,Brasil,noticia,"Hospital Regional de Patos Hospital Regional de Patos , Hospital Regional de Patos atende 256 pessoas e realiza 34 cirurgias durante fim de semana tags: Hospital Regional de Patos , atendimentos , cirurgias , fim de semana , publicado 18/05/2026 17h51 Notícias",outro,nao identificado,nao identificado,inovacao,,-55,2026,https://paraiba.pb.gov.br/@@busca?Subject:list=Hospital Regional de Patos,https://paraiba.pb.gov.br/noticias
SELEÇÃO DE REALIZADORES AUDIOVISUAIS PARA RESIDÊNCIA EM CINEMA DIRETO INTEGRANDO A PROGRAMAÇÃO DA CARTEIRA DE PROJETOS DA PARAÍBA NO ÂMBITO DA TEMPORADA BRASIL-FRANÇA 2025,federal,Brasil,noticia,"Hospital Regional de Patos atende 256 pessoas e realiza 34 cirurgias durante fim de semana Hospital Regional de Patos atende 256 pessoas e realiza 34 cirurgias durante fim de semana tags: Hospital Regional de Patos , atendimentos , cirurgias , fim de semana , publicado 18/05/2026 17h51 Notícias",outro,nao identificado,nao identificado,inovacao,,-55,2026,https://paraiba.pb.gov.br/noticias/hospital-regional-de-patos-atende-256-pessoas-e-realiza-34-cirurgias-durante-fim-de-semana,https://paraiba.pb.gov.br/noticias
SELEÇÃO DE REALIZADORES AUDIOVISUAIS PARA RESIDÊNCIA EM CINEMA DIRETO INTEGRANDO A PROGRAMAÇÃO DA CARTEIRA DE PROJETOS DA PARAÍBA NO ÂMBITO DA TEMPORADA BRASIL-FRANÇA 2025,federal,Brasil,noticia,"Hospital Regional de Patos atende 256 pessoas e realiza 34 cirurgias durante fim de semana tags: Hospital Regional de Patos , atendimentos , cirurgias , fim de semana , publicado 18/05/2026 17h51 Notícias",outro,nao identificado,nao identificado,inovacao,,-55,2026,https://paraiba.pb.gov.br/@@busca?Subject:list=,https://paraiba.pb.gov.br/noticias
SELEÇÃO DE REALIZADORES AUDIOVISUAIS PARA RESIDÊNCIA EM CINEMA DIRETO INTEGRANDO A PROGRAMAÇÃO DA CARTEIRA DE PROJETOS DA PARAÍBA NO ÂMBITO DA TEMPORADA BRASIL-FRANÇA 2025,federal,Brasil,noticia,"Hospital Regional de Pombal registra mais de 610 atendimentos no fim de semana Hospital Regional de Pombal registra mais de 610 atendimentos no fim de semana tags: saúde , hospital regional , pombal , balanço , fim de semana publicado 18/05/2026 08h46 Notícias",outro,nao identificado,nao identificado,inovacao,,-55,2026,https://paraiba.pb.gov.br/noticias/hospital-regional-de-pombal-registra-mais-de-610-atendimentos-no-fim-de-semana,https://paraiba.pb.gov.br/noticias
SELEÇÃO DE REALIZADORES AUDIOVISUAIS PARA RESIDÊNCIA EM CINEMA DIRETO INTEGRANDO A PROGRAMAÇÃO DA CARTEIRA DE PROJETOS DA PARAÍBA NO ÂMBITO DA TEMPORADA BRASIL-FRANÇA 2025,federal,Brasil,noticia,"Hospital de Catolé do Rocha Hospital de Catolé do Rocha , Hospital de Catolé do Rocha atende 400 pessoas no fim de semana e realiza 20 cirurgias e oito partos tags: Hospital de Catolé do Rocha , atendimentos , fim de semana , cirurgias , partos publicado 18/05/2026 18h11 Notícias",outro,nao identificado,nao identificado,inovacao,,-55,2026,https://paraiba.pb.gov.br/@@busca?Subject:list=Hospital de Catolé do Rocha,https://paraiba.pb.gov.br/noticias
SELEÇÃO DE REALIZADORES AUDIOVISUAIS PARA RESIDÊNCIA EM CINEMA DIRETO INTEGRANDO A PROGRAMAÇÃO DA CARTEIRA DE PROJETOS DA PARAÍBA NO ÂMBITO DA TEMPORADA BRASIL-FRANÇA 2025,federal,Brasil,noticia,"Hospital de Catolé do Rocha atende 400 pessoas no fim de semana e realiza 20 cirurgias e oito partos Hospital de Catolé do Rocha atende 400 pessoas no fim de semana e realiza 20 cirurgias e oito partos tags: Hospital de Catolé do Rocha , atendimentos , fim de semana , cirurgias , partos publicado 18/05/2026 18h11 Notícias",outro,nao identificado,nao identificado,inovacao,,-55,2026,https://paraiba.pb.gov.br/noticias/hospital-de-catole-do-rocha-atende-400-pessoas-no-fim-de-semana-e-realiza-20-cirurgias-e-oito-partos,https://paraiba.pb.gov.br/noticias
SELEÇÃO DE REALIZADORES AUDIOVISUAIS PARA RESIDÊNCIA EM CINEMA DIRETO INTEGRANDO A PROGRAMAÇÃO DA CARTEIRA DE PROJETOS DA PARAÍBA NO ÂMBITO DA TEMPORADA BRASIL-FRANÇA 2025,federal,Brasil,noticia,"Hospital de Trauma de Campina Grande realiza mais de 590 atendimentos no fim de semana Hospital de Trauma de Campina Grande realiza mais de 590 atendimentos no fim de semana tags: saúde , trauma-cg , balanço , fim de semana publicado 18/05/2026 08h35 Notícias",outro,nao identificado,nao identificado,inovacao,,-55,2026,https://paraiba.pb.gov.br/noticias/hospital-de-trauma-de-campina-grande-realiza-mais-de-590-atendimentos-no-fim-de-semana,https://paraiba.pb.gov.br/noticias
SELEÇÃO DE REALIZADORES AUDIOVISUAIS PARA RESIDÊNCIA EM CINEMA DIRETO INTEGRANDO A PROGRAMAÇÃO DA CARTEIRA DE PROJETOS DA PARAÍBA NO ÂMBITO DA TEMPORADA BRASIL-FRANÇA 2025,federal,Brasil,noticia,"Hospital de Trauma de João Pessoa registra mais de 745 atendimentos no fim de semana Hospital de Trauma de João Pessoa registra mais de 745 atendimentos no fim de semana tags: saúde , trauma-jp , balanço , fim de semana publicado 18/05/2026 09h23 Notícias",outro,nao identificado,nao identificado,inovacao,,-55,2026,https://paraiba.pb.gov.br/noticias/hospital-de-trauma-de-joao-pessoa-registra-mais-de-745-atendimentos-no-fim-de-semana,https://paraiba.pb.gov.br/noticias
SELEÇÃO DE REALIZADORES AUDIOVISUAIS PARA RESIDÊNCIA EM CINEMA DIRETO INTEGRANDO A PROGRAMAÇÃO DA CARTEIRA DE PROJETOS DA PARAÍBA NO ÂMBITO DA TEMPORADA BRASIL-FRANÇA 2025,federal,Brasil,noticia,"Hospital e Maternidade Estevam Marinho Hospital e Maternidade Estevam Marinho , Hospital e Maternidade Estevam Marinho realiza 290 atendimentos durante o fim de semana em Coremas tags: Hospital e Maternidade Estevam Marinho , atendimentos , fim de semana , Coremas publicado 18/05/2026 18h22 Notícias",outro,nao identificado,nao identificado,inovacao,,-55,2026,https://paraiba.pb.gov.br/@@busca?Subject:list=Hospital e Maternidade Estevam Marinho ,https://paraiba.pb.gov.br/noticias
SELEÇÃO DE REALIZADORES AUDIOVISUAIS PARA RESIDÊNCIA EM CINEMA DIRETO INTEGRANDO A PROGRAMAÇÃO DA CARTEIRA DE PROJETOS DA PARAÍBA NO ÂMBITO DA TEMPORADA BRASIL-FRANÇA 2025,federal,Brasil,noticia,"Hospital e Maternidade Estevam Marinho realiza 290 atendimentos durante o fim de semana em Coremas Hospital e Maternidade Estevam Marinho realiza 290 atendimentos durante o fim de semana em Coremas tags: Hospital e Maternidade Estevam Marinho , atendimentos , fim de semana , Coremas publicado 18/05/2026 18h22 Notícias",outro,nao identificado,nao identificado,inovacao,,-55,2026,https://paraiba.pb.gov.br/noticias/hospital-e-maternidade-estevam-marinho-realiza-290-atendimentos-durante-o-fim-de-semana-em-coremas,https://paraiba.pb.gov.br/noticias
SELEÇÃO DE REALIZADORES AUDIOVISUAIS PARA RESIDÊNCIA EM CINEMA DIRETO INTEGRANDO A PROGRAMAÇÃO DA CARTEIRA DE PROJETOS DA PARAÍBA NO ÂMBITO DA TEMPORADA BRASIL-FRANÇA 2025,federal,Brasil,noticia,"IBGE Setor de serviços na Paraíba cresce pelo sétimo mês seguido tags: Setor de serviços , Pesquisa Mensal de Serviços , IBGE publicado 15/05/2026 18h23 Notícias",outro,nao identificado,nao identificado,inovacao,,-55,2026,https://paraiba.pb.gov.br/@@busca?Subject:list=IBGE,https://paraiba.pb.gov.br/noticias
SELEÇÃO DE REALIZADORES AUDIOVISUAIS PARA RESIDÊNCIA EM CINEMA DIRETO INTEGRANDO A PROGRAMAÇÃO DA CARTEIRA DE PROJETOS DA PARAÍBA NO ÂMBITO DA TEMPORADA BRASIL-FRANÇA 2025,federal,Brasil,noticia,João Azevêdo apresenta resultados do Programa Incluir Paraíba durante solenidade em Campina Grande nesta segunda,outro,nao identificado,nao identificado,inovacao,,-55,,https://paraiba.pb.gov.br/noticias/joao-azevedo-apresenta-resultados-do-programa-incluir-paraiba-durante-solenidade-em-campina-grande-nesta-segunda,https://paraiba.pb.gov.br/diretas/secretaria-de-agricultura-familiar-e-desenvolvimento-do-semiarido
SELEÇÃO DE REALIZADORES AUDIOVISUAIS PARA RESIDÊNCIA EM CINEMA DIRETO INTEGRANDO A PROGRAMAÇÃO DA CARTEIRA DE PROJETOS DA PARAÍBA NO ÂMBITO DA TEMPORADA BRASIL-FRANÇA 2025,federal,Brasil,noticia,"Lucas Ribeiro Lucas Ribeiro , Lucas Ribeiro abre 56ª Expapi neste domingo no Parque de Exposição de Campina Grande tags: Lucas Ribeiro , Expapi , Campina Grande publicado 16/05/2026 13h30 Notícias",outro,nao identificado,nao identificado,inovacao,,-55,2026,https://paraiba.pb.gov.br/@@busca?Subject:list=Lucas Ribeiro ,https://paraiba.pb.gov.br/noticias
SELEÇÃO DE REALIZADORES AUDIOVISUAIS PARA RESIDÊNCIA EM CINEMA DIRETO INTEGRANDO A PROGRAMAÇÃO DA CARTEIRA DE PROJETOS DA PARAÍBA NO ÂMBITO DA TEMPORADA BRASIL-FRANÇA 2025,federal,Brasil,noticia,"Lucas Ribeiro abre 56ª Expapi neste domingo no Parque de Exposição de Campina Grande Lucas Ribeiro abre 56ª Expapi neste domingo no Parque de Exposição de Campina Grande tags: Lucas Ribeiro , Expapi , Campina Grande publicado 16/05/2026 13h30 Notícias",outro,nao identificado,nao identificado,inovacao,,-55,2026,https://paraiba.pb.gov.br/noticias/lucas-ribeiro-abre-56a-expapi-neste-domingo-no-parque-de-exposicao-de-campina-grande,https://paraiba.pb.gov.br/noticias
SELEÇÃO DE REALIZADORES AUDIOVISUAIS PARA RESIDÊNCIA EM CINEMA DIRETO INTEGRANDO A PROGRAMAÇÃO DA CARTEIRA DE PROJETOS DA PARAÍBA NO ÂMBITO DA TEMPORADA BRASIL-FRANÇA 2025,estadual,Brasil,noticia,Notícias Notícias >,outro,nao identificado,nao identificado,inovacao,,-55,,https://paraiba.pb.gov.br/diretas/secretaria-da-educacao/noticias,https://paraiba.pb.gov.br/diretas/secretaria-da-educacao/noticias/primeira-chance-estudantes-e-empresas-concedentes-ja-podem-se-inscrever-na-edicao-2026-do-programa
SELEÇÃO DE REALIZADORES AUDIOVISUAIS PARA RESIDÊNCIA EM CINEMA DIRETO INTEGRANDO A PROGRAMAÇÃO DA CARTEIRA DE PROJETOS DA PARAÍBA NO ÂMBITO DA TEMPORADA BRASIL-FRANÇA 2025,federal,Brasil,noticia,"Opera Paraíba Opera Paraíba , Hospital Regional de Guarabira retoma cirurgias ortopédicas pelo Opera Paraíba e amplia acesso a procedimentos eletivos tags: Hospital Regional de Guarabira , cirurgias ortopédicas , Opera Paraíba , procedimentos eletivos publicado 18/05/2026 18h30 Notícias",outro,nao identificado,nao identificado,inovacao,,-55,2026,https://paraiba.pb.gov.br/@@busca?Subject:list=Opera Paraíba,https://paraiba.pb.gov.br/noticias
SELEÇÃO DE REALIZADORES AUDIOVISUAIS PARA RESIDÊNCIA EM CINEMA DIRETO INTEGRANDO A PROGRAMAÇÃO DA CARTEIRA DE PROJETOS DA PARAÍBA NO ÂMBITO DA TEMPORADA BRASIL-FRANÇA 2025,federal,Brasil,noticia,Paraíba Contra o Câncer: Chegada de acelerador linear em Patos amplia acesso ao tratamento de pacientes e fortalece rede oncológica no Sertão,outro,nao identificado,nao identificado,inovacao,,-55,,https://paraiba.pb.gov.br/noticias/paraiba-contra-o-cancer-chegada-de-acelerador-linear-em-patos-amplia-acesso-ao-tratamento-de-pacientes-e-fortalece-rede-oncologica-no-sertao,https://paraiba.pb.gov.br/diretas/secretaria-da-saude
SELEÇÃO DE REALIZADORES AUDIOVISUAIS PARA RESIDÊNCIA EM CINEMA DIRETO INTEGRANDO A PROGRAMAÇÃO DA CARTEIRA DE PROJETOS DA PARAÍBA NO ÂMBITO DA TEMPORADA BRASIL-FRANÇA 2025,federal,Brasil,noticia,"Paraíba amplia cirurgias robóticas oncológicas pelo SUS com novos procedimentos para câncer no trato digestivo Paraíba amplia cirurgias robóticas oncológicas pelo SUS com novos procedimentos para câncer no trato digestivo tags: saúde , paraíba contra o câncer , hospital laureano , robótica , cirurgia publicado 18/05/2026 10h24 Notícias",outro,nao identificado,nao identificado,inovacao,,-55,2026,https://paraiba.pb.gov.br/noticias/paraiba-amplia-cirurgias-roboticas-oncologicas-pelo-sus-com-novos-procedimentos-para-cancer-no-trato-digestivo,https://paraiba.pb.gov.br/noticias
SELEÇÃO DE REALIZADORES AUDIOVISUAIS PARA RESIDÊNCIA EM CINEMA DIRETO INTEGRANDO A PROGRAMAÇÃO DA CARTEIRA DE PROJETOS DA PARAÍBA NO ÂMBITO DA TEMPORADA BRASIL-FRANÇA 2025,federal,Brasil,noticia,"Paraíba amplia cirurgias robóticas oncológicas pelo SUS com novos procedimentos para câncer no trato digestivo tags: saúde , paraíba contra o câncer , hospital laureano , robótica , cirurgia publicado 18/05/2026 10h24 Notícias",outro,nao identificado,nao identificado,inovacao,,-55,2026,https://paraiba.pb.gov.br/noticias/paraiba-amplia-cirurgias-roboticas-oncologicas-pelo-sus-com-novos-procedimentos-para-cancer-no-trato-digestivo,https://paraiba.pb.gov.br/noticias
SELEÇÃO DE REALIZADORES AUDIOVISUAIS PARA RESIDÊNCIA EM CINEMA DIRETO INTEGRANDO A PROGRAMAÇÃO DA CARTEIRA DE PROJETOS DA PARAÍBA NO ÂMBITO DA TEMPORADA BRASIL-FRANÇA 2025,federal,Brasil,noticia,"Paraíba aplica mais de 35 mil doses durante Dia D de Multivacinação com foco na Influenza Paraíba aplica mais de 35 mil doses durante Dia D de Multivacinação com foco na Influenza tags: saúde , vacinação , resultado , dia d , influenza , gripe , multivacinação publicado 16/05/2026 21h22 Notícias",outro,nao identificado,nao identificado,inovacao,,-55,2026,https://paraiba.pb.gov.br/noticias/paraiba-aplica-mais-de-35-mil-doses-durante-dia-d-de-multivacinacao-com-foco-na-influenza,https://paraiba.pb.gov.br/noticias
SELEÇÃO DE REALIZADORES AUDIOVISUAIS PARA RESIDÊNCIA EM CINEMA DIRETO INTEGRANDO A PROGRAMAÇÃO DA CARTEIRA DE PROJETOS DA PARAÍBA NO ÂMBITO DA TEMPORADA BRASIL-FRANÇA 2025,federal,Brasil,noticia,"Paraíba aplica mais de 35 mil doses durante Dia D de Multivacinação com foco na Influenza tags: saúde , vacinação , resultado , dia d , influenza , gripe , multivacinação publicado 16/05/2026 21h22 Notícias",outro,nao identificado,nao identificado,inovacao,,-55,2026,https://paraiba.pb.gov.br/noticias/paraiba-aplica-mais-de-35-mil-doses-durante-dia-d-de-multivacinacao-com-foco-na-influenza,https://paraiba.pb.gov.br/noticias
SELEÇÃO DE REALIZADORES AUDIOVISUAIS PARA RESIDÊNCIA EM CINEMA DIRETO INTEGRANDO A PROGRAMAÇÃO DA CARTEIRA DE PROJETOS DA PARAÍBA NO ÂMBITO DA TEMPORADA BRASIL-FRANÇA 2025,federal,Brasil,noticia,"Paraíba destaca protagonismo em computação quântica durante painel no São Paulo Innovation Week 2026 Paraíba destaca protagonismo em computação quântica durante painel no São Paulo Innovation Week 2026 tags: protagonismo , computação quântica , São Paulo Innovation Week 2026 publicado 16/05/2026 10h57 Notícias",outro,nao identificado,nao identificado,inovacao,,-55,2026,https://paraiba.pb.gov.br/noticias/paraiba-destaca-protagonismo-em-computacao-quantica-durante-painel-no-sao-paulo-innovation-week-2026,https://paraiba.pb.gov.br/noticias
SELEÇÃO DE REALIZADORES AUDIOVISUAIS PARA RESIDÊNCIA EM CINEMA DIRETO INTEGRANDO A PROGRAMAÇÃO DA CARTEIRA DE PROJETOS DA PARAÍBA NO ÂMBITO DA TEMPORADA BRASIL-FRANÇA 2025,federal,Brasil,noticia,"Paraíba destaca protagonismo em computação quântica durante painel no São Paulo Innovation Week 2026 tags: protagonismo , computação quântica , São Paulo Innovation Week 2026 publicado 16/05/2026 10h57 Notícias",outro,nao identificado,nao identificado,inovacao,,-55,2026,https://paraiba.pb.gov.br/noticias/paraiba-destaca-protagonismo-em-computacao-quantica-durante-painel-no-sao-paulo-innovation-week-2026,https://paraiba.pb.gov.br/noticias
SELEÇÃO DE REALIZADORES AUDIOVISUAIS PARA RESIDÊNCIA EM CINEMA DIRETO INTEGRANDO A PROGRAMAÇÃO DA CARTEIRA DE PROJETOS DA PARAÍBA NO ÂMBITO DA TEMPORADA BRASIL-FRANÇA 2025,estadual,Brasil,noticia,Paraíba fortalece promoção turística e geração de negócios durante a WTM Latin America 2026,outro,desenvolvimento,desenvolvimento_roteiro,inovacao,,-55,2026,https://paraiba.pb.gov.br/diretas/secretaria-de-turismo-e-desenvolvimento-economico/noticias/paraiba-fortalece-promocao-turistica-e-geracao-de-negocios-durante-a-wtm-latin-america-2026,https://paraiba.pb.gov.br/diretas/secretaria-de-turismo-e-desenvolvimento-economico
SELEÇÃO DE REALIZADORES AUDIOVISUAIS PARA RESIDÊNCIA EM CINEMA DIRETO INTEGRANDO A PROGRAMAÇÃO DA CARTEIRA DE PROJETOS DA PARAÍBA NO ÂMBITO DA TEMPORADA BRASIL-FRANÇA 2025,estadual,Brasil,noticia,Paraíba lidera o Nordeste no Mapa do Turismo e alcança 147 municípios com apoio estratégico do Governo do Estado,outro,desenvolvimento,desenvolvimento_roteiro,inovacao,,-55,,https://paraiba.pb.gov.br/diretas/secretaria-de-turismo-e-desenvolvimento-economico/noticias/paraiba-lidera-o-nordeste-no-mapa-do-turismo-e-alcanca-147-municipios-com-apoio-estrategico-do-governo-do-estado,https://paraiba.pb.gov.br/diretas/secretaria-de-turismo-e-desenvolvimento-economico
SELEÇÃO DE REALIZADORES AUDIOVISUAIS PARA RESIDÊNCIA EM CINEMA DIRETO INTEGRANDO A PROGRAMAÇÃO DA CARTEIRA DE PROJETOS DA PARAÍBA NO ÂMBITO DA TEMPORADA BRASIL-FRANÇA 2025,estadual,Brasil,noticia,Paraíba participa de promoção internacional do São João em ação estratégica na Argentina,outro,desenvolvimento,desenvolvimento_roteiro,inovacao,,-55,,https://paraiba.pb.gov.br/diretas/secretaria-de-turismo-e-desenvolvimento-economico/noticias/paraiba-participa-de-promocao-internacional-do-sao-joao-em-acao-estrategica-na-argentina,https://paraiba.pb.gov.br/diretas/secretaria-de-turismo-e-desenvolvimento-economico
SELEÇÃO DE REALIZADORES AUDIOVISUAIS PARA RESIDÊNCIA EM CINEMA DIRETO INTEGRANDO A PROGRAMAÇÃO DA CARTEIRA DE PROJETOS DA PARAÍBA NO ÂMBITO DA TEMPORADA BRASIL-FRANÇA 2025,estadual,Brasil,noticia,Paraíba é eleita para coordenar 4 GTs da Câmara Temática da Agricultura Familiar do Consórcio Nordeste,outro,desenvolvimento,desenvolvimento_roteiro,cultura,,-55,,https://paraiba.pb.gov.br/diretas/secretaria-de-agricultura-familiar-e-desenvolvimento-do-semiarido/noticias/paraiba-e-eleita-para-coordenar-4-gts-da-camara-tematica-da-agricultura-familiar-do-consorcio-nordeste,https://paraiba.pb.gov.br/diretas/secretaria-de-agricultura-familiar-e-desenvolvimento-do-semiarido
SELEÇÃO DE REALIZADORES AUDIOVISUAIS PARA RESIDÊNCIA EM CINEMA DIRETO INTEGRANDO A PROGRAMAÇÃO DA CARTEIRA DE PROJETOS DA PARAÍBA NO ÂMBITO DA TEMPORADA BRASIL-FRANÇA 2025,estadual,Brasil,noticia,"Paraíba é reconhecida no Senado como um dos cinco estados que mais alfabetizam no Brasil Paraíba é reconhecida no Senado como um dos cinco estados que mais alfabetizam no Brasil tags: Senado , Alfabetização , Alfabetiza Mais Paraíba publicado 18/05/2026 15h28 Notícias",outro,nao identificado,nao identificado,inovacao,,-55,2026,https://paraiba.pb.gov.br/noticias/paraiba-e-reconhecida-no-senado-como-um-dos-cinco-estados-que-mais-alfabetizam-no-brasil,https://paraiba.pb.gov.br/noticias
SELEÇÃO DE REALIZADORES AUDIOVISUAIS PARA RESIDÊNCIA EM CINEMA DIRETO INTEGRANDO A PROGRAMAÇÃO DA CARTEIRA DE PROJETOS DA PARAÍBA NO ÂMBITO DA TEMPORADA BRASIL-FRANÇA 2025,estadual,Brasil,noticia,"Paraíba é reconhecida no Senado como um dos cinco estados que mais alfabetizam no Brasil tags: Senado , Alfabetização , Alfabetiza Mais Paraíba publicado 18/05/2026 15h28 Notícias",outro,nao identificado,nao identificado,inovacao,,-55,2026,https://paraiba.pb.gov.br/noticias/paraiba-e-reconhecida-no-senado-como-um-dos-cinco-estados-que-mais-alfabetizam-no-brasil,https://paraiba.pb.gov.br/noticias
SELEÇÃO DE REALIZADORES AUDIOVISUAIS PARA RESIDÊNCIA EM CINEMA DIRETO INTEGRANDO A PROGRAMAÇÃO DA CARTEIRA DE PROJETOS DA PARAÍBA NO ÂMBITO DA TEMPORADA BRASIL-FRANÇA 2025,estadual,Brasil,noticia,Perícia Médica Estadual passa a funcionar em novo endereço,outro,nao identificado,nao identificado,inovacao,,-55,,https://paraiba.pb.gov.br/noticias/pericia-medica-estadual-passa-a-funcionar-em-novo-endereco,https://paraiba.pb.gov.br/diretas/secretaria-de-administracao
SELEÇÃO DE REALIZADORES AUDIOVISUAIS PARA RESIDÊNCIA EM CINEMA DIRETO INTEGRANDO A PROGRAMAÇÃO DA CARTEIRA DE PROJETOS DA PARAÍBA NO ÂMBITO DA TEMPORADA BRASIL-FRANÇA 2025,federal,Brasil,noticia,"Pesquisa Mensal de Serviços Pesquisa Mensal de Serviços , Setor de serviços na Paraíba cresce pelo sétimo mês seguido tags: Setor de serviços , Pesquisa Mensal de Serviços , IBGE publicado 15/05/2026 18h23 Notícias",outro,nao identificado,nao identificado,inovacao,,-55,2026,https://paraiba.pb.gov.br/@@busca?Subject:list=Pesquisa Mensal de Serviços,https://paraiba.pb.gov.br/noticias
SELEÇÃO DE REALIZADORES AUDIOVISUAIS PARA RESIDÊNCIA EM CINEMA DIRETO INTEGRANDO A PROGRAMAÇÃO DA CARTEIRA DE PROJETOS DA PARAÍBA NO ÂMBITO DA TEMPORADA BRASIL-FRANÇA 2025,federal,Brasil,noticia,"Programa Cidadão Programa Cidadão , Programa Cidadão realiza ação itinerante com emissão de documentos para famílias atingidas pelas chuvas tags: Programa Cidadão , ação itinerante , emissão de documentos , chuvas publicado 18/05/2026 16h27 Notícias",outro,nao identificado,nao identificado,inovacao,,-55,2026,https://paraiba.pb.gov.br/@@busca?Subject:list=Programa Cidadão ,https://paraiba.pb.gov.br/noticias
SELEÇÃO DE REALIZADORES AUDIOVISUAIS PARA RESIDÊNCIA EM CINEMA DIRETO INTEGRANDO A PROGRAMAÇÃO DA CARTEIRA DE PROJETOS DA PARAÍBA NO ÂMBITO DA TEMPORADA BRASIL-FRANÇA 2025,federal,Brasil,noticia,Programa Cidadão realiza ação itinerante com emissão de documentos para famílias atingidas pelas chuvas,outro,nao identificado,nao identificado,inovacao,,-55,,https://paraiba.pb.gov.br/noticias/programa-cidadao-realiza-acao-itinerante-com-emissao-de-documentos-para-familias-atingidas-pelas-chuvas,https://paraiba.pb.gov.br/diretas/secretaria-de-desenvolvimento-humano
SELEÇÃO DE REALIZADORES AUDIOVISUAIS PARA RESIDÊNCIA EM CINEMA DIRETO INTEGRANDO A PROGRAMAÇÃO DA CARTEIRA DE PROJETOS DA PARAÍBA NO ÂMBITO DA TEMPORADA BRASIL-FRANÇA 2025,federal,Brasil,noticia,"Programa Cidadão realiza ação itinerante com emissão de documentos para famílias atingidas pelas chuvas Programa Cidadão realiza ação itinerante com emissão de documentos para famílias atingidas pelas chuvas tags: Programa Cidadão , ação itinerante , emissão de documentos , chuvas publicado 18/05/2026 16h27 Notícias",outro,nao identificado,nao identificado,inovacao,,-55,2026,https://paraiba.pb.gov.br/noticias/programa-cidadao-realiza-acao-itinerante-com-emissao-de-documentos-para-familias-atingidas-pelas-chuvas,https://paraiba.pb.gov.br/noticias
SELEÇÃO DE REALIZADORES AUDIOVISUAIS PARA RESIDÊNCIA EM CINEMA DIRETO INTEGRANDO A PROGRAMAÇÃO DA CARTEIRA DE PROJETOS DA PARAÍBA NO ÂMBITO DA TEMPORADA BRASIL-FRANÇA 2025,federal,Brasil,noticia,"Programa Cidadão realiza ação itinerante com emissão de documentos para famílias atingidas pelas chuvas tags: Programa Cidadão , ação itinerante , emissão de documentos , chuvas publicado 18/05/2026 16h27 Notícias",outro,nao identificado,nao identificado,inovacao,,-55,2026,https://paraiba.pb.gov.br/noticias/programa-cidadao-realiza-acao-itinerante-com-emissao-de-documentos-para-familias-atingidas-pelas-chuvas,https://paraiba.pb.gov.br/noticias
SELEÇÃO DE REALIZADORES AUDIOVISUAIS PARA RESIDÊNCIA EM CINEMA DIRETO INTEGRANDO A PROGRAMAÇÃO DA CARTEIRA DE PROJETOS DA PARAÍBA NO ÂMBITO DA TEMPORADA BRASIL-FRANÇA 2025,federal,Brasil,noticia,Programa Cidadão realiza ações itinerantes com emissão de mais de 61 mil documentos,outro,nao identificado,nao identificado,inovacao,,-55,,https://paraiba.pb.gov.br/noticias/programa-cidadao-realiza-acoes-itinerantes-com-emissao-de-mais-de-61-mil-documentos,https://paraiba.pb.gov.br/diretas/secretaria-de-desenvolvimento-humano
SELEÇÃO DE REALIZADORES AUDIOVISUAIS PARA RESIDÊNCIA EM CINEMA DIRETO INTEGRANDO A PROGRAMAÇÃO DA CARTEIRA DE PROJETOS DA PARAÍBA NO ÂMBITO DA TEMPORADA BRASIL-FRANÇA 2025,estadual,Brasil,noticia,Programa Geração Protagonista tem dez trabalhos aprovados no Congresso Nacional de Educação (CONEDU),outro,nao identificado,nao identificado,inovacao,,-55,,https://paraiba.pb.gov.br/diretas/secretaria-da-educacao/noticias/programa-geracao-protagonista-tem-dez-trabalhos-aprovados-no-congresso-nacional-de-educacao-conedu,https://paraiba.pb.gov.br/diretas/secretaria-da-educacao
SELEÇÃO DE REALIZADORES AUDIOVISUAIS PARA RESIDÊNCIA EM CINEMA DIRETO INTEGRANDO A PROGRAMAÇÃO DA CARTEIRA DE PROJETOS DA PARAÍBA NO ÂMBITO DA TEMPORADA BRASIL-FRANÇA 2025,federal,Brasil,noticia,Projeto Lean: Hospital de Trauma de João Pessoa amplia agilidade e segurança no atendimento de emergências,outro,nao identificado,nao identificado,inovacao,,-55,,https://paraiba.pb.gov.br/noticias/projeto-lean-hospital-de-trauma-de-joao-pessoa-amplia-agilidade-e-seguranca-no-atendimento-de-emergencias,https://paraiba.pb.gov.br/diretas/secretaria-da-saude
SELEÇÃO DE REALIZADORES AUDIOVISUAIS PARA RESIDÊNCIA EM CINEMA DIRETO INTEGRANDO A PROGRAMAÇÃO DA CARTEIRA DE PROJETOS DA PARAÍBA NO ÂMBITO DA TEMPORADA BRASIL-FRANÇA 2025,estadual,Brasil,noticia,"Projeto apoiado pela Secties leva pesquisa, extensão e prática jurídica para comunidades em situação de vulnerabilidade",outro,nao identificado,nao identificado,inovacao,,-55,,https://paraiba.pb.gov.br/diretas/secretaria-da-ciencia-tecnologia-inovacao-e-ensino-superior/noticias/projeto-apoiado-pela-secties-leva-pesquisa-extensao-e-pratica-juridica-para-comunidades-em-situacao-de-vulnerabilidade,https://paraiba.pb.gov.br/diretas/secretaria-da-ciencia-tecnologia-inovacao-e-ensino-superior
SELEÇÃO DE REALIZADORES AUDIOVISUAIS PARA RESIDÊNCIA EM CINEMA DIRETO INTEGRANDO A PROGRAMAÇÃO DA CARTEIRA DE PROJETOS DA PARAÍBA NO ÂMBITO DA TEMPORADA BRASIL-FRANÇA 2025,federal,Brasil,noticia,"Projeto de Segurança Hídrica Governo da Paraíba e Banco Mundial realizam missão do Projeto de Segurança Hídrica e acompanham avanços da setorização tags: Governo da Paraíba , Banco Mundial , missão , Projeto de Segurança Hídrica publicado 18/05/2026 18h44 Notícias",outro,nao identificado,nao identificado,inovacao,,-55,2026,https://paraiba.pb.gov.br/@@busca?Subject:list=Projeto de Segurança Hídrica,https://paraiba.pb.gov.br/noticias
SELEÇÃO DE REALIZADORES AUDIOVISUAIS PARA RESIDÊNCIA EM CINEMA DIRETO INTEGRANDO A PROGRAMAÇÃO DA CARTEIRA DE PROJETOS DA PARAÍBA NO ÂMBITO DA TEMPORADA BRASIL-FRANÇA 2025,federal,Brasil,noticia,"Rede Paraibana de Bancos de Leite Humano Rede Paraibana de Bancos de Leite Humano , Rede Paraibana de Bancos de Leite Humano recebe certificação nacional durante congresso internacional no Rio de Janeiro tags: Rede Paraibana de Bancos de Leite Humano , certificação nacional , congresso internacional , Rio de Janeiro publicado 18/05/2026 14h48 Notícias",outro,nao identificado,nao identificado,inovacao,,-55,2026,https://paraiba.pb.gov.br/@@busca?Subject:list=Rede Paraibana de Bancos de Leite Humano,https://paraiba.pb.gov.br/noticias
SELEÇÃO DE REALIZADORES AUDIOVISUAIS PARA RESIDÊNCIA EM CINEMA DIRETO INTEGRANDO A PROGRAMAÇÃO DA CARTEIRA DE PROJETOS DA PARAÍBA NO ÂMBITO DA TEMPORADA BRASIL-FRANÇA 2025,federal,Brasil,noticia,"Rede Paraibana de Bancos de Leite Humano recebe certificação nacional durante congresso internacional no Rio de Janeiro Rede Paraibana de Bancos de Leite Humano recebe certificação nacional durante congresso internacional no Rio de Janeiro tags: Rede Paraibana de Bancos de Leite Humano , certificação nacional , congresso internacional , Rio de Janeiro publicado 18/05/2026 14h48 Notícias",outro,nao identificado,nao identificado,inovacao,,-55,2026,https://paraiba.pb.gov.br/noticias/rede-paraibana-de-bancos-de-leite-humano-recebe-certificacao-nacional-durante-congresso-internacional-no-rio-de-janeiro,https://paraiba.pb.gov.br/noticias
SELEÇÃO DE REALIZADORES AUDIOVISUAIS PARA RESIDÊNCIA EM CINEMA DIRETO INTEGRANDO A PROGRAMAÇÃO DA CARTEIRA DE PROJETOS DA PARAÍBA NO ÂMBITO DA TEMPORADA BRASIL-FRANÇA 2025,federal,Brasil,noticia,"Rede Paraibana de Bancos de Leite Humano recebe certificação nacional durante congresso internacional no Rio de Janeiro tags: Rede Paraibana de Bancos de Leite Humano , certificação nacional , congresso internacional , Rio de Janeiro publicado 18/05/2026 14h48 Notícias",outro,nao identificado,nao identificado,inovacao,,-55,2026,https://paraiba.pb.gov.br/noticias/rede-paraibana-de-bancos-de-leite-humano-recebe-certificacao-nacional-durante-congresso-internacional-no-rio-de-janeiro,https://paraiba.pb.gov.br/noticias
SELEÇÃO DE REALIZADORES AUDIOVISUAIS PARA RESIDÊNCIA EM CINEMA DIRETO INTEGRANDO A PROGRAMAÇÃO DA CARTEIRA DE PROJETOS DA PARAÍBA NO ÂMBITO DA TEMPORADA BRASIL-FRANÇA 2025,federal,Brasil,noticia,Repartições estaduais terão ponto facultativo na véspera do feriado de Tiradentes,outro,nao identificado,nao identificado,inovacao,,-55,,https://paraiba.pb.gov.br/noticias/reparticoes-estaduais-terao-ponto-facultativo-na-vespera-do-feriado-de-tiradentes,https://paraiba.pb.gov.br/diretas/secretaria-da-juventude-esporte-e-lazer
SELEÇÃO DE REALIZADORES AUDIOVISUAIS PARA RESIDÊNCIA EM CINEMA DIRETO INTEGRANDO A PROGRAMAÇÃO DA CARTEIRA DE PROJETOS DA PARAÍBA NO ÂMBITO DA TEMPORADA BRASIL-FRANÇA 2025,federal,Brasil,noticia,Representantes da Federação de Futebol da Alemanha visitam espaços esportivos visando treinamentos para Copa do Mundo Feminino 2027,outro,nao identificado,nao identificado,inovacao,,-55,2027,https://paraiba.pb.gov.br/noticias/representantes-da-federacao-de-futebol-da-alemanha-visitam-espacos-esportivos-visando-treinamentos-para-copa-do-mundo-feminino-2027,https://paraiba.pb.gov.br/diretas/secretaria-da-juventude-esporte-e-lazer
SELEÇÃO DE REALIZADORES AUDIOVISUAIS PARA RESIDÊNCIA EM CINEMA DIRETO INTEGRANDO A PROGRAMAÇÃO DA CARTEIRA DE PROJETOS DA PARAÍBA NO ÂMBITO DA TEMPORADA BRASIL-FRANÇA 2025,federal,Brasil,noticia,"Rio de Janeiro Rede Paraibana de Bancos de Leite Humano recebe certificação nacional durante congresso internacional no Rio de Janeiro tags: Rede Paraibana de Bancos de Leite Humano , certificação nacional , congresso internacional , Rio de Janeiro publicado 18/05/2026 14h48 Notícias",outro,nao identificado,nao identificado,inovacao,,-55,2026,https://paraiba.pb.gov.br/@@busca?Subject:list=Rio de Janeiro,https://paraiba.pb.gov.br/noticias
SELEÇÃO DE REALIZADORES AUDIOVISUAIS PARA RESIDÊNCIA EM CINEMA DIRETO INTEGRANDO A PROGRAMAÇÃO DA CARTEIRA DE PROJETOS DA PARAÍBA NO ÂMBITO DA TEMPORADA BRASIL-FRANÇA 2025,estadual,Brasil,noticia,SERI acompanha audiência para solicitar ampliação de projetos de energias renováveis na Paraíba,outro,nao identificado,nao identificado,inovacao,,-55,,https://paraiba.pb.gov.br/diretas/secretaria-de-representacao-institucional/noticias-1/seri-acompanha-audiencia-para-solicitar-ampliacao-de-projetos-de-energias-renovaveis-na-paraiba,https://paraiba.pb.gov.br/diretas/secretaria-de-representacao-institucional
SELEÇÃO DE REALIZADORES AUDIOVISUAIS PARA RESIDÊNCIA EM CINEMA DIRETO INTEGRANDO A PROGRAMAÇÃO DA CARTEIRA DE PROJETOS DA PARAÍBA NO ÂMBITO DA TEMPORADA BRASIL-FRANÇA 2025,estadual,Brasil,noticia,SERI discute investimentos no Polo Cabo Branco com embaixadora de Luxemburgo,outro,nao identificado,nao identificado,inovacao,,-55,,https://paraiba.pb.gov.br/diretas/secretaria-de-representacao-institucional/noticias-1/seri-discute-investimentos-no-polo-cabo-branco-com-embaixadora-de-luxemburgo,https://paraiba.pb.gov.br/diretas/secretaria-de-representacao-institucional
SELEÇÃO DE REALIZADORES AUDIOVISUAIS PARA RESIDÊNCIA EM CINEMA DIRETO INTEGRANDO A PROGRAMAÇÃO DA CARTEIRA DE PROJETOS DA PARAÍBA NO ÂMBITO DA TEMPORADA BRASIL-FRANÇA 2025,estadual,Brasil,noticia,"SERI e Cinep apresentam potencial da Paraíba para Centro de Investimento, Comércio e Indústria da Arábia Saudita. SERI e Cinep apresentam potencial da Paraíba para Centro de Investimento, Comércio e Indústria da Arábia Saudita. SERI e Cinep apresentam potencial da Paraíba para Centro de Investimento, Comércio e Indústria da Arábia Saudita.",outro,nao identificado,nao identificado,inovacao,,-55,,https://paraiba.pb.gov.br/diretas/secretaria-de-representacao-institucional/noticias-1/seri-e-cinep-apresentam-potencial-da-paraiba-para-centro-de-investimento-comercio-e-industria-da-arabia-saudita,https://paraiba.pb.gov.br/diretas/secretaria-de-representacao-institucional
SELEÇÃO DE REALIZADORES AUDIOVISUAIS PARA RESIDÊNCIA EM CINEMA DIRETO INTEGRANDO A PROGRAMAÇÃO DA CARTEIRA DE PROJETOS DA PARAÍBA NO ÂMBITO DA TEMPORADA BRASIL-FRANÇA 2025,estadual,Brasil,noticia,SERI recepciona as duas primeiras paraibanas repatriadas após ataques em Israel,outro,nao identificado,nao identificado,inovacao,,-55,,https://paraiba.pb.gov.br/diretas/secretaria-de-representacao-institucional/noticias-1/seri-recepciona-as-duas-primeiras-paraibanas-repatriadas-apos-ataques-em-israel,https://paraiba.pb.gov.br/diretas/secretaria-de-representacao-institucional
SELEÇÃO DE REALIZADORES AUDIOVISUAIS PARA RESIDÊNCIA EM CINEMA DIRETO INTEGRANDO A PROGRAMAÇÃO DA CARTEIRA DE PROJETOS DA PARAÍBA NO ÂMBITO DA TEMPORADA BRASIL-FRANÇA 2025,estadual,Brasil,noticia,"SERI viabiliza, junto ao Ministério da Saúde, implantação do Projeto Trauma Brasil na PB SERI viabiliza, junto ao Ministério da Saúde, implantação do Projeto Trauma Brasil na PB SERI viabiliza, junto ao Ministério da Saúde, implantação do Projeto Trauma Brasil na PB",outro,nao identificado,nao identificado,inovacao,,-55,,https://paraiba.pb.gov.br/diretas/secretaria-de-representacao-institucional/noticias-1/seri-viabiliza-junto-ao-ministerio-da-saude-implantacao-do-projeto-trauma-brasil-na-pb,https://paraiba.pb.gov.br/diretas/secretaria-de-representacao-institucional
SELEÇÃO DE REALIZADORES AUDIOVISUAIS PARA RESIDÊNCIA EM CINEMA DIRETO INTEGRANDO A PROGRAMAÇÃO DA CARTEIRA DE PROJETOS DA PARAÍBA NO ÂMBITO DA TEMPORADA BRASIL-FRANÇA 2025,federal,Brasil,noticia,Saldo de empregos cresce 36% na Paraíba e registra o 2º maior crescimento do Nordeste entre 2019-2025,outro,nao identificado,nao identificado,inovacao,,-55,2019,https://paraiba.pb.gov.br/noticias/saldo-de-empregos-cresce-36-na-paraiba-e-registra-o-2o-maior-crescimento-do-nordeste-entre-2019-2025,https://paraiba.pb.gov.br/diretas/secretaria-de-planejamento-orcamento-e-gestao
SELEÇÃO DE REALIZADORES AUDIOVISUAIS PARA RESIDÊNCIA EM CINEMA DIRETO INTEGRANDO A PROGRAMAÇÃO DA CARTEIRA DE PROJETOS DA PARAÍBA NO ÂMBITO DA TEMPORADA BRASIL-FRANÇA 2025,federal,Brasil,noticia,"Saúde Saúde , Saúde realiza abertura da 16ª Semana Estadual da Luta Antimanicomial em João Pessoa tags: Saúde , Semana Estadual da Luta Antimanicomial , saúde mental publicado 15/05/2026 18h36 Notícias",outro,nao identificado,nao identificado,inovacao,,-55,2026,https://paraiba.pb.gov.br/@@busca?Subject:list=Saúde ,https://paraiba.pb.gov.br/noticias
SELEÇÃO DE REALIZADORES AUDIOVISUAIS PARA RESIDÊNCIA EM CINEMA DIRETO INTEGRANDO A PROGRAMAÇÃO DA CARTEIRA DE PROJETOS DA PARAÍBA NO ÂMBITO DA TEMPORADA BRASIL-FRANÇA 2025,federal,Brasil,noticia,Saúde convida municípios para a Semana de Intensificação de Vacinação nas Escolas,outro,nao identificado,nao identificado,inovacao,,-55,,https://paraiba.pb.gov.br/noticias/saude-convida-municipios-para-a-semana-de-intensificacao-de-vacinacao-nas-escolas,https://paraiba.pb.gov.br/diretas/secretaria-da-saude
SELEÇÃO DE REALIZADORES AUDIOVISUAIS PARA RESIDÊNCIA EM CINEMA DIRETO INTEGRANDO A PROGRAMAÇÃO DA CARTEIRA DE PROJETOS DA PARAÍBA NO ÂMBITO DA TEMPORADA BRASIL-FRANÇA 2025,estadual,Brasil,noticia,"Saúde realiza abertura da 16ª Semana Estadual da Luta Antimanicomial em João Pessoa Saúde realiza abertura da 16ª Semana Estadual da Luta Antimanicomial em João Pessoa tags: Saúde , Semana Estadual da Luta Antimanicomial , saúde mental publicado 15/05/2026 18h36 Notícias",outro,nao identificado,nao identificado,inovacao,,-55,2026,https://paraiba.pb.gov.br/noticias/saude-realiza-abertura-da-16a-semana-estadual-da-luta-antimanicomial-em-joao-pessoa,https://paraiba.pb.gov.br/noticias
SELEÇÃO DE REALIZADORES AUDIOVISUAIS PARA RESIDÊNCIA EM CINEMA DIRETO INTEGRANDO A PROGRAMAÇÃO DA CARTEIRA DE PROJETOS DA PARAÍBA NO ÂMBITO DA TEMPORADA BRASIL-FRANÇA 2025,estadual,Brasil,noticia,"Saúde realiza abertura da 16ª Semana Estadual da Luta Antimanicomial em João Pessoa tags: Saúde , Semana Estadual da Luta Antimanicomial , saúde mental publicado 15/05/2026 18h36 Notícias",outro,nao identificado,nao identificado,inovacao,,-55,2026,https://paraiba.pb.gov.br/noticias/saude-realiza-abertura-da-16a-semana-estadual-da-luta-antimanicomial-em-joao-pessoa,https://paraiba.pb.gov.br/noticias
SELEÇÃO DE REALIZADORES AUDIOVISUAIS PARA RESIDÊNCIA EM CINEMA DIRETO INTEGRANDO A PROGRAMAÇÃO DA CARTEIRA DE PROJETOS DA PARAÍBA NO ÂMBITO DA TEMPORADA BRASIL-FRANÇA 2025,federal,Brasil,noticia,Saúde visita abrigos em Santa Rita e reforça ações de vigilância após fortes chuvas,outro,nao identificado,nao identificado,inovacao,,-55,,https://paraiba.pb.gov.br/noticias/saude-visita-abrigos-em-santa-rita-e-reforca-acoes-de-vigilancia-apos-fortes-chuvas,https://paraiba.pb.gov.br/diretas/secretaria-da-saude
SELEÇÃO DE REALIZADORES AUDIOVISUAIS PARA RESIDÊNCIA EM CINEMA DIRETO INTEGRANDO A PROGRAMAÇÃO DA CARTEIRA DE PROJETOS DA PARAÍBA NO ÂMBITO DA TEMPORADA BRASIL-FRANÇA 2025,federal,Brasil,noticia,Sead realiza “Dia D da Qualidade de Vida do Servidor” com ação itinerante nos órgãos estaduais,outro,nao identificado,nao identificado,inovacao,,-55,,https://paraiba.pb.gov.br/noticias/sead-realiza-201cdia-d-da-qualidade-de-vida-do-servidor201d-com-acao-itinerante-nos-orgaos-estaduais,https://paraiba.pb.gov.br/diretas/secretaria-de-administracao
SELEÇÃO DE REALIZADORES AUDIOVISUAIS PARA RESIDÊNCIA EM CINEMA DIRETO INTEGRANDO A PROGRAMAÇÃO DA CARTEIRA DE PROJETOS DA PARAÍBA NO ÂMBITO DA TEMPORADA BRASIL-FRANÇA 2025,estadual,Brasil,noticia,Secretaria de Estado do Turismo e Desenvolvimento Econômico (Setde) ganha nova sede e fortalece atuação junto aos setores produtivos,outro,desenvolvimento,desenvolvimento_roteiro,inovacao,,-55,,https://paraiba.pb.gov.br/diretas/secretaria-de-turismo-e-desenvolvimento-economico/noticias/secretaria-de-estado-do-turismo-e-desenvolvimento-economico-setde-ganha-nova-sede-e-fortalece-atuacao-junto-aos-setores-produtivos,https://paraiba.pb.gov.br/diretas/secretaria-de-turismo-e-desenvolvimento-economico
SELEÇÃO DE REALIZADORES AUDIOVISUAIS PARA RESIDÊNCIA EM CINEMA DIRETO INTEGRANDO A PROGRAMAÇÃO DA CARTEIRA DE PROJETOS DA PARAÍBA NO ÂMBITO DA TEMPORADA BRASIL-FRANÇA 2025,estadual,Brasil,noticia,Secretário da SERI comemora a chegada do novo tomografo do Hospital de Patos,outro,nao identificado,nao identificado,inovacao,,-55,,https://paraiba.pb.gov.br/diretas/secretaria-de-representacao-institucional/noticias-1/secretario-da-seri-comemora-a-chegada-do-novo-tomografo-do-hospital-de-patos,https://paraiba.pb.gov.br/diretas/secretaria-de-representacao-institucional
SELEÇÃO DE REALIZADORES AUDIOVISUAIS PARA RESIDÊNCIA EM CINEMA DIRETO INTEGRANDO A PROGRAMAÇÃO DA CARTEIRA DE PROJETOS DA PARAÍBA NO ÂMBITO DA TEMPORADA BRASIL-FRANÇA 2025,estadual,Brasil,noticia,"Semana Estadual da Luta Antimanicomial Semana Estadual da Luta Antimanicomial , Saúde realiza abertura da 16ª Semana Estadual da Luta Antimanicomial em João Pessoa tags: Saúde , Semana Estadual da Luta Antimanicomial , saúde mental publicado 15/05/2026 18h36 Notícias",outro,nao identificado,nao identificado,inovacao,,-55,2026,https://paraiba.pb.gov.br/@@busca?Subject:list=Semana Estadual da Luta Antimanicomial,https://paraiba.pb.gov.br/noticias
SELEÇÃO DE REALIZADORES AUDIOVISUAIS PARA RESIDÊNCIA EM CINEMA DIRETO INTEGRANDO A PROGRAMAÇÃO DA CARTEIRA DE PROJETOS DA PARAÍBA NO ÂMBITO DA TEMPORADA BRASIL-FRANÇA 2025,federal,Brasil,noticia,"Senado Senado , Paraíba é reconhecida no Senado como um dos cinco estados que mais alfabetizam no Brasil tags: Senado , Alfabetização , Alfabetiza Mais Paraíba publicado 18/05/2026 15h28 Notícias",outro,nao identificado,nao identificado,inovacao,,-55,2026,https://paraiba.pb.gov.br/@@busca?Subject:list=Senado,https://paraiba.pb.gov.br/noticias
SELEÇÃO DE REALIZADORES AUDIOVISUAIS PARA RESIDÊNCIA EM CINEMA DIRETO INTEGRANDO A PROGRAMAÇÃO DA CARTEIRA DE PROJETOS DA PARAÍBA NO ÂMBITO DA TEMPORADA BRASIL-FRANÇA 2025,federal,Brasil,noticia,"Setor de serviços Setor de serviços , Setor de serviços na Paraíba cresce pelo sétimo mês seguido tags: Setor de serviços , Pesquisa Mensal de Serviços , IBGE publicado 15/05/2026 18h23 Notícias",outro,nao identificado,nao identificado,inovacao,,-55,2026,https://paraiba.pb.gov.br/@@busca?Subject:list=Setor de serviços,https://paraiba.pb.gov.br/noticias
SELEÇÃO DE REALIZADORES AUDIOVISUAIS PARA RESIDÊNCIA EM CINEMA DIRETO INTEGRANDO A PROGRAMAÇÃO DA CARTEIRA DE PROJETOS DA PARAÍBA NO ÂMBITO DA TEMPORADA BRASIL-FRANÇA 2025,federal,Brasil,noticia,"Setor de serviços na Paraíba cresce pelo sétimo mês seguido Setor de serviços na Paraíba cresce pelo sétimo mês seguido tags: Setor de serviços , Pesquisa Mensal de Serviços , IBGE publicado 15/05/2026 18h23 Notícias",outro,nao identificado,nao identificado,inovacao,,-55,2026,https://paraiba.pb.gov.br/noticias/setor-de-servicos-na-paraiba-cresce-pelo-setimo-mes-seguido,https://paraiba.pb.gov.br/noticias
SELEÇÃO DE REALIZADORES AUDIOVISUAIS PARA RESIDÊNCIA EM CINEMA DIRETO INTEGRANDO A PROGRAMAÇÃO DA CARTEIRA DE PROJETOS DA PARAÍBA NO ÂMBITO DA TEMPORADA BRASIL-FRANÇA 2025,estadual,Brasil,noticia,São João na Rede percorre 12 municípios e abre temporada junina na Paraíba,outro,nao identificado,nao identificado,cultura,,-55,,https://paraiba.pb.gov.br/diretas/secretaria-da-cultura/noticias/sao-joao-na-rede-percorre-12-municipios-e-abre-temporada-junina-na-paraiba,https://paraiba.pb.gov.br/diretas/secretaria-da-cultura
SELEÇÃO DE REALIZADORES AUDIOVISUAIS PARA RESIDÊNCIA EM CINEMA DIRETO INTEGRANDO A PROGRAMAÇÃO DA CARTEIRA DE PROJETOS DA PARAÍBA NO ÂMBITO DA TEMPORADA BRASIL-FRANÇA 2025,federal,Brasil,noticia,"São Paulo Innovation Week 2026 Paraíba destaca protagonismo em computação quântica durante painel no São Paulo Innovation Week 2026 tags: protagonismo , computação quântica , São Paulo Innovation Week 2026 publicado 16/05/2026 10h57 Notícias",outro,nao identificado,nao identificado,inovacao,,-55,2026,https://paraiba.pb.gov.br/@@busca?Subject:list=São Paulo Innovation Week 2026,https://paraiba.pb.gov.br/noticias
SELEÇÃO DE REALIZADORES AUDIOVISUAIS PARA RESIDÊNCIA EM CINEMA DIRETO INTEGRANDO A PROGRAMAÇÃO DA CARTEIRA DE PROJETOS DA PARAÍBA NO ÂMBITO DA TEMPORADA BRASIL-FRANÇA 2025,estadual,Brasil,noticia,Transforma Educação PB registra marca de mais de 13 mil inscritos no programa,outro,nao identificado,nao identificado,inovacao,,-55,,https://paraiba.pb.gov.br/diretas/secretaria-da-educacao/noticias/transforma-educacao-pb-registra-marca-de-mais-de-13-mil-inscritos-no-programa,https://paraiba.pb.gov.br/diretas/secretaria-da-educacao
SELEÇÃO DE REALIZADORES AUDIOVISUAIS PARA RESIDÊNCIA EM CINEMA DIRETO INTEGRANDO A PROGRAMAÇÃO DA CARTEIRA DE PROJETOS DA PARAÍBA NO ÂMBITO DA TEMPORADA BRASIL-FRANÇA 2025,federal,Brasil,noticia,"atendimentos atendimentos , Hospital Edson Ramalho realiza mais de 390 atendimentos e 46 cirurgias durante o fim de semana tags: Hospital Edson Ramalho , atendimentos , cirurgias , fim de semana publicado 18/05/2026 15h04 Notícias",outro,nao identificado,nao identificado,inovacao,,-55,2026,https://paraiba.pb.gov.br/@@busca?Subject:list=atendimentos ,https://paraiba.pb.gov.br/noticias
SELEÇÃO DE REALIZADORES AUDIOVISUAIS PARA RESIDÊNCIA EM CINEMA DIRETO INTEGRANDO A PROGRAMAÇÃO DA CARTEIRA DE PROJETOS DA PARAÍBA NO ÂMBITO DA TEMPORADA BRASIL-FRANÇA 2025,federal,Brasil,noticia,"atendimentos atendimentos , Hospital Regional de Guarabira realiza mais de 330 atendimentos no final de semana tags: Hospital Regional de Guarabira , atendimentos , final de semana publicado 18/05/2026 16h13 Notícias",outro,nao identificado,nao identificado,inovacao,,-55,2026,https://paraiba.pb.gov.br/@@busca?Subject:list=atendimentos,https://paraiba.pb.gov.br/noticias
SELEÇÃO DE REALIZADORES AUDIOVISUAIS PARA RESIDÊNCIA EM CINEMA DIRETO INTEGRANDO A PROGRAMAÇÃO DA CARTEIRA DE PROJETOS DA PARAÍBA NO ÂMBITO DA TEMPORADA BRASIL-FRANÇA 2025,federal,Brasil,noticia,"atendimentos atendimentos , Hospital Regional de Patos atende 256 pessoas e realiza 34 cirurgias durante fim de semana tags: Hospital Regional de Patos , atendimentos , cirurgias , fim de semana , publicado 18/05/2026 17h51 Notícias",outro,nao identificado,nao identificado,inovacao,,-55,2026,https://paraiba.pb.gov.br/@@busca?Subject:list=atendimentos,https://paraiba.pb.gov.br/noticias
SELEÇÃO DE REALIZADORES AUDIOVISUAIS PARA RESIDÊNCIA EM CINEMA DIRETO INTEGRANDO A PROGRAMAÇÃO DA CARTEIRA DE PROJETOS DA PARAÍBA NO ÂMBITO DA TEMPORADA BRASIL-FRANÇA 2025,federal,Brasil,noticia,"atendimentos atendimentos , Hospital de Catolé do Rocha atende 400 pessoas no fim de semana e realiza 20 cirurgias e oito partos tags: Hospital de Catolé do Rocha , atendimentos , fim de semana , cirurgias , partos publicado 18/05/2026 18h11 Notícias",outro,nao identificado,nao identificado,inovacao,,-55,2026,https://paraiba.pb.gov.br/@@busca?Subject:list=atendimentos ,https://paraiba.pb.gov.br/noticias
SELEÇÃO DE REALIZADORES AUDIOVISUAIS PARA RESIDÊNCIA EM CINEMA DIRETO INTEGRANDO A PROGRAMAÇÃO DA CARTEIRA DE PROJETOS DA PARAÍBA NO ÂMBITO DA TEMPORADA BRASIL-FRANÇA 2025,federal,Brasil,noticia,"atendimentos atendimentos , Hospital e Maternidade Estevam Marinho realiza 290 atendimentos durante o fim de semana em Coremas tags: Hospital e Maternidade Estevam Marinho , atendimentos , fim de semana , Coremas publicado 18/05/2026 18h22 Notícias",outro,nao identificado,nao identificado,inovacao,,-55,2026,https://paraiba.pb.gov.br/@@busca?Subject:list=atendimentos,https://paraiba.pb.gov.br/noticias
SELEÇÃO DE REALIZADORES AUDIOVISUAIS PARA RESIDÊNCIA EM CINEMA DIRETO INTEGRANDO A PROGRAMAÇÃO DA CARTEIRA DE PROJETOS DA PARAÍBA NO ÂMBITO DA TEMPORADA BRASIL-FRANÇA 2025,federal,Brasil,noticia,"ação itinerante ação itinerante , Programa Cidadão realiza ação itinerante com emissão de documentos para famílias atingidas pelas chuvas tags: Programa Cidadão , ação itinerante , emissão de documentos , chuvas publicado 18/05/2026 16h27 Notícias",outro,nao identificado,nao identificado,inovacao,,-55,2026,https://paraiba.pb.gov.br/@@busca?Subject:list=ação itinerante,https://paraiba.pb.gov.br/noticias
SELEÇÃO DE REALIZADORES AUDIOVISUAIS PARA RESIDÊNCIA EM CINEMA DIRETO INTEGRANDO A PROGRAMAÇÃO DA CARTEIRA DE PROJETOS DA PARAÍBA NO ÂMBITO DA TEMPORADA BRASIL-FRANÇA 2025,federal,Brasil,noticia,"balanço balanço , Hospital Regional de Pombal registra mais de 610 atendimentos no fim de semana tags: saúde , hospital regional , pombal , balanço , fim de semana publicado 18/05/2026 08h46 Notícias",outro,nao identificado,nao identificado,inovacao,,-55,2026,https://paraiba.pb.gov.br/@@busca?Subject:list=balanço,https://paraiba.pb.gov.br/noticias
SELEÇÃO DE REALIZADORES AUDIOVISUAIS PARA RESIDÊNCIA EM CINEMA DIRETO INTEGRANDO A PROGRAMAÇÃO DA CARTEIRA DE PROJETOS DA PARAÍBA NO ÂMBITO DA TEMPORADA BRASIL-FRANÇA 2025,federal,Brasil,noticia,"balanço balanço , Hospital de Trauma de Campina Grande realiza mais de 590 atendimentos no fim de semana tags: saúde , trauma-cg , balanço , fim de semana publicado 18/05/2026 08h35 Notícias",outro,nao identificado,nao identificado,inovacao,,-55,2026,https://paraiba.pb.gov.br/@@busca?Subject:list=balanço,https://paraiba.pb.gov.br/noticias
SELEÇÃO DE REALIZADORES AUDIOVISUAIS PARA RESIDÊNCIA EM CINEMA DIRETO INTEGRANDO A PROGRAMAÇÃO DA CARTEIRA DE PROJETOS DA PARAÍBA NO ÂMBITO DA TEMPORADA BRASIL-FRANÇA 2025,federal,Brasil,noticia,"balanço balanço , Hospital de Trauma de João Pessoa registra mais de 745 atendimentos no fim de semana tags: saúde , trauma-jp , balanço , fim de semana publicado 18/05/2026 09h23 Notícias",outro,nao identificado,nao identificado,inovacao,,-55,2026,https://paraiba.pb.gov.br/@@busca?Subject:list=balanço,https://paraiba.pb.gov.br/noticias
SELEÇÃO DE REALIZADORES AUDIOVISUAIS PARA RESIDÊNCIA EM CINEMA DIRETO INTEGRANDO A PROGRAMAÇÃO DA CARTEIRA DE PROJETOS DA PARAÍBA NO ÂMBITO DA TEMPORADA BRASIL-FRANÇA 2025,federal,Brasil,noticia,"campina grande campina grande , 56ª Expapi reúne mais de 1,2 mil animais e implementos agropecuários em Campina Grande tags: expapi , paraíba agronegócios , campina grande , feira , sedap-pb publicado 18/05/2026 10h03 Notícias",outro,nao identificado,nao identificado,inovacao,,-55,2026,https://paraiba.pb.gov.br/@@busca?Subject:list=campina grande,https://paraiba.pb.gov.br/noticias
SELEÇÃO DE REALIZADORES AUDIOVISUAIS PARA RESIDÊNCIA EM CINEMA DIRETO INTEGRANDO A PROGRAMAÇÃO DA CARTEIRA DE PROJETOS DA PARAÍBA NO ÂMBITO DA TEMPORADA BRASIL-FRANÇA 2025,federal,Brasil,noticia,"certificação nacional certificação nacional , Rede Paraibana de Bancos de Leite Humano recebe certificação nacional durante congresso internacional no Rio de Janeiro tags: Rede Paraibana de Bancos de Leite Humano , certificação nacional , congresso internacional , Rio de Janeiro publicado 18/05/2026 14h48 Notícias",outro,nao identificado,nao identificado,inovacao,,-55,2026,https://paraiba.pb.gov.br/@@busca?Subject:list=certificação nacional,https://paraiba.pb.gov.br/noticias
SELEÇÃO DE REALIZADORES AUDIOVISUAIS PARA RESIDÊNCIA EM CINEMA DIRETO INTEGRANDO A PROGRAMAÇÃO DA CARTEIRA DE PROJETOS DA PARAÍBA NO ÂMBITO DA TEMPORADA BRASIL-FRANÇA 2025,federal,Brasil,noticia,"chuvas Programa Cidadão realiza ação itinerante com emissão de documentos para famílias atingidas pelas chuvas tags: Programa Cidadão , ação itinerante , emissão de documentos , chuvas publicado 18/05/2026 16h27 Notícias",outro,nao identificado,nao identificado,inovacao,,-55,2026,https://paraiba.pb.gov.br/@@busca?Subject:list=chuvas,https://paraiba.pb.gov.br/noticias
SELEÇÃO DE REALIZADORES AUDIOVISUAIS PARA RESIDÊNCIA EM CINEMA DIRETO INTEGRANDO A PROGRAMAÇÃO DA CARTEIRA DE PROJETOS DA PARAÍBA NO ÂMBITO DA TEMPORADA BRASIL-FRANÇA 2025,federal,Brasil,noticia,"cirurgia Paraíba amplia cirurgias robóticas oncológicas pelo SUS com novos procedimentos para câncer no trato digestivo tags: saúde , paraíba contra o câncer , hospital laureano , robótica , cirurgia publicado 18/05/2026 10h24 Notícias",outro,nao identificado,nao identificado,inovacao,,-55,2026,https://paraiba.pb.gov.br/@@busca?Subject:list=cirurgia,https://paraiba.pb.gov.br/noticias
SELEÇÃO DE REALIZADORES AUDIOVISUAIS PARA RESIDÊNCIA EM CINEMA DIRETO INTEGRANDO A PROGRAMAÇÃO DA CARTEIRA DE PROJETOS DA PARAÍBA NO ÂMBITO DA TEMPORADA BRASIL-FRANÇA 2025,federal,Brasil,noticia,"cirurgias cirurgias , Hospital Edson Ramalho realiza mais de 390 atendimentos e 46 cirurgias durante o fim de semana tags: Hospital Edson Ramalho , atendimentos , cirurgias , fim de semana publicado 18/05/2026 15h04 Notícias",outro,nao identificado,nao identificado,inovacao,,-55,2026,https://paraiba.pb.gov.br/@@busca?Subject:list=cirurgias ,https://paraiba.pb.gov.br/noticias
SELEÇÃO DE REALIZADORES AUDIOVISUAIS PARA RESIDÊNCIA EM CINEMA DIRETO INTEGRANDO A PROGRAMAÇÃO DA CARTEIRA DE PROJETOS DA PARAÍBA NO ÂMBITO DA TEMPORADA BRASIL-FRANÇA 2025,federal,Brasil,noticia,"cirurgias cirurgias , Hospital Regional de Patos atende 256 pessoas e realiza 34 cirurgias durante fim de semana tags: Hospital Regional de Patos , atendimentos , cirurgias , fim de semana , publicado 18/05/2026 17h51 Notícias",outro,nao identificado,nao identificado,inovacao,,-55,2026,https://paraiba.pb.gov.br/@@busca?Subject:list=cirurgias ,https://paraiba.pb.gov.br/noticias
SELEÇÃO DE REALIZADORES AUDIOVISUAIS PARA RESIDÊNCIA EM CINEMA DIRETO INTEGRANDO A PROGRAMAÇÃO DA CARTEIRA DE PROJETOS DA PARAÍBA NO ÂMBITO DA TEMPORADA BRASIL-FRANÇA 2025,federal,Brasil,noticia,"cirurgias cirurgias , Hospital de Catolé do Rocha atende 400 pessoas no fim de semana e realiza 20 cirurgias e oito partos tags: Hospital de Catolé do Rocha , atendimentos , fim de semana , cirurgias , partos publicado 18/05/2026 18h11 Notícias",outro,nao identificado,nao identificado,inovacao,,-55,2026,https://paraiba.pb.gov.br/@@busca?Subject:list=cirurgias,https://paraiba.pb.gov.br/noticias
SELEÇÃO DE REALIZADORES AUDIOVISUAIS PARA RESIDÊNCIA EM CINEMA DIRETO INTEGRANDO A PROGRAMAÇÃO DA CARTEIRA DE PROJETOS DA PARAÍBA NO ÂMBITO DA TEMPORADA BRASIL-FRANÇA 2025,federal,Brasil,noticia,"cirurgias ortopédicas cirurgias ortopédicas , Hospital Regional de Guarabira retoma cirurgias ortopédicas pelo Opera Paraíba e amplia acesso a procedimentos eletivos tags: Hospital Regional de Guarabira , cirurgias ortopédicas , Opera Paraíba , procedimentos eletivos publicado 18/05/2026 18h30 Notícias",outro,nao identificado,nao identificado,inovacao,,-55,2026,https://paraiba.pb.gov.br/@@busca?Subject:list=cirurgias ortopédicas,https://paraiba.pb.gov.br/noticias
SELEÇÃO DE REALIZADORES AUDIOVISUAIS PARA RESIDÊNCIA EM CINEMA DIRETO INTEGRANDO A PROGRAMAÇÃO DA CARTEIRA DE PROJETOS DA PARAÍBA NO ÂMBITO DA TEMPORADA BRASIL-FRANÇA 2025,federal,Brasil,noticia,"computação quântica computação quântica , Paraíba destaca protagonismo em computação quântica durante painel no São Paulo Innovation Week 2026 tags: protagonismo , computação quântica , São Paulo Innovation Week 2026 publicado 16/05/2026 10h57 Notícias",outro,nao identificado,nao identificado,inovacao,,-55,2026,https://paraiba.pb.gov.br/@@busca?Subject:list=computação quântica ,https://paraiba.pb.gov.br/noticias
SELEÇÃO DE REALIZADORES AUDIOVISUAIS PARA RESIDÊNCIA EM CINEMA DIRETO INTEGRANDO A PROGRAMAÇÃO DA CARTEIRA DE PROJETOS DA PARAÍBA NO ÂMBITO DA TEMPORADA BRASIL-FRANÇA 2025,federal,Brasil,noticia,"congresso internacional congresso internacional , Rede Paraibana de Bancos de Leite Humano recebe certificação nacional durante congresso internacional no Rio de Janeiro tags: Rede Paraibana de Bancos de Leite Humano , certificação nacional , congresso internacional , Rio de Janeiro publicado 18/05/2026 14h48 Notícias",outro,nao identificado,nao identificado,inovacao,,-55,2026,https://paraiba.pb.gov.br/@@busca?Subject:list=congresso internacional ,https://paraiba.pb.gov.br/noticias
SELEÇÃO DE REALIZADORES AUDIOVISUAIS PARA RESIDÊNCIA EM CINEMA DIRETO INTEGRANDO A PROGRAMAÇÃO DA CARTEIRA DE PROJETOS DA PARAÍBA NO ÂMBITO DA TEMPORADA BRASIL-FRANÇA 2025,federal,Brasil,noticia,"dia d dia d , Paraíba aplica mais de 35 mil doses durante Dia D de Multivacinação com foco na Influenza tags: saúde , vacinação , resultado , dia d , influenza , gripe , multivacinação publicado 16/05/2026 21h22 Notícias",outro,nao identificado,nao identificado,inovacao,,-55,2026,https://paraiba.pb.gov.br/@@busca?Subject:list=dia d,https://paraiba.pb.gov.br/noticias
SELEÇÃO DE REALIZADORES AUDIOVISUAIS PARA RESIDÊNCIA EM CINEMA DIRETO INTEGRANDO A PROGRAMAÇÃO DA CARTEIRA DE PROJETOS DA PARAÍBA NO ÂMBITO DA TEMPORADA BRASIL-FRANÇA 2025,federal,Brasil,noticia,"emissão de documentos emissão de documentos , Programa Cidadão realiza ação itinerante com emissão de documentos para famílias atingidas pelas chuvas tags: Programa Cidadão , ação itinerante , emissão de documentos , chuvas publicado 18/05/2026 16h27 Notícias",outro,nao identificado,nao identificado,inovacao,,-55,2026,https://paraiba.pb.gov.br/@@busca?Subject:list=emissão de documentos,https://paraiba.pb.gov.br/noticias
SELEÇÃO DE REALIZADORES AUDIOVISUAIS PARA RESIDÊNCIA EM CINEMA DIRETO INTEGRANDO A PROGRAMAÇÃO DA CARTEIRA DE PROJETOS DA PARAÍBA NO ÂMBITO DA TEMPORADA BRASIL-FRANÇA 2025,federal,Brasil,noticia,"escritórios escritórios , Governo da Paraíba inicia reforma nos escritórios da Defesa Agropecuária tags: sedap-pb , reforma , escritórios , ulsav publicado 19/05/2026 09h54 Notícias",outro,nao identificado,nao identificado,inovacao,,-55,2026,https://paraiba.pb.gov.br/@@busca?Subject:list=escritórios,https://paraiba.pb.gov.br/noticias
SELEÇÃO DE REALIZADORES AUDIOVISUAIS PARA RESIDÊNCIA EM CINEMA DIRETO INTEGRANDO A PROGRAMAÇÃO DA CARTEIRA DE PROJETOS DA PARAÍBA NO ÂMBITO DA TEMPORADA BRASIL-FRANÇA 2025,federal,Brasil,noticia,"expapi expapi , 56ª Expapi reúne mais de 1,2 mil animais e implementos agropecuários em Campina Grande tags: expapi , paraíba agronegócios , campina grande , feira , sedap-pb publicado 18/05/2026 10h03 Notícias",outro,nao identificado,nao identificado,inovacao,,-55,2026,https://paraiba.pb.gov.br/@@busca?Subject:list=expapi,https://paraiba.pb.gov.br/noticias
SELEÇÃO DE REALIZADORES AUDIOVISUAIS PARA RESIDÊNCIA EM CINEMA DIRETO INTEGRANDO A PROGRAMAÇÃO DA CARTEIRA DE PROJETOS DA PARAÍBA NO ÂMBITO DA TEMPORADA BRASIL-FRANÇA 2025,federal,Brasil,noticia,"feira feira , 56ª Expapi reúne mais de 1,2 mil animais e implementos agropecuários em Campina Grande tags: expapi , paraíba agronegócios , campina grande , feira , sedap-pb publicado 18/05/2026 10h03 Notícias",outro,nao identificado,nao identificado,inovacao,,-55,2026,https://paraiba.pb.gov.br/@@busca?Subject:list=feira,https://paraiba.pb.gov.br/noticias
SELEÇÃO DE REALIZADORES AUDIOVISUAIS PARA RESIDÊNCIA EM CINEMA DIRETO INTEGRANDO A PROGRAMAÇÃO DA CARTEIRA DE PROJETOS DA PARAÍBA NO ÂMBITO DA TEMPORADA BRASIL-FRANÇA 2025,federal,Brasil,noticia,"fim de semana Hospital Edson Ramalho realiza mais de 390 atendimentos e 46 cirurgias durante o fim de semana tags: Hospital Edson Ramalho , atendimentos , cirurgias , fim de semana publicado 18/05/2026 15h04 Notícias",outro,nao identificado,nao identificado,inovacao,,-55,2026,https://paraiba.pb.gov.br/@@busca?Subject:list=fim de semana,https://paraiba.pb.gov.br/noticias
SELEÇÃO DE REALIZADORES AUDIOVISUAIS PARA RESIDÊNCIA EM CINEMA DIRETO INTEGRANDO A PROGRAMAÇÃO DA CARTEIRA DE PROJETOS DA PARAÍBA NO ÂMBITO DA TEMPORADA BRASIL-FRANÇA 2025,federal,Brasil,noticia,"fim de semana Hospital Regional de Pombal registra mais de 610 atendimentos no fim de semana tags: saúde , hospital regional , pombal , balanço , fim de semana publicado 18/05/2026 08h46 Notícias",outro,nao identificado,nao identificado,inovacao,,-55,2026,https://paraiba.pb.gov.br/@@busca?Subject:list=fim de semana,https://paraiba.pb.gov.br/noticias
SELEÇÃO DE REALIZADORES AUDIOVISUAIS PARA RESIDÊNCIA EM CINEMA DIRETO INTEGRANDO A PROGRAMAÇÃO DA CARTEIRA DE PROJETOS DA PARAÍBA NO ÂMBITO DA TEMPORADA BRASIL-FRANÇA 2025,federal,Brasil,noticia,"fim de semana Hospital de Trauma de Campina Grande realiza mais de 590 atendimentos no fim de semana tags: saúde , trauma-cg , balanço , fim de semana publicado 18/05/2026 08h35 Notícias",outro,nao identificado,nao identificado,inovacao,,-55,2026,https://paraiba.pb.gov.br/@@busca?Subject:list=fim de semana,https://paraiba.pb.gov.br/noticias
SELEÇÃO DE REALIZADORES AUDIOVISUAIS PARA RESIDÊNCIA EM CINEMA DIRETO INTEGRANDO A PROGRAMAÇÃO DA CARTEIRA DE PROJETOS DA PARAÍBA NO ÂMBITO DA TEMPORADA BRASIL-FRANÇA 2025,federal,Brasil,noticia,"fim de semana Hospital de Trauma de João Pessoa registra mais de 745 atendimentos no fim de semana tags: saúde , trauma-jp , balanço , fim de semana publicado 18/05/2026 09h23 Notícias",outro,nao identificado,nao identificado,inovacao,,-55,2026,https://paraiba.pb.gov.br/@@busca?Subject:list=fim de semana,https://paraiba.pb.gov.br/noticias
SELEÇÃO DE REALIZADORES AUDIOVISUAIS PARA RESIDÊNCIA EM CINEMA DIRETO INTEGRANDO A PROGRAMAÇÃO DA CARTEIRA DE PROJETOS DA PARAÍBA NO ÂMBITO DA TEMPORADA BRASIL-FRANÇA 2025,federal,Brasil,noticia,"fim de semana fim de semana , Hospital Regional de Patos atende 256 pessoas e realiza 34 cirurgias durante fim de semana tags: Hospital Regional de Patos , atendimentos , cirurgias , fim de semana , publicado 18/05/2026 17h51 Notícias",outro,nao identificado,nao identificado,inovacao,,-55,2026,https://paraiba.pb.gov.br/@@busca?Subject:list=fim de semana ,https://paraiba.pb.gov.br/noticias
SELEÇÃO DE REALIZADORES AUDIOVISUAIS PARA RESIDÊNCIA EM CINEMA DIRETO INTEGRANDO A PROGRAMAÇÃO DA CARTEIRA DE PROJETOS DA PARAÍBA NO ÂMBITO DA TEMPORADA BRASIL-FRANÇA 2025,federal,Brasil,noticia,"fim de semana fim de semana , Hospital de Catolé do Rocha atende 400 pessoas no fim de semana e realiza 20 cirurgias e oito partos tags: Hospital de Catolé do Rocha , atendimentos , fim de semana , cirurgias , partos publicado 18/05/2026 18h11 Notícias",outro,nao identificado,nao identificado,inovacao,,-55,2026,https://paraiba.pb.gov.br/@@busca?Subject:list=fim de semana ,https://paraiba.pb.gov.br/noticias
SELEÇÃO DE REALIZADORES AUDIOVISUAIS PARA RESIDÊNCIA EM CINEMA DIRETO INTEGRANDO A PROGRAMAÇÃO DA CARTEIRA DE PROJETOS DA PARAÍBA NO ÂMBITO DA TEMPORADA BRASIL-FRANÇA 2025,federal,Brasil,noticia,"fim de semana fim de semana , Hospital e Maternidade Estevam Marinho realiza 290 atendimentos durante o fim de semana em Coremas tags: Hospital e Maternidade Estevam Marinho , atendimentos , fim de semana , Coremas publicado 18/05/2026 18h22 Notícias",outro,nao identificado,nao identificado,inovacao,,-55,2026,https://paraiba.pb.gov.br/@@busca?Subject:list=fim de semana,https://paraiba.pb.gov.br/noticias
SELEÇÃO DE REALIZADORES AUDIOVISUAIS PARA RESIDÊNCIA EM CINEMA DIRETO INTEGRANDO A PROGRAMAÇÃO DA CARTEIRA DE PROJETOS DA PARAÍBA NO ÂMBITO DA TEMPORADA BRASIL-FRANÇA 2025,federal,Brasil,noticia,"final de semana Hospital Regional de Guarabira realiza mais de 330 atendimentos no final de semana tags: Hospital Regional de Guarabira , atendimentos , final de semana publicado 18/05/2026 16h13 Notícias",outro,nao identificado,nao identificado,inovacao,,-55,2026,https://paraiba.pb.gov.br/@@busca?Subject:list=final de semana,https://paraiba.pb.gov.br/noticias
SELEÇÃO DE REALIZADORES AUDIOVISUAIS PARA RESIDÊNCIA EM CINEMA DIRETO INTEGRANDO A PROGRAMAÇÃO DA CARTEIRA DE PROJETOS DA PARAÍBA NO ÂMBITO DA TEMPORADA BRASIL-FRANÇA 2025,federal,Brasil,noticia,"gripe gripe , Paraíba aplica mais de 35 mil doses durante Dia D de Multivacinação com foco na Influenza tags: saúde , vacinação , resultado , dia d , influenza , gripe , multivacinação publicado 16/05/2026 21h22 Notícias",outro,nao identificado,nao identificado,inovacao,,-55,2026,https://paraiba.pb.gov.br/@@busca?Subject:list=gripe,https://paraiba.pb.gov.br/noticias
SELEÇÃO DE REALIZADORES AUDIOVISUAIS PARA RESIDÊNCIA EM CINEMA DIRETO INTEGRANDO A PROGRAMAÇÃO DA CARTEIRA DE PROJETOS DA PARAÍBA NO ÂMBITO DA TEMPORADA BRASIL-FRANÇA 2025,federal,Brasil,noticia,"hospital laureano hospital laureano , Paraíba amplia cirurgias robóticas oncológicas pelo SUS com novos procedimentos para câncer no trato digestivo tags: saúde , paraíba contra o câncer , hospital laureano , robótica , cirurgia publicado 18/05/2026 10h24 Notícias",outro,nao identificado,nao identificado,inovacao,,-55,2026,https://paraiba.pb.gov.br/@@busca?Subject:list=hospital laureano,https://paraiba.pb.gov.br/noticias
SELEÇÃO DE REALIZADORES AUDIOVISUAIS PARA RESIDÊNCIA EM CINEMA DIRETO INTEGRANDO A PROGRAMAÇÃO DA CARTEIRA DE PROJETOS DA PARAÍBA NO ÂMBITO DA TEMPORADA BRASIL-FRANÇA 2025,federal,Brasil,noticia,"hospital regional hospital regional , Hospital Regional de Pombal registra mais de 610 atendimentos no fim de semana tags: saúde , hospital regional , pombal , balanço , fim de semana publicado 18/05/2026 08h46 Notícias",outro,nao identificado,nao identificado,inovacao,,-55,2026,https://paraiba.pb.gov.br/@@busca?Subject:list=hospital regional,https://paraiba.pb.gov.br/noticias
SELEÇÃO DE REALIZADORES AUDIOVISUAIS PARA RESIDÊNCIA EM CINEMA DIRETO INTEGRANDO A PROGRAMAÇÃO DA CARTEIRA DE PROJETOS DA PARAÍBA NO ÂMBITO DA TEMPORADA BRASIL-FRANÇA 2025,federal,Brasil,noticia,"influenza influenza , Paraíba aplica mais de 35 mil doses durante Dia D de Multivacinação com foco na Influenza tags: saúde , vacinação , resultado , dia d , influenza , gripe , multivacinação publicado 16/05/2026 21h22 Notícias",outro,nao identificado,nao identificado,inovacao,,-55,2026,https://paraiba.pb.gov.br/@@busca?Subject:list=influenza,https://paraiba.pb.gov.br/noticias
SELEÇÃO DE REALIZADORES AUDIOVISUAIS PARA RESIDÊNCIA EM CINEMA DIRETO INTEGRANDO A PROGRAMAÇÃO DA CARTEIRA DE PROJETOS DA PARAÍBA NO ÂMBITO DA TEMPORADA BRASIL-FRANÇA 2025,federal,Brasil,noticia,"missão missão , Governo da Paraíba e Banco Mundial realizam missão do Projeto de Segurança Hídrica e acompanham avanços da setorização tags: Governo da Paraíba , Banco Mundial , missão , Projeto de Segurança Hídrica publicado 18/05/2026 18h44 Notícias",outro,nao identificado,nao identificado,inovacao,,-55,2026,https://paraiba.pb.gov.br/@@busca?Subject:list=missão,https://paraiba.pb.gov.br/noticias
SELEÇÃO DE REALIZADORES AUDIOVISUAIS PARA RESIDÊNCIA EM CINEMA DIRETO INTEGRANDO A PROGRAMAÇÃO DA CARTEIRA DE PROJETOS DA PARAÍBA NO ÂMBITO DA TEMPORADA BRASIL-FRANÇA 2025,federal,Brasil,noticia,"multivacinação Paraíba aplica mais de 35 mil doses durante Dia D de Multivacinação com foco na Influenza tags: saúde , vacinação , resultado , dia d , influenza , gripe , multivacinação publicado 16/05/2026 21h22 Notícias",outro,nao identificado,nao identificado,inovacao,,-55,2026,https://paraiba.pb.gov.br/@@busca?Subject:list=multivacinação,https://paraiba.pb.gov.br/noticias
SELEÇÃO DE REALIZADORES AUDIOVISUAIS PARA RESIDÊNCIA EM CINEMA DIRETO INTEGRANDO A PROGRAMAÇÃO DA CARTEIRA DE PROJETOS DA PARAÍBA NO ÂMBITO DA TEMPORADA BRASIL-FRANÇA 2025,federal,Brasil,noticia,"paraíba agronegócios paraíba agronegócios , 56ª Expapi reúne mais de 1,2 mil animais e implementos agropecuários em Campina Grande tags: expapi , paraíba agronegócios , campina grande , feira , sedap-pb publicado 18/05/2026 10h03 Notícias",outro,nao identificado,nao identificado,inovacao,,-55,2026,https://paraiba.pb.gov.br/@@busca?Subject:list=paraíba agronegócios,https://paraiba.pb.gov.br/noticias
SELEÇÃO DE REALIZADORES AUDIOVISUAIS PARA RESIDÊNCIA EM CINEMA DIRETO INTEGRANDO A PROGRAMAÇÃO DA CARTEIRA DE PROJETOS DA PARAÍBA NO ÂMBITO DA TEMPORADA BRASIL-FRANÇA 2025,federal,Brasil,noticia,"paraíba contra o câncer paraíba contra o câncer , Paraíba amplia cirurgias robóticas oncológicas pelo SUS com novos procedimentos para câncer no trato digestivo tags: saúde , paraíba contra o câncer , hospital laureano , robótica , cirurgia publicado 18/05/2026 10h24 Notícias",outro,nao identificado,nao identificado,inovacao,,-55,2026,https://paraiba.pb.gov.br/@@busca?Subject:list=paraíba contra o câncer,https://paraiba.pb.gov.br/noticias
SELEÇÃO DE REALIZADORES AUDIOVISUAIS PARA RESIDÊNCIA EM CINEMA DIRETO INTEGRANDO A PROGRAMAÇÃO DA CARTEIRA DE PROJETOS DA PARAÍBA NO ÂMBITO DA TEMPORADA BRASIL-FRANÇA 2025,federal,Brasil,noticia,"parceria público-privada parceria público-privada , BNDES destaca impacto de PPP do saneamento na Paraíba tags: BNDES , parceria público-privada , saneamento , Cagepa publicado 15/05/2026 19h05 Notícias",outro,nao identificado,nao identificado,inovacao,,-55,2026,https://paraiba.pb.gov.br/@@busca?Subject:list=parceria público-privada ,https://paraiba.pb.gov.br/noticias
SELEÇÃO DE REALIZADORES AUDIOVISUAIS PARA RESIDÊNCIA EM CINEMA DIRETO INTEGRANDO A PROGRAMAÇÃO DA CARTEIRA DE PROJETOS DA PARAÍBA NO ÂMBITO DA TEMPORADA BRASIL-FRANÇA 2025,federal,Brasil,noticia,"partos Hospital de Catolé do Rocha atende 400 pessoas no fim de semana e realiza 20 cirurgias e oito partos tags: Hospital de Catolé do Rocha , atendimentos , fim de semana , cirurgias , partos publicado 18/05/2026 18h11 Notícias",outro,nao identificado,nao identificado,inovacao,,-55,2026,https://paraiba.pb.gov.br/@@busca?Subject:list=partos,https://paraiba.pb.gov.br/noticias
SELEÇÃO DE REALIZADORES AUDIOVISUAIS PARA RESIDÊNCIA EM CINEMA DIRETO INTEGRANDO A PROGRAMAÇÃO DA CARTEIRA DE PROJETOS DA PARAÍBA NO ÂMBITO DA TEMPORADA BRASIL-FRANÇA 2025,federal,Brasil,noticia,"pombal pombal , Hospital Regional de Pombal registra mais de 610 atendimentos no fim de semana tags: saúde , hospital regional , pombal , balanço , fim de semana publicado 18/05/2026 08h46 Notícias",outro,nao identificado,nao identificado,inovacao,,-55,2026,https://paraiba.pb.gov.br/@@busca?Subject:list=pombal,https://paraiba.pb.gov.br/noticias
SELEÇÃO DE REALIZADORES AUDIOVISUAIS PARA RESIDÊNCIA EM CINEMA DIRETO INTEGRANDO A PROGRAMAÇÃO DA CARTEIRA DE PROJETOS DA PARAÍBA NO ÂMBITO DA TEMPORADA BRASIL-FRANÇA 2025,federal,Brasil,noticia,"procedimentos eletivos Hospital Regional de Guarabira retoma cirurgias ortopédicas pelo Opera Paraíba e amplia acesso a procedimentos eletivos tags: Hospital Regional de Guarabira , cirurgias ortopédicas , Opera Paraíba , procedimentos eletivos publicado 18/05/2026 18h30 Notícias",outro,nao identificado,nao identificado,inovacao,,-55,2026,https://paraiba.pb.gov.br/@@busca?Subject:list=procedimentos eletivos,https://paraiba.pb.gov.br/noticias
SELEÇÃO DE REALIZADORES AUDIOVISUAIS PARA RESIDÊNCIA EM CINEMA DIRETO INTEGRANDO A PROGRAMAÇÃO DA CARTEIRA DE PROJETOS DA PARAÍBA NO ÂMBITO DA TEMPORADA BRASIL-FRANÇA 2025,federal,Brasil,noticia,"protagonismo protagonismo , Paraíba destaca protagonismo em computação quântica durante painel no São Paulo Innovation Week 2026 tags: protagonismo , computação quântica , São Paulo Innovation Week 2026 publicado 16/05/2026 10h57 Notícias",outro,nao identificado,nao identificado,inovacao,,-55,2026,https://paraiba.pb.gov.br/@@busca?Subject:list=protagonismo,https://paraiba.pb.gov.br/noticias
SELEÇÃO DE REALIZADORES AUDIOVISUAIS PARA RESIDÊNCIA EM CINEMA DIRETO INTEGRANDO A PROGRAMAÇÃO DA CARTEIRA DE PROJETOS DA PARAÍBA NO ÂMBITO DA TEMPORADA BRASIL-FRANÇA 2025,federal,Brasil,noticia,"reforma reforma , Governo da Paraíba inicia reforma nos escritórios da Defesa Agropecuária tags: sedap-pb , reforma , escritórios , ulsav publicado 19/05/2026 09h54 Notícias",outro,nao identificado,nao identificado,inovacao,,-55,2026,https://paraiba.pb.gov.br/@@busca?Subject:list=reforma,https://paraiba.pb.gov.br/noticias
SELEÇÃO DE REALIZADORES AUDIOVISUAIS PARA RESIDÊNCIA EM CINEMA DIRETO INTEGRANDO A PROGRAMAÇÃO DA CARTEIRA DE PROJETOS DA PARAÍBA NO ÂMBITO DA TEMPORADA BRASIL-FRANÇA 2025,federal,Brasil,noticia,"resultado resultado , Paraíba aplica mais de 35 mil doses durante Dia D de Multivacinação com foco na Influenza tags: saúde , vacinação , resultado , dia d , influenza , gripe , multivacinação publicado 16/05/2026 21h22 Notícias",outro,nao identificado,nao identificado,inovacao,,-55,2026,https://paraiba.pb.gov.br/@@busca?Subject:list=resultado,https://paraiba.pb.gov.br/noticias
SELEÇÃO DE REALIZADORES AUDIOVISUAIS PARA RESIDÊNCIA EM CINEMA DIRETO INTEGRANDO A PROGRAMAÇÃO DA CARTEIRA DE PROJETOS DA PARAÍBA NO ÂMBITO DA TEMPORADA BRASIL-FRANÇA 2025,federal,Brasil,noticia,"robótica robótica , Paraíba amplia cirurgias robóticas oncológicas pelo SUS com novos procedimentos para câncer no trato digestivo tags: saúde , paraíba contra o câncer , hospital laureano , robótica , cirurgia publicado 18/05/2026 10h24 Notícias",outro,nao identificado,nao identificado,inovacao,,-55,2026,https://paraiba.pb.gov.br/@@busca?Subject:list=robótica,https://paraiba.pb.gov.br/noticias
SELEÇÃO DE REALIZADORES AUDIOVISUAIS PARA RESIDÊNCIA EM CINEMA DIRETO INTEGRANDO A PROGRAMAÇÃO DA CARTEIRA DE PROJETOS DA PARAÍBA NO ÂMBITO DA TEMPORADA BRASIL-FRANÇA 2025,federal,Brasil,noticia,"saneamento saneamento , BNDES destaca impacto de PPP do saneamento na Paraíba tags: BNDES , parceria público-privada , saneamento , Cagepa publicado 15/05/2026 19h05 Notícias",outro,nao identificado,nao identificado,inovacao,,-55,2026,https://paraiba.pb.gov.br/@@busca?Subject:list=saneamento ,https://paraiba.pb.gov.br/noticias
SELEÇÃO DE REALIZADORES AUDIOVISUAIS PARA RESIDÊNCIA EM CINEMA DIRETO INTEGRANDO A PROGRAMAÇÃO DA CARTEIRA DE PROJETOS DA PARAÍBA NO ÂMBITO DA TEMPORADA BRASIL-FRANÇA 2025,federal,Brasil,noticia,"saúde mental Saúde realiza abertura da 16ª Semana Estadual da Luta Antimanicomial em João Pessoa tags: Saúde , Semana Estadual da Luta Antimanicomial , saúde mental publicado 15/05/2026 18h36 Notícias",outro,nao identificado,nao identificado,inovacao,,-55,2026,https://paraiba.pb.gov.br/@@busca?Subject:list=saúde mental,https://paraiba.pb.gov.br/noticias
SELEÇÃO DE REALIZADORES AUDIOVISUAIS PARA RESIDÊNCIA EM CINEMA DIRETO INTEGRANDO A PROGRAMAÇÃO DA CARTEIRA DE PROJETOS DA PARAÍBA NO ÂMBITO DA TEMPORADA BRASIL-FRANÇA 2025,federal,Brasil,noticia,"saúde saúde , Hospital Regional de Pombal registra mais de 610 atendimentos no fim de semana tags: saúde , hospital regional , pombal , balanço , fim de semana publicado 18/05/2026 08h46 Notícias",outro,nao identificado,nao identificado,inovacao,,-55,2026,https://paraiba.pb.gov.br/@@busca?Subject:list=saúde,https://paraiba.pb.gov.br/noticias
SELEÇÃO DE REALIZADORES AUDIOVISUAIS PARA RESIDÊNCIA EM CINEMA DIRETO INTEGRANDO A PROGRAMAÇÃO DA CARTEIRA DE PROJETOS DA PARAÍBA NO ÂMBITO DA TEMPORADA BRASIL-FRANÇA 2025,federal,Brasil,noticia,"saúde saúde , Hospital de Trauma de Campina Grande realiza mais de 590 atendimentos no fim de semana tags: saúde , trauma-cg , balanço , fim de semana publicado 18/05/2026 08h35 Notícias",outro,nao identificado,nao identificado,inovacao,,-55,2026,https://paraiba.pb.gov.br/@@busca?Subject:list=saúde,https://paraiba.pb.gov.br/noticias
SELEÇÃO DE REALIZADORES AUDIOVISUAIS PARA RESIDÊNCIA EM CINEMA DIRETO INTEGRANDO A PROGRAMAÇÃO DA CARTEIRA DE PROJETOS DA PARAÍBA NO ÂMBITO DA TEMPORADA BRASIL-FRANÇA 2025,federal,Brasil,noticia,"saúde saúde , Hospital de Trauma de João Pessoa registra mais de 745 atendimentos no fim de semana tags: saúde , trauma-jp , balanço , fim de semana publicado 18/05/2026 09h23 Notícias",outro,nao identificado,nao identificado,inovacao,,-55,2026,https://paraiba.pb.gov.br/@@busca?Subject:list=saúde,https://paraiba.pb.gov.br/noticias
SELEÇÃO DE REALIZADORES AUDIOVISUAIS PARA RESIDÊNCIA EM CINEMA DIRETO INTEGRANDO A PROGRAMAÇÃO DA CARTEIRA DE PROJETOS DA PARAÍBA NO ÂMBITO DA TEMPORADA BRASIL-FRANÇA 2025,federal,Brasil,noticia,"saúde saúde , Paraíba amplia cirurgias robóticas oncológicas pelo SUS com novos procedimentos para câncer no trato digestivo tags: saúde , paraíba contra o câncer , hospital laureano , robótica , cirurgia publicado 18/05/2026 10h24 Notícias",outro,nao identificado,nao identificado,inovacao,,-55,2026,https://paraiba.pb.gov.br/@@busca?Subject:list=saúde,https://paraiba.pb.gov.br/noticias
SELEÇÃO DE REALIZADORES AUDIOVISUAIS PARA RESIDÊNCIA EM CINEMA DIRETO INTEGRANDO A PROGRAMAÇÃO DA CARTEIRA DE PROJETOS DA PARAÍBA NO ÂMBITO DA TEMPORADA BRASIL-FRANÇA 2025,federal,Brasil,noticia,"saúde saúde , Paraíba aplica mais de 35 mil doses durante Dia D de Multivacinação com foco na Influenza tags: saúde , vacinação , resultado , dia d , influenza , gripe , multivacinação publicado 16/05/2026 21h22 Notícias",outro,nao identificado,nao identificado,inovacao,,-55,2026,https://paraiba.pb.gov.br/@@busca?Subject:list=saúde,https://paraiba.pb.gov.br/noticias
SELEÇÃO DE REALIZADORES AUDIOVISUAIS PARA RESIDÊNCIA EM CINEMA DIRETO INTEGRANDO A PROGRAMAÇÃO DA CARTEIRA DE PROJETOS DA PARAÍBA NO ÂMBITO DA TEMPORADA BRASIL-FRANÇA 2025,federal,Brasil,noticia,"sedap-pb 56ª Expapi reúne mais de 1,2 mil animais e implementos agropecuários em Campina Grande tags: expapi , paraíba agronegócios , campina grande , feira , sedap-pb publicado 18/05/2026 10h03 Notícias",outro,nao identificado,nao identificado,inovacao,,-55,2026,https://paraiba.pb.gov.br/@@busca?Subject:list=sedap-pb,https://paraiba.pb.gov.br/noticias
SELEÇÃO DE REALIZADORES AUDIOVISUAIS PARA RESIDÊNCIA EM CINEMA DIRETO INTEGRANDO A PROGRAMAÇÃO DA CARTEIRA DE PROJETOS DA PARAÍBA NO ÂMBITO DA TEMPORADA BRASIL-FRANÇA 2025,federal,Brasil,noticia,"sedap-pb sedap-pb , Governo da Paraíba inicia reforma nos escritórios da Defesa Agropecuária tags: sedap-pb , reforma , escritórios , ulsav publicado 19/05/2026 09h54 Notícias",outro,nao identificado,nao identificado,inovacao,,-55,2026,https://paraiba.pb.gov.br/@@busca?Subject:list=sedap-pb,https://paraiba.pb.gov.br/noticias
SELEÇÃO DE REALIZADORES AUDIOVISUAIS PARA RESIDÊNCIA EM CINEMA DIRETO INTEGRANDO A PROGRAMAÇÃO DA CARTEIRA DE PROJETOS DA PARAÍBA NO ÂMBITO DA TEMPORADA BRASIL-FRANÇA 2025,federal,Brasil,noticia,"trauma-cg trauma-cg , Hospital de Trauma de Campina Grande realiza mais de 590 atendimentos no fim de semana tags: saúde , trauma-cg , balanço , fim de semana publicado 18/05/2026 08h35 Notícias",outro,nao identificado,nao identificado,inovacao,,-55,2026,https://paraiba.pb.gov.br/@@busca?Subject:list=trauma-cg,https://paraiba.pb.gov.br/noticias
SELEÇÃO DE REALIZADORES AUDIOVISUAIS PARA RESIDÊNCIA EM CINEMA DIRETO INTEGRANDO A PROGRAMAÇÃO DA CARTEIRA DE PROJETOS DA PARAÍBA NO ÂMBITO DA TEMPORADA BRASIL-FRANÇA 2025,federal,Brasil,noticia,"trauma-jp trauma-jp , Hospital de Trauma de João Pessoa registra mais de 745 atendimentos no fim de semana tags: saúde , trauma-jp , balanço , fim de semana publicado 18/05/2026 09h23 Notícias",outro,nao identificado,nao identificado,inovacao,,-55,2026,https://paraiba.pb.gov.br/@@busca?Subject:list=trauma-jp,https://paraiba.pb.gov.br/noticias
SELEÇÃO DE REALIZADORES AUDIOVISUAIS PARA RESIDÊNCIA EM CINEMA DIRETO INTEGRANDO A PROGRAMAÇÃO DA CARTEIRA DE PROJETOS DA PARAÍBA NO ÂMBITO DA TEMPORADA BRASIL-FRANÇA 2025,federal,Brasil,noticia,"ulsav Governo da Paraíba inicia reforma nos escritórios da Defesa Agropecuária tags: sedap-pb , reforma , escritórios , ulsav publicado 19/05/2026 09h54 Notícias",outro,nao identificado,nao identificado,inovacao,,-55,2026,https://paraiba.pb.gov.br/@@busca?Subject:list=ulsav,https://paraiba.pb.gov.br/noticias
SELEÇÃO DE REALIZADORES AUDIOVISUAIS PARA RESIDÊNCIA EM CINEMA DIRETO INTEGRANDO A PROGRAMAÇÃO DA CARTEIRA DE PROJETOS DA PARAÍBA NO ÂMBITO DA TEMPORADA BRASIL-FRANÇA 2025,federal,Brasil,noticia,"vacinação vacinação , Paraíba aplica mais de 35 mil doses durante Dia D de Multivacinação com foco na Influenza tags: saúde , vacinação , resultado , dia d , influenza , gripe , multivacinação publicado 16/05/2026 21h22 Notícias",outro,nao identificado,nao identificado,inovacao,,-55,2026,https://paraiba.pb.gov.br/@@busca?Subject:list=vacinação,https://paraiba.pb.gov.br/noticias
SELEÇÃO DE REALIZADORES AUDIOVISUAIS PARA RESIDÊNCIA EM CINEMA DIRETO INTEGRANDO A PROGRAMAÇÃO DA CARTEIRA DE PROJETOS DA PARAÍBA NO ÂMBITO DA TEMPORADA BRASIL-FRANÇA 2025,federal,Brasil,noticia,Sine-PB oferece mais de 750 vagas de emprego em nove municípios paraibanos,trabalho,nao identificado,nao identificado,inovacao,,-55,,https://paraiba.pb.gov.br/noticias/sine-pb-oferece-mais-de-750-vagas-de-emprego-em-nove-municipios-paraibanos,https://paraiba.pb.gov.br/diretas/secretaria-de-desenvolvimento-humano
FCC - Fundação Catarinense de Cultura - HOME,federal,Brasil,noticia,+ notícias,outro,nao identificado,nao identificado,cultura,,-65,,https://cultura.sc.gov.br/index.php/noticias,https://cultura.sc.gov.br
FCC - Fundação Catarinense de Cultura - HOME,federal,Brasil,noticia,"Teatro Pedro Ivo recebe show dedicado ao soul brasileiro com Oséias Pereira, o Bola",outro,nao identificado,nao identificado,cultura,,-65,,https://cultura.sc.gov.br/noticias/tpi/26410-teatro-pedro-ivo-recebe-show-dedicado-ao-soul-brasileiro-com-oseias-pereira-o-bola,https://cultura.sc.gov.br
Início | IPAC - Instituto do Patrimônio Artístico e Cultural da Bahia,estadual,Brasil,noticia,"Museus do Estado celebram a 24ª Semana Nacional de Museus com palestras, oficinas, atividades culturais e educativas Museus do Estado celebram a 24ª Semana Nacional de Museus com p Museus do Estado celebram a 24ª Semana Nacional de Museus com palestras, oficinas, atividades culturais e educativas Museus do Estado celebram a 24ª Semana Nacional de Museus com palestras, oficinas, atividades culturais e educativas",formacao,nao identificado,formacao_mentoria,cultura,,-65,2026,http://www.ba.gov.br/ipac/noticias/2026-05/10108/museus-do-estado-celebram-24a-semana-nacional-de-museus-com-palestras,https://ipac.ba.gov.br
Início | IPAC - Instituto do Patrimônio Artístico e Cultural da Bahia,estadual,Brasil,noticia,"Museus do Estado celebram a 24ª Semana Nacional de Museus com palestras, oficinas, atividades culturais e educativas Museus do Estado celebram a 24ª Semana Nacional de Museus com p Museus do Estado celebram a 24ª Semana Nacional de Museus com palestras, oficinas, atividades culturais e educativas Museus do Estado celebram a 24ª Semana Nacional de Museus com palestras, oficinas, atividades culturais e educativas Museus do Estado celebram a 24ª Semana Naciona",formacao,nao identificado,formacao_mentoria,cultura,,-65,2026,http://www.ba.gov.br/ipac/noticias/2026-05/10107/museus-do-estado-celebram-24a-semana-nacional-de-museus-com-palestras,https://ipac.ba.gov.br
Início | IPAC - Instituto do Patrimônio Artístico e Cultural da Bahia,estadual,Brasil,noticia,"Museus do Estado celebram a 24ª Semana Nacional de Museus com palestras, oficinas, atividades culturais e educativas Museus do Estado celebram a 24ª Semana Nacional de Museus com palestras, oficinas, atividades culturais e educativas",formacao,nao identificado,formacao_mentoria,cultura,,-65,2026,https://ipac.ba.gov.br/ipac/noticias/2026-05/10108/museus-do-estado-celebram-24a-semana-nacional-de-museus-com-palestras,https://ipac.ba.gov.br
MinC,federal,Brasil,noticia,Agenda de Autoridades,formacao,nao identificado,formacao_mentoria,cultura,,-65,,https://www.gov.br/cultura/pt-br/acesso-a-informacao/institucional/agenda-de-autoridades,https://gov.br/cultura
MinC,estadual,Brasil,noticia,"Museus do Estado celebram a 24ª Semana Nacional de Museus com palestras, oficinas, atividades culturais e educativas Museus do Estado celebram a 24ª Semana Nacional de Museus com p Museus do Estado celebram a 24ª Semana Nacional de Museus com palestras, oficinas, atividades culturais e educativas Museus do Estado celebram a 24ª Semana Nacional de Museus com palestras, oficinas, atividades culturais e educativas Museus do Estado celebram a 24ª Semana Naciona",formacao,nao identificado,formacao_mentoria,cultura,,-65,2026,http://www.ba.gov.br/cultura/noticias/2026-05/64003/museus-do-estado-celebram-24a-semana-nacional-de-museus-com-palestras,https://ba.gov.br/cultura
MinC,estadual,Brasil,noticia,Governo do Estado inaugura Centro de Documentação e Memória do Recôncavo Baiano,outro,nao identificado,nao identificado,cultura,,-65,2026,http://www.ba.gov.br/cultura/noticias/2026-05/63998/governo-do-estado-inaugura-centro-de-documentacao-e-memoria-do-reconcavo,https://ba.gov.br/cultura
MinC,municipal,Brasil,noticia,NOTÍCIAS CULTURA,outro,nao identificado,nao identificado,cultura,,-65,,https://prefeitura.pbh.gov.br/estrutura-de-governo/cultura/noticias,https://prefeitura.pbh.gov.br/cultura
MinC,federal,Brasil,noticia,OSBA apresenta neste sábado (16) nova edição do “Psiconcerto” na Biblioteca Central do Estado da Bahia com entrada gratuita OSBA apresenta neste sábado (16) nova edição do “Psiconc OSBA apresenta neste sábado (16) nova edição do “Psiconcerto” na Biblioteca Central do Estado da Bahia com entrada gratuita OSBA apresenta neste sábado (16) nova edição do “Psiconcerto” na Biblioteca Central do Estado da Bahia com entrada gratuita,outro,nao identificado,nao identificado,cultura,,-65,2026,http://www.ba.gov.br/cultura/noticias/2026-05/64001/osba-apresenta-neste-sabado-16-nova-edicao-do-psiconcerto-na-biblioteca,https://ba.gov.br/cultura
MinC,federal,Brasil,noticia,OSBA apresenta neste sábado (16) nova edição do “Psiconcerto” na Biblioteca Central do Estado da Bahia com entrada gratuita OSBA apresenta neste sábado (16) nova edição do “Psiconcerto” na Biblioteca Central do Estado da Bahia com entrada gratuita,outro,nao identificado,nao identificado,cultura,,-65,2026,https://ba.gov.br/cultura/noticias/2026-05/64001/osba-apresenta-neste-sabado-16-nova-edicao-do-psiconcerto-na-biblioteca,https://ba.gov.br/cultura
MinC,federal,Brasil,noticia,TODAS AS NOTÍCIAS,outro,nao identificado,nao identificado,cultura,,-65,,https://goias.gov.br/cultura/categoria/noticias/,https://goias.gov.br/cultura
Programa de Desenvolvimento do Audiovisual Mineiro,federal,Brasil,noticia,Cronograma de Liberação de Recursos,formacao,nao identificado,formacao_mentoria,cultura,,-65,,https://www.gov.br/cultura/pt-br/assuntos/noticias/lei-paulo-gustavo-comite-gestor-divulga-cronograma-de-liberacao-de-recursos,https://www.secult.mg.gov.br/documentos/lei-paulo-gustavo-lpg/legislacao
Secult ES,estadual,Brasil,noticia,Sobre a LICC,outro,nao identificado,nao identificado,cultura,,-65,,https://secult.es.gov.br/Noticia/eventos-de-apresentacao-da-lei-de-incentivo-a-cultura-capixaba-licc-percorrem-estado,https://secult.es.gov.br/edital-de-selecao-de-profissionais-para-comissoes-julgadoras-do-funcultura
"Special programas Special programas FDCP Special programas include annual celebrations, film competitions, roundtable discussions, recognition programas, fundo de cinemas and laboratorios.",outro,Não identificado,noticia,Annual Reports Contact Us Transparency Seal Annual Reports FDCP Websites Publications Careers Issuances,trabalho,nao identificado,nao identificado,inovacao,,-65,,https://fdcp.ph/annual-reports,https://fdcp.ph/isapelikula
"Special programas Special programas FDCP Special programas include annual celebrations, film competitions, roundtable discussions, recognition programas, fundo de cinemas and laboratorios.",outro,Não identificado,noticia,Careers Contact Us Transparency Seal Annual Reports FDCP Websites Publications Careers Issuances,trabalho,nao identificado,nao identificado,inovacao,,-65,,https://fdcp.ph/careers,https://fdcp.ph/isapelikula
"Special programas Special programas FDCP Special programas include annual celebrations, film competitions, roundtable discussions, recognition programas, fundo de cinemas and laboratorios.",outro,Não identificado,noticia,FDCP Websites Contact Us Transparency Seal Annual Reports FDCP Websites Publications Careers Issuances,trabalho,nao identificado,nao identificado,inovacao,,-65,,https://fdcp.ph/fdcp-related-websites,https://fdcp.ph/isapelikula
"Special programas Special programas FDCP Special programas include annual celebrations, film competitions, roundtable discussions, recognition programas, fundo de cinemas and laboratorios.",outro,Não identificado,noticia,Issuances Contact Us Transparency Seal Annual Reports FDCP Websites Publications Careers Issuances,trabalho,nao identificado,nao identificado,inovacao,,-65,,https://fdcp.ph/issuances,https://fdcp.ph/isapelikula
"Special programas Special programas FDCP Special programas include annual celebrations, film competitions, roundtable discussions, recognition programas, fundo de cinemas and laboratorios.",outro,Não identificado,noticia,Publications Contact Us Transparency Seal Annual Reports FDCP Websites Publications Careers Issuances,trabalho,nao identificado,nao identificado,inovacao,,-65,,https://fdcp.ph/publications,https://fdcp.ph/isapelikula
"Special programas Special programas FDCP Special programas include annual celebrations, film competitions, roundtable discussions, recognition programas, fundo de cinemas and laboratorios.",outro,Não identificado,noticia,Transparency Seal Contact Us Transparency Seal Annual Reports FDCP Websites Publications Careers Issuances,trabalho,nao identificado,nao identificado,inovacao,,-65,,https://fdcp.ph/transparency-seal,https://fdcp.ph/isapelikula
EFAD,internacional,União Europeia,noticia,Home Home Our partners About EFAD Search Search Close Search Our members News Working groups Projects my EFAD Menu,outro,nao identificado,nao identificado,audiovisual,,-70,,https://www.europeanfilmagencies.eu/,https://www.europeanfilmagencies.eu
Secult ES,estadual,Brasil,noticia,Baixar Comunique seu projeto Conteúdo Atualização Formato Tamanho Saiba como divulgar seu projeto nas redes da Secult 01/06/2021 pdf 10 MB Baixar Informações importantes que o seu release precisa ter 01/06/2021 docx 47 KB Baixar Divulgue seu projeto no WhatsApp 01/06/2021 pdf 255 KB Baixar Contatos dos jornais do ES 01/06/2021 docx 52 KB Baixar Dicas para fazer uma boa live 01/06/2021 pdf 135 KB Baixar,outro,nao identificado,nao identificado,inovacao,,-70,2021,https://secult.es.gov.br/media/002/Saiba%20como%20divulgar%20seu%20projeto%20nas%20redes%20da%20Secult.pdf,https://secult.es.gov.br/grupodearquivos
Secult ES,estadual,Brasil,noticia,Baixar Comunique seu projeto Conteúdo Atualização Formato Tamanho Saiba como divulgar seu projeto nas redes da Secult 01/06/2021 pdf 10 MB Baixar Informações importantes que o seu release precisa ter 01/06/2021 docx 47 KB Baixar Divulgue seu projeto no WhatsApp 01/06/2021 pdf 255 KB Baixar Contatos dos jornais do ES 01/06/2021 docx 52 KB Baixar Dicas para fazer uma boa live 01/06/2021 pdf 135 KB Baixar,outro,nao identificado,nao identificado,inovacao,,-70,2021,https://secult.es.gov.br/media/002/Informa%C3%A7%C3%B5es%20importantes%20que%20o%20seu%20release%20precisa%20ter.docx,https://secult.es.gov.br/grupodearquivos
Secult ES,estadual,Brasil,noticia,Baixar Comunique seu projeto Conteúdo Atualização Formato Tamanho Saiba como divulgar seu projeto nas redes da Secult 01/06/2021 pdf 10 MB Baixar Informações importantes que o seu release precisa ter 01/06/2021 docx 47 KB Baixar Divulgue seu projeto no WhatsApp 01/06/2021 pdf 255 KB Baixar Contatos dos jornais do ES 01/06/2021 docx 52 KB Baixar Dicas para fazer uma boa live 01/06/2021 pdf 135 KB Baixar,outro,nao identificado,nao identificado,inovacao,,-70,2021,https://secult.es.gov.br/media/002/Divulgue%20seu%20projeto%20no%20WhatsApp.pdf,https://secult.es.gov.br/grupodearquivos
Secult ES,estadual,Brasil,noticia,Baixar Comunique seu projeto Conteúdo Atualização Formato Tamanho Saiba como divulgar seu projeto nas redes da Secult 01/06/2021 pdf 10 MB Baixar Informações importantes que o seu release precisa ter 01/06/2021 docx 47 KB Baixar Divulgue seu projeto no WhatsApp 01/06/2021 pdf 255 KB Baixar Contatos dos jornais do ES 01/06/2021 docx 52 KB Baixar Dicas para fazer uma boa live 01/06/2021 pdf 135 KB Baixar,outro,nao identificado,nao identificado,inovacao,,-70,2021,https://secult.es.gov.br/media/002/Contatos%20dos%20jornais%20do%20ES.docx,https://secult.es.gov.br/grupodearquivos
Secult ES,estadual,Brasil,noticia,Baixar Comunique seu projeto Conteúdo Atualização Formato Tamanho Saiba como divulgar seu projeto nas redes da Secult 01/06/2021 pdf 10 MB Baixar Informações importantes que o seu release precisa ter 01/06/2021 docx 47 KB Baixar Divulgue seu projeto no WhatsApp 01/06/2021 pdf 255 KB Baixar Contatos dos jornais do ES 01/06/2021 docx 52 KB Baixar Dicas para fazer uma boa live 01/06/2021 pdf 135 KB Baixar,outro,nao identificado,nao identificado,inovacao,,-70,2021,https://secult.es.gov.br/media/002/Dicas%20para%20fazer%20uma%20boa%20live.pdf,https://secult.es.gov.br/grupodearquivos
Secult ES,estadual,Brasil,noticia,Contatos dos jornais do ES Comunique seu projeto Conteúdo Atualização Formato Tamanho Saiba como divulgar seu projeto nas redes da Secult 01/06/2021 pdf 10 MB Baixar Informações importantes que o seu release precisa ter 01/06/2021 docx 47 KB Baixar Divulgue seu projeto no WhatsApp 01/06/2021 pdf 255 KB Baixar Contatos dos jornais do ES 01/06/2021 docx 52 KB Baixar Dicas para fazer uma boa live 01/06/2021 pdf 135 KB Baixar,outro,nao identificado,nao identificado,inovacao,,-70,2021,https://secult.es.gov.br/media/002/Contatos%20dos%20jornais%20do%20ES.docx,https://secult.es.gov.br/grupodearquivos
Secult ES,estadual,Brasil,noticia,Dicas para fazer uma boa live Comunique seu projeto Conteúdo Atualização Formato Tamanho Saiba como divulgar seu projeto nas redes da Secult 01/06/2021 pdf 10 MB Baixar Informações importantes que o seu release precisa ter 01/06/2021 docx 47 KB Baixar Divulgue seu projeto no WhatsApp 01/06/2021 pdf 255 KB Baixar Contatos dos jornais do ES 01/06/2021 docx 52 KB Baixar Dicas para fazer uma boa live 01/06/2021 pdf 135 KB Baixar,outro,nao identificado,nao identificado,inovacao,,-70,2021,https://secult.es.gov.br/media/002/Dicas%20para%20fazer%20uma%20boa%20live.pdf,https://secult.es.gov.br/grupodearquivos
Secult ES,estadual,Brasil,noticia,Divulgue seu projeto no WhatsApp Comunique seu projeto Conteúdo Atualização Formato Tamanho Saiba como divulgar seu projeto nas redes da Secult 01/06/2021 pdf 10 MB Baixar Informações importantes que o seu release precisa ter 01/06/2021 docx 47 KB Baixar Divulgue seu projeto no WhatsApp 01/06/2021 pdf 255 KB Baixar Contatos dos jornais do ES 01/06/2021 docx 52 KB Baixar Dicas para fazer uma boa live 01/06/2021 pdf 135 KB Baixar,outro,nao identificado,nao identificado,inovacao,,-70,2021,https://secult.es.gov.br/media/002/Divulgue%20seu%20projeto%20no%20WhatsApp.pdf,https://secult.es.gov.br/grupodearquivos
Secult ES,estadual,Brasil,noticia,Informações importantes que o seu release precisa ter Comunique seu projeto Conteúdo Atualização Formato Tamanho Saiba como divulgar seu projeto nas redes da Secult 01/06/2021 pdf 10 MB Baixar Informações importantes que o seu release precisa ter 01/06/2021 docx 47 KB Baixar Divulgue seu projeto no WhatsApp 01/06/2021 pdf 255 KB Baixar Contatos dos jornais do ES 01/06/2021 docx 52 KB Baixar Dicas para fazer uma boa live 01/06/2021 pdf 135 KB Baixar,outro,nao identificado,nao identificado,inovacao,,-70,2021,https://secult.es.gov.br/media/002/Informa%C3%A7%C3%B5es%20importantes%20que%20o%20seu%20release%20precisa%20ter.docx,https://secult.es.gov.br/grupodearquivos
Secult ES,estadual,Brasil,noticia,Saiba como divulgar seu projeto nas redes da Secult Comunique seu projeto Conteúdo Atualização Formato Tamanho Saiba como divulgar seu projeto nas redes da Secult 01/06/2021 pdf 10 MB Baixar Informações importantes que o seu release precisa ter 01/06/2021 docx 47 KB Baixar Divulgue seu projeto no WhatsApp 01/06/2021 pdf 255 KB Baixar Contatos dos jornais do ES 01/06/2021 docx 52 KB Baixar Dicas para fazer uma boa live 01/06/2021 pdf 135 KB Baixar,outro,nao identificado,nao identificado,inovacao,,-70,2021,https://secult.es.gov.br/media/002/Saiba%20como%20divulgar%20seu%20projeto%20nas%20redes%20da%20Secult.pdf,https://secult.es.gov.br/grupodearquivos
financiamento,outro,Internacional,noticia,"About About Close About Open About About Close About Open About Creative BC is an economic development agency supporting B.C.’s creative sector to reach its economic, social, environmental, and creative potential at home and globally. About Creative BC Staff + Board Justice, Equity, Decolonization, Diversity + Inclusion News Calendar Logos + Brand Contact us",outro,desenvolvimento,nao identificado,cultura,,-75,,https://creativebc.com/about/,https://creativebc.com/motion-picture-tax-credits/apply-for-tax-credits-online
financiamento,outro,Internacional,noticia,Info Info About Creative BC News Media Room Logos + Brand Code of Conduct Careers Contact Us,trabalho,nao identificado,nao identificado,cultura,,-75,,https://creativebc.com/about/,https://creativebc.com/motion-picture-tax-credits/apply-for-tax-credits-online
CTAV,federal,Brasil,noticia,"Programa Acervo do CTAv Semanalmente, a equipe do CTAv seleciona um título do acervo patrimonial da instituição e disponibiliza o conteúdo na íntegra de forma on-line em caráter pe Programa Acervo do CTAv Semanalmente, a equipe do CTAv seleciona um título do acervo patrimonial da instituição e disponibiliza o conteúdo na íntegra de forma on-line em caráter permanente no canal do CTAv no Youtube",outro,nao identificado,nao identificado,inovacao,,-80,,https://gov.br/ctav/pt-br/noticias/programa-acervo-do-ctav,https://gov.br/ctav
Programa de Desenvolvimento do Audiovisual Mineiro,estadual,Brasil,noticia,Instituições Instituições Arquivo Público Mineiro Biblioteca Pública Estadual Circuito Liberdade Museus Centro de Arte Popular Museu Casa Alphonsus de Guimaraens Museu Casa Guignard Museu Casa Guimarães Rosa Museu do Crédito Real Museu dos Militares Mineiros Museu Mineiro Rádio Inconfidência Instituições Arquivo Público Mineiro Biblioteca Pública Estadual Circuito Liberdade Museus Centro de Arte Popular Museu Casa Alphonsus de Guimaraens Museu Casa Guignard Museu Casa Guimarães Rosa Museu do Crédito Real Museu dos,outro,nao identificado,nao identificado,cultura,,-80,,https://www.secult.mg.gov.br/home/agendas/controlador-geral,https://www.secult.mg.gov.br/home/agendas/controlador-geral
SELEÇÃO DE REALIZADORES AUDIOVISUAIS PARA RESIDÊNCIA EM CINEMA DIRETO INTEGRANDO A PROGRAMAÇÃO DA CARTEIRA DE PROJETOS DA PARAÍBA NO ÂMBITO DA TEMPORADA BRASIL-FRANÇA 2025,federal,Brasil,noticia,"100 maiores contribuintes de ICMS Governador Lucas Ribeiro destaca avanços da economia durante homenagem aos 100 maiores contribuintes de ICMS da Paraíba tags: Governador Lucas Ribeiro , economia , homenagem , 100 maiores contribuintes de ICMS publicado 16/05/2026 10h05 Notícias",outro,nao identificado,nao identificado,inovacao,,-80,2026,https://paraiba.pb.gov.br/@@busca?Subject:list=100 maiores contribuintes de ICMS,https://paraiba.pb.gov.br/noticias
SELEÇÃO DE REALIZADORES AUDIOVISUAIS PARA RESIDÊNCIA EM CINEMA DIRETO INTEGRANDO A PROGRAMAÇÃO DA CARTEIRA DE PROJETOS DA PARAÍBA NO ÂMBITO DA TEMPORADA BRASIL-FRANÇA 2025,federal,Brasil,noticia,"Governador Lucas Ribeiro Governador Lucas Ribeiro , Governador Lucas Ribeiro destaca avanços da economia durante homenagem aos 100 maiores contribuintes de ICMS da Paraíba tags: Governador Lucas Ribeiro , economia , homenagem , 100 maiores contribuintes de ICMS publicado 16/05/2026 10h05 Notícias",outro,nao identificado,nao identificado,inovacao,,-80,2026,https://paraiba.pb.gov.br/@@busca?Subject:list=Governador Lucas Ribeiro ,https://paraiba.pb.gov.br/noticias
SELEÇÃO DE REALIZADORES AUDIOVISUAIS PARA RESIDÊNCIA EM CINEMA DIRETO INTEGRANDO A PROGRAMAÇÃO DA CARTEIRA DE PROJETOS DA PARAÍBA NO ÂMBITO DA TEMPORADA BRASIL-FRANÇA 2025,federal,Brasil,noticia,"Governador Lucas Ribeiro destaca avanços da economia durante homenagem aos 100 maiores contribuintes de ICMS da Paraíba Governador Lucas Ribeiro destaca avanços da economia durante homenagem aos 100 maiores contribuintes de ICMS da Paraíba tags: Governador Lucas Ribeiro , economia , homenagem , 100 maiores contribuintes de ICMS publicado 16/05/2026 10h05 Notícias",outro,nao identificado,nao identificado,inovacao,,-80,2026,https://paraiba.pb.gov.br/noticias/governador-lucas-ribeiro-destaca-avancos-da-economia-durante-homenagem-aos-100-maiores-contribuintes-de-icms-da-paraiba,https://paraiba.pb.gov.br/noticias
SELEÇÃO DE REALIZADORES AUDIOVISUAIS PARA RESIDÊNCIA EM CINEMA DIRETO INTEGRANDO A PROGRAMAÇÃO DA CARTEIRA DE PROJETOS DA PARAÍBA NO ÂMBITO DA TEMPORADA BRASIL-FRANÇA 2025,federal,Brasil,noticia,"Governador Lucas Ribeiro destaca avanços da economia durante homenagem aos 100 maiores contribuintes de ICMS da Paraíba tags: Governador Lucas Ribeiro , economia , homenagem , 100 maiores contribuintes de ICMS publicado 16/05/2026 10h05 Notícias",outro,nao identificado,nao identificado,inovacao,,-80,2026,https://paraiba.pb.gov.br/noticias/governador-lucas-ribeiro-destaca-avancos-da-economia-durante-homenagem-aos-100-maiores-contribuintes-de-icms-da-paraiba,https://paraiba.pb.gov.br/noticias
SELEÇÃO DE REALIZADORES AUDIOVISUAIS PARA RESIDÊNCIA EM CINEMA DIRETO INTEGRANDO A PROGRAMAÇÃO DA CARTEIRA DE PROJETOS DA PARAÍBA NO ÂMBITO DA TEMPORADA BRASIL-FRANÇA 2025,federal,Brasil,noticia,"economia economia , Governador Lucas Ribeiro destaca avanços da economia durante homenagem aos 100 maiores contribuintes de ICMS da Paraíba tags: Governador Lucas Ribeiro , economia , homenagem , 100 maiores contribuintes de ICMS publicado 16/05/2026 10h05 Notícias",outro,nao identificado,nao identificado,inovacao,,-80,2026,https://paraiba.pb.gov.br/@@busca?Subject:list=economia ,https://paraiba.pb.gov.br/noticias
SELEÇÃO DE REALIZADORES AUDIOVISUAIS PARA RESIDÊNCIA EM CINEMA DIRETO INTEGRANDO A PROGRAMAÇÃO DA CARTEIRA DE PROJETOS DA PARAÍBA NO ÂMBITO DA TEMPORADA BRASIL-FRANÇA 2025,federal,Brasil,noticia,"homenagem homenagem , Governador Lucas Ribeiro destaca avanços da economia durante homenagem aos 100 maiores contribuintes de ICMS da Paraíba tags: Governador Lucas Ribeiro , economia , homenagem , 100 maiores contribuintes de ICMS publicado 16/05/2026 10h05 Notícias",outro,nao identificado,nao identificado,inovacao,,-80,2026,https://paraiba.pb.gov.br/@@busca?Subject:list=homenagem ,https://paraiba.pb.gov.br/noticias
Fundação Cultural Palmares,federal,Brasil,noticia,Assuntos Assuntos Notícias Palmares na Mídia Agenda Cultural e Capacitação,formacao,nao identificado,formacao_mentoria,cultura,,-90,,https://www.gov.br/palmares/pt-br/assuntos,https://gov.br/palmares
