fonte,origem_tipo,pais,classe,titulo,tipo,fase_produto,produto,categoria,valor,score,ano,link,origem,score_final
TorinoFilmLab,outro,Itália,oportunidade,Call for applications open TFL Next - TV Series 2026 Deadline to apply: 3 July 2026 Hot now Call for applications open TFL Next - TV Series 2026 Deadline to apply: 3 July 2026,edital,nao identificado,formacao_mentoria,audiovisual,,258,2026,https://www.torinofilmlab.it/labs/tfl-next/tfl--next---tv-series-2026,https://www.torinofilmlab.it,308
TorinoFilmLab,outro,Itália,oportunidade,Call for applications open TFL Next - TV Series 2026 SHORT TERM Deadline to apply: 3 July 2026,edital,nao identificado,formacao_mentoria,audiovisual,,258,2026,https://torinofilmlab.it/labs/tfl-next/tfl--next---tv-series-2026,https://torinofilmlab.it,308
TorinoFilmLab,outro,Itália,oportunidade,Call for applications open TFL Next - TV Series 2026 SHORT TERM Deadline to apply: 3 July 2026,edital,nao identificado,formacao_mentoria,audiovisual,,258,2026,https://www.torinofilmlab.it/labs/tfl-next/tfl--next---tv-series-2026,https://www.torinofilmlab.it,308
TorinoFilmLab,outro,Itália,oportunidade,Call for applications open TFL Next - TV Series | Story Editing 2026 SHORT TERM Deadline to apply: 3 July 2026,edital,pos_producao,finalizacao,audiovisual,,258,2026,https://torinofilmlab.it/labs/tfl-next/tfl-next---tv-series---story-editing-2026,https://torinofilmlab.it,308
TorinoFilmLab,outro,Itália,oportunidade,Call for applications open TFL Next - TV Series | Story Editing 2026 SHORT TERM Deadline to apply: 3 July 2026,edital,pos_producao,finalizacao,audiovisual,,258,2026,https://www.torinofilmlab.it/labs/tfl-next/tfl-next---tv-series---story-editing-2026,https://www.torinofilmlab.it,308
"Education and Training financiamentoFind out more about national and international bursaries, bolsas e apoios for training providers and our in-house training programmes.",internacional,Não identificado,oportunidade,https://nfvf.praxisgms.co.za Applicants must register and submit applications via the online system: https://nfvf.praxisgms.co.za The National Film and Video Foundation (NFVF) is pleased to announce that the call for training provider submissions is open. This funding aims to award grants to accredited training providers interested in: Assisting new entrants to launch sustainable careers through on-the-job and off-the-job training Providing skills development programmes for professionals already working in the film,trabalho,desenvolvimento,festival_inscricao,audiovisual,,240,,https://nfvf.praxisgms.co.za,https://www.nfvf.co.za/nfvf-call-for-submission-for-training-provider-grant-2026,280
"Labs, Fellowships, Grants, Programs",outro,Internacional,oportunidade,"Apply Apply Submit To Festival Upcoming Deadlines Labs, Fellowships, Grants, Programs Artist Accelerator Catalyst Documentary Film Episodic Program Feature Film Ignite Indigenous Program Equity, Impact, & Belonging Producers Program Women at Sundance Institute Short Film Online Courses",edital,exibicao,festival_inscricao,audiovisual,,229,,https://www.sundance.org/apply,https://www.sundance.org/apply,279
TorinoFilmLab,outro,Itália,oportunidade,"OPEN CALL: Boost IT Lab, TFL Next TV Series & Story Editing, Green Film Lab - Gran Canaria 2026 OPEN CALL: Boost IT Lab, TFL Next TV Series & Story Editing, Green Film Lab - Gran Canaria 2026 ×",edital,pos_producao,finalizacao,audiovisual,,216,2026,https://torinofilmlab.it/labs,https://torinofilmlab.it,266
"Education and Training financiamentoFind out more about national and international bursaries, bolsas e apoios for training providers and our in-house training programmes.",internacional,Não identificado,oportunidade,23 April 2026 Call for NFVF funding applications to attend Film Festivals and Markets taking place from 01 – 30 June 2026 The National Film and Video Foundation (NFVF) is pleased to announce that the call for attending film festivals and markets is now open for festivals or marke,festival,exibicao,festival_inscricao,audiovisual,,209,2026,https://www.nfvf.co.za/call-for-nfvf-funding-applications-to-attend-film-festivals-and-markets-taking-place-from-01-30-june-2026/,https://www.nfvf.co.za/latest-news,249
"Education and Training financiamentoFind out more about national and international bursaries, bolsas e apoios for training providers and our in-house training programmes.",internacional,Não identificado,oportunidade,31 March 2026 Call for NFVF funding applications to attend Film Festivals and Markets taking place from 08 – 31 May 2026 The National Film and Video Foundation (NFVF) is pleased to announce that the call for attending film festivals and markets is now open for festivals or market,festival,exibicao,festival_inscricao,audiovisual,,209,2026,https://www.nfvf.co.za/call-for-nfvf-funding-applications-to-attend-film-festivals-and-markets-taking-place-from-08-31-may-2026/,https://www.nfvf.co.za/latest-news,249
"Education and Training financiamentoFind out more about national and international bursaries, bolsas e apoios for training providers and our in-house training programmes.",internacional,Não identificado,oportunidade,"https://goo.gl/2xsCzc For information on NFVF funding criteria, please consult the funding policy: https://goo.gl/2xsCzc The National Film and Video Foundation (NFVF) is pleased to announce that the call for training provider submissions is open. This funding aims to award grants to accredited training providers interested in: Assisting new entrants to launch sustainable careers through on-the-job and off-the-job training Providing skills development programmes for professionals already working in the film industry",trabalho,desenvolvimento,festival_inscricao,audiovisual,,204,,https://goo.gl/2xsCzc,https://www.nfvf.co.za/nfvf-call-for-submission-for-training-provider-grant-2026,244
TorinoFilmLab,outro,Itália,oportunidade,"All TFL News LATEST NEWS May 08, 2026 OPEN CALLS & SELECTIONS Welcome to SeriesLab & SeriesLab Story Editing 2026! April 24, 2026 OPEN CALLS & SELECTIONS The 2026 class of FeatureLab April 14, 2026 FESTIVALS & RELEASES TorinoFilmLab gets ready for Cannes All TFL News",edital,pos_producao,finalizacao,audiovisual,,183,2026,https://torinofilmlab.it/news,https://torinofilmlab.it,233
TorinoFilmLab,outro,Itália,oportunidade,"All TFL News LATEST NEWS May 08, 2026 OPEN CALLS & SELECTIONS Welcome to SeriesLab & SeriesLab Story Editing 2026! April 24, 2026 OPEN CALLS & SELECTIONS The 2026 class of FeatureLab April 14, 2026 FESTIVALS & RELEASES TorinoFilmLab gets ready for Cannes All TFL News",edital,pos_producao,finalizacao,audiovisual,,183,2026,https://www.torinofilmlab.it/news,https://www.torinofilmlab.it,233
TorinoFilmLab,outro,Itália,oportunidade,"April 14, 2026 FESTIVALS & RELEASES TorinoFilmLab gets ready for Cannes May 08, 2026 OPEN CALLS & SELECTIONS Welcome to SeriesLab & SeriesLab Story Editing 2026! April 24, 2026 OPEN CALLS & SELECTIONS The 2026 class of FeatureLab April 14, 2026 FESTIVALS & RELEASES TorinoFilmLab gets ready for Cannes",edital,pos_producao,finalizacao,audiovisual,,183,2026,https://torinofilmlab.it/news/festivals-releases/torinofilmlab-gets-ready-for-cannes,https://torinofilmlab.it,233
TorinoFilmLab,outro,Itália,oportunidade,"April 14, 2026 FESTIVALS & RELEASES TorinoFilmLab gets ready for Cannes May 08, 2026 OPEN CALLS & SELECTIONS Welcome to SeriesLab & SeriesLab Story Editing 2026! April 24, 2026 OPEN CALLS & SELECTIONS The 2026 class of FeatureLab April 14, 2026 FESTIVALS & RELEASES TorinoFilmLab gets ready for Cannes",edital,pos_producao,finalizacao,audiovisual,,183,2026,https://www.torinofilmlab.it/news/festivals-releases/torinofilmlab-gets-ready-for-cannes,https://www.torinofilmlab.it,233
TorinoFilmLab,outro,Itália,oportunidade,"April 24, 2026 OPEN CALLS & SELECTIONS The 2026 class of FeatureLab May 08, 2026 OPEN CALLS & SELECTIONS Welcome to SeriesLab & SeriesLab Story Editing 2026! April 24, 2026 OPEN CALLS & SELECTIONS The 2026 class of FeatureLab April 14, 2026 FESTIVALS & RELEASES TorinoFilmLab gets ready for Cannes",edital,pos_producao,finalizacao,audiovisual,,183,2026,https://torinofilmlab.it/news/open-calls-selections/the-2026-class-of-featurelab,https://torinofilmlab.it,233
TorinoFilmLab,outro,Itália,oportunidade,"April 24, 2026 OPEN CALLS & SELECTIONS The 2026 class of FeatureLab May 08, 2026 OPEN CALLS & SELECTIONS Welcome to SeriesLab & SeriesLab Story Editing 2026! April 24, 2026 OPEN CALLS & SELECTIONS The 2026 class of FeatureLab April 14, 2026 FESTIVALS & RELEASES TorinoFilmLab gets ready for Cannes",edital,pos_producao,finalizacao,audiovisual,,183,2026,https://www.torinofilmlab.it/news/open-calls-selections/the-2026-class-of-featurelab,https://www.torinofilmlab.it,233
TorinoFilmLab,outro,Itália,oportunidade,Call for applications open Green Film Lab - Gran Canaria 2026 SHORT TERM Deadline to apply: 12 June 2026,edital,nao identificado,formacao_mentoria,audiovisual,,183,2026,https://torinofilmlab.it/labs/green-film-lab/green-film-lab---gran-canaria-2026,https://torinofilmlab.it,233
TorinoFilmLab,outro,Itália,oportunidade,Call for applications open Green Film Lab - Gran Canaria 2026 SHORT TERM Deadline to apply: 12 June 2026,edital,nao identificado,formacao_mentoria,audiovisual,,183,2026,https://www.torinofilmlab.it/labs/green-film-lab/green-film-lab---gran-canaria-2026,https://www.torinofilmlab.it,233
TorinoFilmLab,outro,Itália,oportunidade,"May 08, 2026 OPEN CALLS & SELECTIONS Welcome to SeriesLab & SeriesLab Story Editing 2026! May 08, 2026 OPEN CALLS & SELECTIONS Welcome to SeriesLab & SeriesLab Story Editing 2026! April 24, 2026 OPEN CALLS & SELECTIONS The 2026 class of FeatureLab April 14, 2026 FESTIVALS & RELEASES TorinoFilmLab gets ready for Cannes",edital,pos_producao,finalizacao,audiovisual,,183,2026,https://torinofilmlab.it/news/open-calls-selections/welcome-to-serieslab---serieslab-story-editing-2026-,https://torinofilmlab.it,233
TorinoFilmLab,outro,Itália,oportunidade,"May 08, 2026 OPEN CALLS & SELECTIONS Welcome to SeriesLab & SeriesLab Story Editing 2026! May 08, 2026 OPEN CALLS & SELECTIONS Welcome to SeriesLab & SeriesLab Story Editing 2026! April 24, 2026 OPEN CALLS & SELECTIONS The 2026 class of FeatureLab April 14, 2026 FESTIVALS & RELEASES TorinoFilmLab gets ready for Cannes",edital,pos_producao,finalizacao,audiovisual,,183,2026,https://www.torinofilmlab.it/news/open-calls-selections/welcome-to-serieslab---serieslab-story-editing-2026-,https://www.torinofilmlab.it,233
"Education and Training financiamentoFind out more about national and international bursaries, bolsas e apoios for training providers and our in-house training programmes.",internacional,Não identificado,oportunidade,23 March 2026 NFVF CALL FOR PROPOSALS: FEMALE FILMMAKER PROJECT FACILITATING COMPANY 2026 The National Film and Video Foundation (NFVF) invites eligible Tier 1 and 2 South African production companies to submit proposals to serve as the Facilitating Production Company for the Fem,edital,producao,producao_obra,audiovisual,,181,2026,https://www.nfvf.co.za/nfvf-call-for-proposals-female-filmmaker-project-facilitating-company-2026/,https://www.nfvf.co.za/latest-news,231
bolsas e apoios & Awards,outro,Internacional,oportunidade,"General Membership Starting at just $105/year, a General Membership includes exclusive Film Independent Spirit Awards voting privileges, access to free year-round screenings, film education and networking events, as well as extended Labs & Programs submission deadlines.",edital,exibicao,distribuicao_circulacao,audiovisual,$105,181,,https://www.filmindependent.org/membership/,https://www.filmindependent.org/join,231
Qumra 202627 March - 8 AprilQumra moves online,outro,Internacional,oportunidade,Learning Series Lab (Online) Apply Now,lab,nao identificado,formacao_mentoria,audiovisual,,178,2026,https://www.dohafilminstitute.com/en/learning-training/learning/workshops-labs/2026/dd1efff2-0ec9-49f6-a5d4-7315af9839de,https://www.dohafilminstitute.com/en/funding-industry/qumra,228
TorinoFilmLab,outro,Itália,oportunidade,Call for applications open Boost IT Lab 2026 Deadline to apply: 3 July 2026 Hot now Call for applications open Boost IT Lab 2026 Deadline to apply: 3 July 2026,edital,nao identificado,formacao_mentoria,audiovisual,,173,2026,https://torinofilmlab.it/labs/tfl-italia/boost-it-lab-2026,https://torinofilmlab.it,223
TorinoFilmLab,outro,Itália,oportunidade,Call for applications open Boost IT Lab 2026 SHORT TERM Deadline to apply: 3 July 2026,edital,nao identificado,formacao_mentoria,audiovisual,,173,2026,https://torinofilmlab.it/labs/tfl-italia/boost-it-lab-2026,https://torinofilmlab.it,223
TorinoFilmLab,outro,Itália,oportunidade,Call for applications open Boost IT Lab 2026 SHORT TERM Deadline to apply: 3 July 2026,edital,nao identificado,formacao_mentoria,audiovisual,,173,2026,https://www.torinofilmlab.it/labs/tfl-italia/boost-it-lab-2026,https://www.torinofilmlab.it,223
Film Independent,outro,Internacional,oportunidade,Film Independent Programs Film Independent Programs Skills. Knowledge. Fun. Skills. Knowledge. Fun. Events & Classes Artist Development Labs & Programs Applications Project Involve Grants & Awards Works-in-Progress Series Education & Resources Events & Classes Fiscal Sponsorship Youth Programs Internation Film Independent Programs Skills. Knowledge. Fun. Skills. Knowledge. Fun. Events & Classes Artist Development Labs & Programs Applications Project Involve Grants & Awards Works-in-Progress Series Education & Resou,grant,desenvolvimento,formacao_mentoria,audiovisual,,202,,https://www.filmindependent.org/programs/,https://filmindependent.org,222
"Education and Training financiamentoFind out more about national and international bursaries, bolsas e apoios for training providers and our in-house training programmes.",internacional,Não identificado,oportunidade,https://nfvf.praxisgms.co.za/ Applicants need to register and complete the online application form using the following link: https://nfvf.praxisgms.co.za/ The National Film and Video Foundation (NFVF) is pleased to announce that the call for attending film festivals and markets is now open for festivals or markets taking place from 01 – 30 June 2026. The grant aims to provide financial support for South African filmmakers and industry practitioners to attend both local and international film festivals and markets.,grant,exibicao,festival_inscricao,audiovisual,,172,2026,https://nfvf.praxisgms.co.za/xaLogin/NFVF/reglogin.aspx?ReturnUrl=%2fdefault.asx,https://www.nfvf.co.za/call-for-nfvf-funding-applications-to-attend-film-festivals-and-markets-taking-place-from-01-30-june-2026,222
"Education and Training financiamentoFind out more about national and international bursaries, bolsas e apoios for training providers and our in-house training programmes.",internacional,Não identificado,oportunidade,https://nfvf.praxisgms.co.za/ Applicants need to register and complete the online application form using the following link: https://nfvf.praxisgms.co.za/ The National Film and Video Foundation (NFVF) is pleased to announce that the call for attending film festivals and markets is now open for festivals or markets taking place from 08 – 31 May 2026. The grant aims to provide financial support for South African filmmakers and industry practitioners to attend both local and international film festivals and markets. T,grant,exibicao,festival_inscricao,audiovisual,,172,2026,https://nfvf.praxisgms.co.za/xaLogin/NFVF/reglogin.aspx?ReturnUrl=%2fdefault.asx,https://www.nfvf.co.za/call-for-nfvf-funding-applications-to-attend-film-festivals-and-markets-taking-place-from-08-31-may-2026,222
Screen Australia,outro,Não identificado,oportunidade,"Article Apply now to join the 2026 Producer Delegation to TIFF: The Market Screen Australia, in partnership with Ontario Creates, has opened applications for the 2026 Producer Delegation to TIFF: The Market. The… Read More Your browser doesn’t support HTML5 video. Here is a link to the video instead. Pause Unmute Welcome to Screen Australia We’re here to elevate Australian stories and empower creators with funding, support, insights and global opportunities. Funding Finder Discover the right funding opportunity usi",grant,mercado,mercado_pitch_coproducao,audiovisual,,166,2026,https://www.screenaustralia.gov.au/apply-now-to-join-the-2026-producer-delegation-to-tiff-the-market/,https://screenaustralia.gov.au,216
TorinoFilmLab,outro,Itália,oportunidade,"Take a peek Annual or short-term, residential or online, for feature films or TV series, focused on screenwriting, pre-production or sustainable set. The labs powered by TorinoFilmLab are numerous and specifically designed to suit every taste. Don’t you believe it? Take a peek",lab,producao,desenvolvimento_roteiro,audiovisual,,194,,https://torinofilmlab.it/labs,https://torinofilmlab.it,214
TorinoFilmLab,outro,Itália,oportunidade,"Take a peek Annual or short-term, residential or online, for feature films or TV series, focused on screenwriting, pre-production or sustainable set. The labs powered by TorinoFilmLab are numerous and specifically designed to suit every taste. Don’t you believe it? Take a peek",lab,producao,desenvolvimento_roteiro,audiovisual,,194,,https://www.torinofilmlab.it/labs,https://www.torinofilmlab.it,214
Busan International Film Festival,internacional,Não identificado,oportunidade,"The 31st Busan International Film Festival Submission open for the official selection 2026 Deadline : Short films 2 June (TUE), 18:00 KST Feature films 8 July (WED), 18:00 KST",festival,exibicao,festival_inscricao,audiovisual,,172,2026,https://biff.kr/eng/addon/10000001/page.asp?page_num=10603,https://biff.kr,212
festivals and mercados Build audiences for your projects,internacional,Não identificado,oportunidade,Funding Programs Funding Programs Funding Overview Funding Opportunities First Nations Funding Funding Deadlines Funding Approvals,festival,exibicao,festival_inscricao,audiovisual,,170,,https://www.screenaustralia.gov.au/festivals-and-market/annecy-international-animation-film-festival,https://www.screenaustralia.gov.au/festivals-and-market/annecy-international-animation-film-festival,210
"Education and Training financiamentoFind out more about national and international bursaries, bolsas e apoios for training providers and our in-house training programmes.",internacional,Não identificado,oportunidade,Gallery Gallery Videos,festival,exibicao,festival_inscricao,audiovisual,,199,2026,https://www.nfvf.co.za/call-for-nfvf-funding-applications-to-attend-film-festivals-and-markets-taking-place-from-01-30-june-2026,https://www.nfvf.co.za/call-for-nfvf-funding-applications-to-attend-film-festivals-and-markets-taking-place-from-01-30-june-2026,209
"Education and Training financiamentoFind out more about national and international bursaries, bolsas e apoios for training providers and our in-house training programmes.",internacional,Não identificado,oportunidade,Gallery Gallery Videos,festival,exibicao,festival_inscricao,audiovisual,,199,2026,https://www.nfvf.co.za/call-for-nfvf-funding-applications-to-attend-film-festivals-and-markets-taking-place-from-08-31-may-2026,https://www.nfvf.co.za/call-for-nfvf-funding-applications-to-attend-film-festivals-and-markets-taking-place-from-08-31-may-2026,209
São Paulo Film Commission,internacional,Internacional,oportunidade,"produtoras produtoras , distribuidoras , estúdios SÃO PAULO FILM COMMISSION A São Paulo Film Commission oferece assistência para a realização de produções audiovisuais na capital paulista. A missão é transformar a cidade em um cenário a céu aberto, facilitando as filmagens nacionais e estrangeiras. A proposta é que as diversas paisagens de São Paulo sirvam de locações para produções de cinema, TV e demais plataformas. Além de movimentar a economia do audiovisual, a",edital,producao,producao_obra,audiovisual,,185,,https://form.jotform.com/Spcine_International/credenciamento-de-produtoras-audiov,https://spcine.com.br/spfilmcommission/,205
Screen Australia,outro,Não identificado,oportunidade,"Read More Article Apply now to join the 2026 Producer Delegation to TIFF: The Market Screen Australia, in partnership with Ontario Creates, has opened applications for the 2026 Producer Delegation to TIFF: The Market. The… Read More Your browser doesn’t support HTML5 video. Here is a link to the video instead. Pause Unmute Welcome to Screen Australia We’re here to elevate Australian stories and empower creators with funding, support, insights and global opportunities. Funding Finder Discover the right funding oppor",mercado,mercado,mercado_pitch_coproducao,audiovisual,,154,2026,https://www.screenaustralia.gov.au/apply-now-to-join-the-2026-producer-delegation-to-tiff-the-market/,https://screenaustralia.gov.au,204
Screen Australia,outro,Não identificado,oportunidade,"Article Applications open for 2026 AISF and Screen Australia Writer/Director Virtual Sessions Applications are open for Australian writers and directors to participate in the 2026 Australian International Screen Forum (AISF) and Screen… Read More Your browser doesn’t support HTML5 video. Here is a link to the video instead. Pause Unmute Welcome to Screen Australia We’re here to elevate Australian stories and empower creators with funding, support, insights and global opportunities. Funding Finder Discover the right",edital,mercado,mercado_pitch_coproducao,audiovisual,,182,2026,https://www.screenaustralia.gov.au/applications-open-for-2026-aisf-and-screen-australia-writer-director-virtual-sessions/,https://screenaustralia.gov.au,202
Screen Australia,outro,Não identificado,oportunidade,"Read More Article Applications open for 2026 AISF and Screen Australia Writer/Director Virtual Sessions Applications are open for Australian writers and directors to participate in the 2026 Australian International Screen Forum (AISF) and Screen… Read More Your browser doesn’t support HTML5 video. Here is a link to the video instead. Pause Unmute Welcome to Screen Australia We’re here to elevate Australian stories and empower creators with funding, support, insights and global opportunities. Funding Finder Discover",edital,mercado,mercado_pitch_coproducao,audiovisual,,182,2026,https://www.screenaustralia.gov.au/applications-open-for-2026-aisf-and-screen-australia-writer-director-virtual-sessions/,https://screenaustralia.gov.au,202
financiamento,outro,Internacional,oportunidade,"Export Call for Entries: BC@Gamescom 2026 Video Game IP Accelerator April 14, 2026",festival,nao identificado,festival_inscricao,audiovisual,,161,2026,https://creativebc.com/2026/04/call-for-entries-bcgamescom-2026-video-game-ip-accelerator/,https://creativebc.com/about/news,201
festivals and mercados Build audiences for your projects,outro,Não identificado,oportunidade,Funding Programs Funding Programs Funding Overview Funding Opportunities First Nations Funding Funding Deadlines Funding Approvals,festival,exibicao,festival_inscricao,audiovisual,,160,,https://www.screenaustralia.gov.au/festivals-and-market/adelaide-film-festival,https://www.screenaustralia.gov.au/festivals-and-market/adelaide-film-festival,200
festivals and mercados Build audiences for your projects,outro,Não identificado,oportunidade,Funding Programs Funding Programs Funding Overview Funding Opportunities First Nations Funding Funding Deadlines Funding Approvals,festival,exibicao,festival_inscricao,audiovisual,,160,,https://www.screenaustralia.gov.au/festivals-and-market/american-film-market-association-afm,https://www.screenaustralia.gov.au/festivals-and-market/american-film-market-association-afm,200
festivals and mercados Build audiences for your projects,internacional,Não identificado,oportunidade,Funding Programs Funding Programs Funding Overview Funding Opportunities First Nations Funding Funding Deadlines Funding Approvals,festival,exibicao,festival_inscricao,audiovisual,,160,,https://www.screenaustralia.gov.au/festivals-and-market/berlin-international-film-festival,https://www.screenaustralia.gov.au/festivals-and-market/berlin-international-film-festival,200
festivals and mercados Build audiences for your projects,internacional,Não identificado,oportunidade,Funding Programs Funding Programs Funding Overview Funding Opportunities First Nations Funding Funding Deadlines Funding Approvals,festival,exibicao,festival_inscricao,audiovisual,,160,,https://www.screenaustralia.gov.au/festivals-and-market/brisbane-international-film-festival,https://www.screenaustralia.gov.au/festivals-and-market/brisbane-international-film-festival,200
festivals and mercados Build audiences for your projects,outro,Não identificado,oportunidade,Funding Programs Funding Programs Funding Overview Funding Opportunities First Nations Funding Funding Deadlines Funding Approvals,festival,exibicao,festival_inscricao,audiovisual,,160,,https://www.screenaustralia.gov.au/festivals-and-market/british-academy-of-film-and-television-arts,https://www.screenaustralia.gov.au/festivals-and-market/british-academy-of-film-and-television-arts,200
festivals and mercados Build audiences for your projects,internacional,Não identificado,oportunidade,Funding Programs Funding Programs Funding Overview Funding Opportunities First Nations Funding Funding Deadlines Funding Approvals,festival,exibicao,festival_inscricao,audiovisual,,160,,https://www.screenaustralia.gov.au/festivals-and-market/busan-international-film-festival,https://www.screenaustralia.gov.au/festivals-and-market/busan-international-film-festival,200
Screen Australia,outro,Não identificado,oportunidade,"View Co-productions Your browser doesn’t support HTML5 video. Here is a link to the video instead. Pause Unmute Welcome to Screen Australia We’re here to elevate Australian stories and empower creators with funding, support, insights and global opportunities. Funding Finder Discover the right funding opportunity using the filters below Category – Select a category All categories Documentary First Nations Games Industry Development Inter",grant,desenvolvimento,producao_obra,audiovisual,,173,,https://www.screenaustralia.gov.au/co-production-program/,https://screenaustralia.gov.au,193
festivals and mercados Build audiences for your projects,outro,Não identificado,oportunidade,Insights Insights Insights and Trends Overview Overview Australian Films Cinema Industry Trends People and Business Employment Trends Production Businesses Australian Content Regulation Production Trends Australian Features Australian TV VOD Drama Production Foreign Features Documentary P Insights Insights and Trends Overview Overview Australian Films Cinema Industry Trends People and Business Employment Trends Production Businesses Australian Content Regulation Production Trends Australian Features Australian TV V,festival,producao,mercado_pitch_coproducao,audiovisual,,181,,https://www.screenaustralia.gov.au/festivals-and-market/asia-tv-forum-market-atf,https://www.screenaustralia.gov.au/festivals-and-market/asia-tv-forum-market-atf,191
festivals and mercados Build audiences for your projects,outro,Internacional,oportunidade,"www.annecy.org Annecy International Animation Film Festival Genre: Animation The Annecy International Animated Film Festival, established in 1960, is a major international animation event. The festival attracted over 13,200 accredited badgeholders in 2022, screening 430 films from 106 countries, 314 journalists and 115,000 cinema admissions. It is also trade-focused and incorporates the MIFA animation market to showcase co-producin",festival,exibicao,festival_inscricao,audiovisual,,181,1960,http://www.annecy.org,https://www.screenaustralia.gov.au/festivals-and-market/annecy-international-animation-film-festival,191
Assets,outro,Não identificado,oportunidade,Insights Insights Insights and Trends Overview Overview Australian Films Cinema Industry Trends People and Business Employment Trends Production Businesses Australian Content Regulation Production Trends Australian Features Australian TV VOD Drama Production Foreign Features Documentary P Insights Insights and Trends Overview Overview Australian Films Cinema Industry Trends People and Business Employment Trends Production Businesses Australian Content Regulation Production Trends Australian Features Australian TV V,mercado,producao,producao_obra,audiovisual,,171,,https://www.screenaustralia.gov.au/funding-and-support/narrative-content-production/market-audience/assets-program,https://www.screenaustralia.gov.au/funding-and-support/narrative-content-production/market-audience/assets-program,191
Audience Testing,outro,Não identificado,oportunidade,Insights Insights Insights and Trends Overview Overview Australian Films Cinema Industry Trends People and Business Employment Trends Production Businesses Australian Content Regulation Production Trends Australian Features Australian TV VOD Drama Production Foreign Features Documentary P Insights Insights and Trends Overview Overview Australian Films Cinema Industry Trends People and Business Employment Trends Production Businesses Australian Content Regulation Production Trends Australian Features Australian TV V,mercado,producao,producao_obra,audiovisual,,171,,https://www.screenaustralia.gov.au/funding-and-support/narrative-content-production/market-audience/audience-testing-program,https://www.screenaustralia.gov.au/funding-and-support/narrative-content-production/market-audience/audience-testing-program,191
Narrative Content Market & Audience,outro,Não identificado,oportunidade,Insights Insights Insights and Trends Overview Overview Australian Films Cinema Industry Trends People and Business Employment Trends Production Businesses Australian Content Regulation Production Trends Australian Features Australian TV VOD Drama Production Foreign Features Documentary P Insights Insights and Trends Overview Overview Australian Films Cinema Industry Trends People and Business Employment Trends Production Businesses Australian Content Regulation Production Trends Australian Features Australian TV V,mercado,producao,producao_obra,audiovisual,,171,,https://www.screenaustralia.gov.au/funding-and-support/narrative-content-production/market-audience,https://www.screenaustralia.gov.au/funding-and-support/narrative-content-production/market-audience,191
"Education and Training financiamentoFind out more about national and international bursaries, bolsas e apoios for training providers and our in-house training programmes.",internacional,Não identificado,oportunidade,"– – Education and Training Funding Find out more about national and international bursaries, grants for training providers and our in-house training programmes. Funding Approvals Information on Funding Approvals.",grant,exibicao,festival_inscricao,audiovisual,,170,2026,https://www.nfvf.co.za/call-for-nfvf-funding-applications-to-attend-film-festivals-and-markets-taking-place-from-01-30-june-2026,https://www.nfvf.co.za/call-for-nfvf-funding-applications-to-attend-film-festivals-and-markets-taking-place-from-01-30-june-2026,190
"Education and Training financiamentoFind out more about national and international bursaries, bolsas e apoios for training providers and our in-house training programmes.",internacional,Não identificado,oportunidade,"– – Education and Training Funding Find out more about national and international bursaries, grants for training providers and our in-house training programmes. Funding Approvals Information on Funding Approvals.",grant,exibicao,festival_inscricao,audiovisual,,170,2026,https://www.nfvf.co.za/call-for-nfvf-funding-applications-to-attend-film-festivals-and-markets-taking-place-from-08-31-may-2026,https://www.nfvf.co.za/call-for-nfvf-funding-applications-to-attend-film-festivals-and-markets-taking-place-from-08-31-may-2026,190
Indigenous Funding,outro,Não identificado,oportunidade,"Programs Programs Strategic Framework Review Feature films — Development — Production — Talent to Watch — Theatrical Documentary — Marketing Festivals, activities and cinemas — Industry Promotion Initiatives Program — General Admission Festivals — Medium to Large-Scale Festivals — Career Development Initiatives Program — Theatrical Exhibition — Promotion - Industry Initiatives — Theatrical Distribution Compensation — Promotio",trabalho,desenvolvimento,distribuicao_circulacao,audiovisual,,179,,https://telefilm.ca/en/we-finance-and-support/our-programs,https://telefilm.ca/en/we-finance-and-support/indigenous-funding,189
festivals and mercados Build audiences for your projects,internacional,Não identificado,oportunidade,Insights Insights Insights and Trends Overview Overview Australian Films Cinema Industry Trends People and Business Employment Trends Production Businesses Australian Content Regulation Production Trends Australian Features Australian TV VOD Drama Production Foreign Features Documentary P Insights Insights and Trends Overview Overview Australian Films Cinema Industry Trends People and Business Employment Trends Production Businesses Australian Content Regulation Production Trends Australian Features Australian TV V,festival,producao,producao_obra,audiovisual,,179,,https://www.screenaustralia.gov.au/festivals-and-market/annecy-international-animation-film-festival,https://www.screenaustralia.gov.au/festivals-and-market/annecy-international-animation-film-festival,189
Screen Australia,outro,Não identificado,oportunidade,"Article It’s Andrew! stomps onto screens this June The ABC and Screen Australia are delighted to announce that brand new preschool series, It’s Andrew!, will premiere on Monday… Read More Your browser doesn’t support HTML5 video. Here is a link to the video instead. Pause Unmute Welcome to Screen Australia We’re here to elevate Australian stories and empower creators with funding, support, insights and global opportunities. Funding Finder Discover the right funding opportunity using the filters below Category – Sel",grant,nao identificado,nao identificado,audiovisual,,168,,https://www.screenaustralia.gov.au/its-andrew-stomps-onto-screens-this-june/,https://screenaustralia.gov.au,188
Screen Australia,outro,Não identificado,oportunidade,"Read More Article It’s Andrew! stomps onto screens this June The ABC and Screen Australia are delighted to announce that brand new preschool series, It’s Andrew!, will premiere on Monday… Read More Your browser doesn’t support HTML5 video. Here is a link to the video instead. Pause Unmute Welcome to Screen Australia We’re here to elevate Australian stories and empower creators with funding, support, insights and global opportunities. Funding Finder Discover the right funding opportunity using the filters below Cate",grant,nao identificado,nao identificado,audiovisual,,168,,https://www.screenaustralia.gov.au/its-andrew-stomps-onto-screens-this-june/,https://screenaustralia.gov.au,188
festivals and mercados Build audiences for your projects,outro,Não identificado,oportunidade,View Market Details All genre France Cannes Film Market about Cannes Film Market Festival Dates: 12/05/2026 – 20/05/2026 Festival Description: The Cannes Film Festival is the biggest and most important celebration of cinema on the annual festival calendar and a unique opportunity to build a network of international film industry professionals. View Market Details,festival,exibicao,festival_inscricao,audiovisual,,173,2026,https://www.screenaustralia.gov.au/festivals-and-market/cannes-film-market/,https://www.screenaustralia.gov.au/festivals-and-markets/?paged=2,183
Screen Australia,outro,Não identificado,oportunidade,"View Insights Your browser doesn’t support HTML5 video. Here is a link to the video instead. Pause Unmute Welcome to Screen Australia We’re here to elevate Australian stories and empower creators with funding, support, insights and global opportunities. Funding Finder Discover the right funding opportunity using the filters below Category – Select a category All categories Documentary First Nations Games Industry Development Inter",grant,desenvolvimento,desenvolvimento_roteiro,audiovisual,,163,,https://screenaustralia.gov.au/insights/,https://screenaustralia.gov.au,183
Screen Australia,outro,Não identificado,oportunidade,"View Opportunities Your browser doesn’t support HTML5 video. Here is a link to the video instead. Pause Unmute Welcome to Screen Australia We’re here to elevate Australian stories and empower creators with funding, support, insights and global opportunities. Funding Finder Discover the right funding opportunity using the filters below Category – Select a category All categories Documentary First Nations Games Industry Development Inter",grant,desenvolvimento,desenvolvimento_roteiro,audiovisual,,163,,https://screenaustralia.gov.au/first-nations-funding/,https://screenaustralia.gov.au,183
Screen Australia,outro,Não identificado,oportunidade,"View Opportunities Your browser doesn’t support HTML5 video. Here is a link to the video instead. Pause Unmute Welcome to Screen Australia We’re here to elevate Australian stories and empower creators with funding, support, insights and global opportunities. Funding Finder Discover the right funding opportunity using the filters below Category – Select a category All categories Documentary First Nations Games Industry Development Inter",grant,desenvolvimento,desenvolvimento_roteiro,audiovisual,,163,,https://www.screenaustralia.gov.au/fund/?category=Games,https://screenaustralia.gov.au,183
Screen Australia,outro,Não identificado,oportunidade,"link to the video Your browser doesn’t support HTML5 video. Here is a link to the video instead. Your browser doesn’t support HTML5 video. Here is a link to the video instead. Pause Unmute Welcome to Screen Australia We’re here to elevate Australian stories and empower creators with funding, support, insights and global opportunities. Funding Finder Discover the right funding opportunity using the filters below Category – Select a category All categories Documentary First Nations Games Industry Development Inter",grant,desenvolvimento,desenvolvimento_roteiro,audiovisual,,163,2026,https://www.screenaustralia.gov.au/wp-content/uploads/2026/04/Final-Trailer-50MB.mp4?v=1776219711,https://screenaustralia.gov.au,183
financiamento and Support,outro,Não identificado,oportunidade,"View Insights Your browser doesn’t support HTML5 video. Here is a link to the video instead. Pause Unmute Welcome to Screen Australia We’re here to elevate Australian stories and empower creators with funding, support, insights and global opportunities. Funding Finder Discover the right funding opportunity using the filters below Category – Select a category All categories Documentary First Nations Games Industry Development Inter",grant,desenvolvimento,desenvolvimento_roteiro,audiovisual,,163,,https://www.screenaustralia.gov.au/insights/,https://www.screenaustralia.gov.au#fund,183
financiamento and Support,outro,Não identificado,oportunidade,"View Opportunities Your browser doesn’t support HTML5 video. Here is a link to the video instead. Pause Unmute Welcome to Screen Australia We’re here to elevate Australian stories and empower creators with funding, support, insights and global opportunities. Funding Finder Discover the right funding opportunity using the filters below Category – Select a category All categories Documentary First Nations Games Industry Development Inter",grant,desenvolvimento,desenvolvimento_roteiro,audiovisual,,163,,https://www.screenaustralia.gov.au/first-nations-funding/,https://www.screenaustralia.gov.au#fund,183
festivals and mercados Build audiences for your projects,outro,Não identificado,oportunidade,Insights Insights Insights and Trends Overview Overview Australian Films Cinema Industry Trends People and Business Employment Trends Production Businesses Australian Content Regulation Production Trends Australian Features Australian TV VOD Drama Production Foreign Features Documentary P Insights Insights and Trends Overview Overview Australian Films Cinema Industry Trends People and Business Employment Trends Production Businesses Australian Content Regulation Production Trends Australian Features Australian TV V,festival,producao,producao_obra,audiovisual,,169,,https://www.screenaustralia.gov.au/festivals-and-markets,https://www.screenaustralia.gov.au/festivals-and-markets,179
festivals and mercados Build audiences for your projects,outro,Não identificado,oportunidade,Insights Insights Insights and Trends Overview Overview Australian Films Cinema Industry Trends People and Business Employment Trends Production Businesses Australian Content Regulation Production Trends Australian Features Australian TV VOD Drama Production Foreign Features Documentary P Insights Insights and Trends Overview Overview Australian Films Cinema Industry Trends People and Business Employment Trends Production Businesses Australian Content Regulation Production Trends Australian Features Australian TV V,festival,producao,producao_obra,audiovisual,,169,,https://www.screenaustralia.gov.au/festivals-and-markets/?paged=2,https://www.screenaustralia.gov.au/festivals-and-markets/?paged=2,179
festivals and mercados Build audiences for your projects,outro,Não identificado,oportunidade,Insights Insights Insights and Trends Overview Overview Australian Films Cinema Industry Trends People and Business Employment Trends Production Businesses Australian Content Regulation Production Trends Australian Features Australian TV VOD Drama Production Foreign Features Documentary P Insights Insights and Trends Overview Overview Australian Films Cinema Industry Trends People and Business Employment Trends Production Businesses Australian Content Regulation Production Trends Australian Features Australian TV V,festival,producao,producao_obra,audiovisual,,169,,https://www.screenaustralia.gov.au/festivals-and-market/adelaide-film-festival,https://www.screenaustralia.gov.au/festivals-and-market/adelaide-film-festival,179
festivals and mercados Build audiences for your projects,outro,Não identificado,oportunidade,Insights Insights Insights and Trends Overview Overview Australian Films Cinema Industry Trends People and Business Employment Trends Production Businesses Australian Content Regulation Production Trends Australian Features Australian TV VOD Drama Production Foreign Features Documentary P Insights Insights and Trends Overview Overview Australian Films Cinema Industry Trends People and Business Employment Trends Production Businesses Australian Content Regulation Production Trends Australian Features Australian TV V,festival,producao,producao_obra,audiovisual,,169,,https://www.screenaustralia.gov.au/festivals-and-market/afi-fest-formerly-afi-docs-silverdocs,https://www.screenaustralia.gov.au/festivals-and-market/afi-fest-formerly-afi-docs-silverdocs,179
festivals and mercados Build audiences for your projects,outro,Não identificado,oportunidade,Insights Insights Insights and Trends Overview Overview Australian Films Cinema Industry Trends People and Business Employment Trends Production Businesses Australian Content Regulation Production Trends Australian Features Australian TV VOD Drama Production Foreign Features Documentary P Insights Insights and Trends Overview Overview Australian Films Cinema Industry Trends People and Business Employment Trends Production Businesses Australian Content Regulation Production Trends Australian Features Australian TV V,festival,producao,producao_obra,audiovisual,,169,,https://www.screenaustralia.gov.au/festivals-and-market/american-film-market-association-afm,https://www.screenaustralia.gov.au/festivals-and-market/american-film-market-association-afm,179
festivals and mercados Build audiences for your projects,outro,Não identificado,oportunidade,Insights Insights Insights and Trends Overview Overview Australian Films Cinema Industry Trends People and Business Employment Trends Production Businesses Australian Content Regulation Production Trends Australian Features Australian TV VOD Drama Production Foreign Features Documentary P Insights Insights and Trends Overview Overview Australian Films Cinema Industry Trends People and Business Employment Trends Production Businesses Australian Content Regulation Production Trends Australian Features Australian TV V,festival,producao,producao_obra,audiovisual,,169,,https://www.screenaustralia.gov.au/festivals-and-market/aspen-shortsfest,https://www.screenaustralia.gov.au/festivals-and-market/aspen-shortsfest,179
festivals and mercados Build audiences for your projects,internacional,Não identificado,oportunidade,Insights Insights Insights and Trends Overview Overview Australian Films Cinema Industry Trends People and Business Employment Trends Production Businesses Australian Content Regulation Production Trends Australian Features Australian TV VOD Drama Production Foreign Features Documentary P Insights Insights and Trends Overview Overview Australian Films Cinema Industry Trends People and Business Employment Trends Production Businesses Australian Content Regulation Production Trends Australian Features Australian TV V,festival,producao,producao_obra,audiovisual,,169,,https://www.screenaustralia.gov.au/festivals-and-market/australian-international-documentary-conference-aidc,https://www.screenaustralia.gov.au/festivals-and-market/australian-international-documentary-conference-aidc,179
festivals and mercados Build audiences for your projects,internacional,Não identificado,oportunidade,Insights Insights Insights and Trends Overview Overview Australian Films Cinema Industry Trends People and Business Employment Trends Production Businesses Australian Content Regulation Production Trends Australian Features Australian TV VOD Drama Production Foreign Features Documentary P Insights Insights and Trends Overview Overview Australian Films Cinema Industry Trends People and Business Employment Trends Production Businesses Australian Content Regulation Production Trends Australian Features Australian TV V,festival,producao,producao_obra,audiovisual,,169,,https://www.screenaustralia.gov.au/festivals-and-market/berlin-international-film-festival,https://www.screenaustralia.gov.au/festivals-and-market/berlin-international-film-festival,179
festivals and mercados Build audiences for your projects,internacional,Não identificado,oportunidade,Insights Insights Insights and Trends Overview Overview Australian Films Cinema Industry Trends People and Business Employment Trends Production Businesses Australian Content Regulation Production Trends Australian Features Australian TV VOD Drama Production Foreign Features Documentary P Insights Insights and Trends Overview Overview Australian Films Cinema Industry Trends People and Business Employment Trends Production Businesses Australian Content Regulation Production Trends Australian Features Australian TV V,festival,producao,producao_obra,audiovisual,,169,,https://www.screenaustralia.gov.au/festivals-and-market/brisbane-international-film-festival,https://www.screenaustralia.gov.au/festivals-and-market/brisbane-international-film-festival,179
festivals and mercados Build audiences for your projects,outro,Não identificado,oportunidade,Insights Insights Insights and Trends Overview Overview Australian Films Cinema Industry Trends People and Business Employment Trends Production Businesses Australian Content Regulation Production Trends Australian Features Australian TV VOD Drama Production Foreign Features Documentary P Insights Insights and Trends Overview Overview Australian Films Cinema Industry Trends People and Business Employment Trends Production Businesses Australian Content Regulation Production Trends Australian Features Australian TV V,festival,producao,producao_obra,audiovisual,,169,,https://www.screenaustralia.gov.au/festivals-and-market/british-academy-of-film-and-television-arts,https://www.screenaustralia.gov.au/festivals-and-market/british-academy-of-film-and-television-arts,179
festivals and mercados Build audiences for your projects,internacional,Não identificado,oportunidade,Insights Insights Insights and Trends Overview Overview Australian Films Cinema Industry Trends People and Business Employment Trends Production Businesses Australian Content Regulation Production Trends Australian Features Australian TV VOD Drama Production Foreign Features Documentary P Insights Insights and Trends Overview Overview Australian Films Cinema Industry Trends People and Business Employment Trends Production Businesses Australian Content Regulation Production Trends Australian Features Australian TV V,festival,producao,producao_obra,audiovisual,,169,,https://www.screenaustralia.gov.au/festivals-and-market/busan-international-film-festival,https://www.screenaustralia.gov.au/festivals-and-market/busan-international-film-festival,179
mercado profiles,outro,Não identificado,oportunidade,Insights Insights Insights and Trends Overview Overview Australian Films Cinema Industry Trends People and Business Employment Trends Production Businesses Australian Content Regulation Production Trends Australian Features Australian TV VOD Drama Production Foreign Features Documentary P Insights Insights and Trends Overview Overview Australian Films Cinema Industry Trends People and Business Employment Trends Production Businesses Australian Content Regulation Production Trends Australian Features Australian TV V,festival,producao,producao_obra,audiovisual,,169,,https://www.screenaustralia.gov.au/festivals-and-markets/market-profiles,https://www.screenaustralia.gov.au/festivals-and-markets/market-profiles,179
Funding and industry,outro,Reino Unido,oportunidade,"Apply for certification Apply for British certification and expenditure credits Find out how to qualify your film, high-end television (HETV) programme, animation television programme, children’s television programme or video game as British. Apply for certification Get funding and support Create films, TV or new formats of storytelling The BFI provides funding for film and TV development and production, which includes international co-productions and completion funding. Find out more Develop skills and progress yo",mercado,desenvolvimento,producao_obra,audiovisual,,159,,https://www.bfi.org.uk/apply-british-certification-expenditure-credits,https://www.bfi.org.uk/funding-industry,179
festivals and mercados Build audiences for your projects,outro,Não identificado,oportunidade,Insights Insights Insights and Trends Overview Overview Australian Films Cinema Industry Trends People and Business Employment Trends Production Businesses Australian Content Regulation Production Trends Australian Features Australian TV VOD Drama Production Foreign Features Documentary P Insights Insights and Trends Overview Overview Australian Films Cinema Industry Trends People and Business Employment Trends Production Businesses Australian Content Regulation Production Trends Australian Features Australian TV V,mercado,producao,producao_obra,audiovisual,,159,2026,https://www.screenaustralia.gov.au/applications-open-for-2026-aisf-and-screen-australia-writer-director-virtual-sessions,https://www.screenaustralia.gov.au/applications-open-for-2026-aisf-and-screen-australia-writer-director-virtual-sessions,179
bolsas e apoios & Awards,outro,Internacional,oportunidade,OPEN More Information • Applications OPEN,edital,nao identificado,festival_inscricao,audiovisual,,153,2026,https://filmindependent1.submittable.com/submit/8b3afc26-3144-4a42-94e2-708d1fa7cedf/film-independent-documentary-producing-lab-2026,https://www.filmindependent.org/programs/applications,173
festivals and mercados Build audiences for your projects,outro,Internacional,oportunidade,"FilmFreeway For up-to-date submission dates, please head to the festival website or FilmFreeway . Festivals and Markets Browse profiles of festivals, markets and pitching forums, read tips and insights from travel reports, and get support from Screen Australia at markets and festivals. Home Festivals and Markets Screen Australia supports the Australian screen industry to connect with international audiences, partners and opportunities, through key international festivals and markets. This section offers an overvi",festival,exibicao,mercado_pitch_coproducao,audiovisual,,162,,https://filmfreeway.com/,https://www.screenaustralia.gov.au/festivals-and-markets,172
"Education and Training financiamentoFind out more about national and international bursaries, bolsas e apoios for training providers and our in-house training programmes.",internacional,Não identificado,oportunidade,"Visit website Film and Publication Board (FPB) Film and Publication Board is a statutory body whose task is mainly to classify films, videos, DVDs, computer games and certain publications that are available for public consumption. Visit website .",lab,nao identificado,formacao_mentoria,audiovisual,,152,,http://www.fpb.org.za/,https://www.nfvf.co.za/industry-organisations,172
TorinoFilmLab,outro,Itália,oportunidade,People & Projects People & Projects Participants Experts Films & Series Projects,lab,nao identificado,formacao_mentoria,audiovisual,,152,,https://torinofilmlab.it,https://torinofilmlab.it,172
TorinoFilmLab,outro,Itália,oportunidade,People & Projects People & Projects Participants Experts Films & Series Projects,lab,nao identificado,formacao_mentoria,audiovisual,,152,,https://www.torinofilmlab.it,https://www.torinofilmlab.it,172
"festivals, activities and cinemas",outro,Não identificado,oportunidade,"Read more Bogotá, Colombia July 6 to 10, 2026 17th Bogotá Audiovisual Market – BAM 2026 Deadline : May 6, 2026 Read more",mercado,mercado,desenvolvimento_roteiro,audiovisual,,122,2026,https://telefilm.ca/en/appel-inscription/17th-bogota-audiovisual-market-bam-2026,https://telefilm.ca/en,172
"Special programas Special programas FDCP Special programas include annual celebrations, film competitions, roundtable discussions, recognition programas, fundo de cinemas and laboratorios.",outro,Internacional,oportunidade,"fdcp.ph/FFP2026-Application To apply, applicants must complete the application form through this link: fdcp.ph/FFP2026-Application and submit the required document. > Programs > Special Programs > FILMS FOR PEACE FILMS FOR PEACE FILMS FOR PEACE is a program launched in 2024 by the Film Development Council of the Philippines as part of its 4th Philippine Film Industry Month. It is a short film competition to attest the significance of cinema as a medium of conversation, discussion and understanding of the importance",edital,desenvolvimento,distribuicao_circulacao,audiovisual,,149,2024,https://www.cognitoforms.com/ExhibitionsDivision/FilmsForPeaceShortFilmCompetition,https://fdcp.ph/filmsforpeace2026,169
festivals and mercados Build audiences for your projects,outro,Não identificado,oportunidade,Insights Insights Insights and Trends Overview Overview Australian Films Cinema Industry Trends People and Business Employment Trends Production Businesses Australian Content Regulation Production Trends Australian Features Australian TV VOD Drama Production Foreign Features Documentary P Insights Insights and Trends Overview Overview Australian Films Cinema Industry Trends People and Business Employment Trends Production Businesses Australian Content Regulation Production Trends Australian Features Australian TV V,mercado,producao,producao_obra,audiovisual,,147,2026,https://www.screenaustralia.gov.au/apply-now-to-join-the-2026-producer-delegation-to-tiff-the-market,https://www.screenaustralia.gov.au/apply-now-to-join-the-2026-producer-delegation-to-tiff-the-market,167
"festivals, activities and cinemas",internacional,Não identificado,oportunidade,"Read more San Sebastian, Spain September 18 to 26, 2026 74th San Sebastian International Film Festival Submission Deadline with Telefilm : June 8, 2026 Read more",edital,exibicao,festival_inscricao,audiovisual,,117,2026,https://telefilm.ca/en/appel-inscription/74th-san-sebastian-international-film-festival,https://telefilm.ca/en,167
festivals and mercados Build audiences for your projects,outro,Não identificado,oportunidade,Funding Programs Funding Programs Funding Overview Funding Opportunities First Nations Funding Funding Deadlines Funding Approvals,mercado,mercado,mercado_pitch_coproducao,audiovisual,,116,,https://www.screenaustralia.gov.au/insights-and-trends/cinema-industry-trends,https://www.screenaustralia.gov.au/insights-and-trends/cinema-industry-trends,166
TorinoFilmLab,outro,Itália,oportunidade,Films & Series,lab,nao identificado,formacao_mentoria,audiovisual,,142,,https://torinofilmlab.it/films,https://torinofilmlab.it,162
TorinoFilmLab,outro,Itália,oportunidade,Films & Series,lab,nao identificado,formacao_mentoria,audiovisual,,142,,https://www.torinofilmlab.it/films,https://www.torinofilmlab.it,162
TorinoFilmLab,outro,Itália,oportunidade,Labs Labs All Labs Long Term ScriptLab & ScriptLab Story Editing FeatureLab ComedyLab SeriesLab & SeriesLab Story Editing Short Term TFL Next TFL Extended TFL Italia - Boost IT Lab Short Term - Green Labs Green Film Lab Green Production Lab TFL Green Narratives,lab,producao,desenvolvimento_roteiro,audiovisual,,142,,https://torinofilmlab.it,https://torinofilmlab.it,162
TorinoFilmLab,outro,Itália,oportunidade,Labs Labs All Labs Long Term ScriptLab & ScriptLab Story Editing FeatureLab ComedyLab SeriesLab & SeriesLab Story Editing Short Term TFL Next TFL Extended TFL Italia - Boost IT Lab Short Term - Green Labs Green Film Lab Green Production Lab TFL Green Narratives,lab,producao,desenvolvimento_roteiro,audiovisual,,142,,https://www.torinofilmlab.it,https://www.torinofilmlab.it,162
"Education and Training financiamentoFind out more about national and international bursaries, bolsas e apoios for training providers and our in-house training programmes.",internacional,Não identificado,oportunidade,Gallery Gallery Videos,grant,nao identificado,festival_inscricao,audiovisual,,141,2026,https://www.nfvf.co.za/nfvf-call-for-submission-for-training-provider-grant-2026,https://www.nfvf.co.za/nfvf-call-for-submission-for-training-provider-grant-2026,161
bolsas e apoios & Awards,outro,Internacional,oportunidade,More Information More Information • Applications OPEN,edital,desenvolvimento,formacao_mentoria,audiovisual,,141,,https://www.filmindependent.org/programs/artist-development/documentary-lab/,https://www.filmindependent.org/programs/applications,161
festivals and mercados Build audiences for your projects,internacional,Não identificado,oportunidade,"View Festival Details All genre Republic of Ireland Cork International Film Festival about Cork International Film Festival Festival Dates: 6/11/2025 – 16/11/2025 Festival Description: Cork International Film Festival (CIFF) is Ireland’s first and largest film festival and a local, national and international celebration of cinema, running annually in November in venues in Cork City and online nationwide via its Digital Festival Platform.",festival,exibicao,festival_inscricao,audiovisual,,149,2025,https://www.screenaustralia.gov.au/festivals-and-market/cork-international-film-festival/,https://www.screenaustralia.gov.au/festivals-and-markets/?paged=2,159
festivals and mercados Build audiences for your projects,outro,Não identificado,oportunidade,"View Festival Details All genre Sweden Goteborg Film Festival about Goteborg Film Festival Festival Dates: 24/01/2025 – 2/02/2025 Festival Description: Established in 1979 with a focus on Scandinavian as well as world cinema, the Göteborg Film Festival is the largest film in the Nordics. View Festival Details",festival,exibicao,festival_inscricao,audiovisual,,149,2025,https://www.screenaustralia.gov.au/festivals-and-market/goteborg-film-festival/,https://www.screenaustralia.gov.au/festivals-and-markets/?paged=2,159
"Education and Training financiamentoFind out more about national and international bursaries, bolsas e apoios for training providers and our in-house training programmes.",internacional,Não identificado,oportunidade,– – Incentives Learn about film and TV production incentives. Find a Crew,grant,producao,producao_obra,audiovisual,,138,2026,https://www.nfvf.co.za/nfvf-call-for-submission-for-training-provider-grant-2026,https://www.nfvf.co.za/nfvf-call-for-submission-for-training-provider-grant-2026,158
festivals and mercados Build audiences for your projects,outro,Não identificado,oportunidade,Funding Programs Funding Programs Funding Overview Funding Opportunities First Nations Funding Funding Deadlines Funding Approvals,outro,nao identificado,nao identificado,audiovisual,,116,,https://www.screenaustralia.gov.au/insights-and-trends/audiences/cinema-audiences,https://www.screenaustralia.gov.au/insights-and-trends/audiences/cinema-audiences,156
bolsas e apoios & Awards,outro,Internacional,oportunidade,OPEN More Information • Applications OPEN,edital,nao identificado,festival_inscricao,audiovisual,,133,2026,https://filmindependent1.submittable.com/submit/6fc5dfae-906c-4bf8-8f3c-0cd30d997464/film-independent-fiction-producing-lab-2026,https://www.filmindependent.org/programs/applications,153
TorinoFilmLab,outro,Itália,oportunidade,SeriesLab & SeriesLab Story Editing,lab,pos_producao,finalizacao,audiovisual,,132,,https://torinofilmlab.it/labs/serieslab,https://torinofilmlab.it,152
TorinoFilmLab,outro,Itália,oportunidade,SeriesLab & SeriesLab Story Editing,lab,pos_producao,finalizacao,audiovisual,,132,,https://www.torinofilmlab.it/labs/serieslab,https://www.torinofilmlab.it,152
bolsas e apoios & Awards,outro,Internacional,oportunidade,More Information More Information • Applications OPEN,edital,desenvolvimento,formacao_mentoria,audiovisual,,131,,https://www.filmindependent.org/programs/artist-development/fiction-producing-lab/,https://www.filmindependent.org/programs/applications,151
"Education and Training financiamentoFind out more about national and international bursaries, bolsas e apoios for training providers and our in-house training programmes.",internacional,Não identificado,oportunidade,SA Films SA Films SA Films Film Library Currently Showing,grant,nao identificado,festival_inscricao,audiovisual,,126,2026,https://www.nfvf.co.za/nfvf-call-for-submission-for-training-provider-grant-2026,https://www.nfvf.co.za/nfvf-call-for-submission-for-training-provider-grant-2026,146
"Education and Training financiamentoFind out more about national and international bursaries, bolsas e apoios for training providers and our in-house training programmes.",internacional,Não identificado,oportunidade,NFVF CALL FOR PROPOSALS: FEMALE FILMMAKER PROJECT FACILITATING COMPANY 2026,edital,nao identificado,nao identificado,audiovisual,,94,2026,https://www.nfvf.co.za/nfvf-call-for-proposals-female-filmmaker-project-facilitating-company-2026/,https://www.nfvf.co.za/latest-news,144
"Education and Training financiamentoFind out more about national and international bursaries, bolsas e apoios for training providers and our in-house training programmes.",internacional,Não identificado,oportunidade,"– – Education and Training Funding Find out more about national and international bursaries, grants for training providers and our in-house training programmes. Funding Approvals Information on Funding Approvals.",grant,nao identificado,festival_inscricao,inovacao,,122,2026,https://www.nfvf.co.za/nfvf-call-for-submission-for-training-provider-grant-2026,https://www.nfvf.co.za/nfvf-call-for-submission-for-training-provider-grant-2026,142
financiamento,outro,Não identificado,oportunidade,"Film Incentive BC New: Effective for taxation years beginning after February 18, 2020, the deadline to file a claim with CRA for the Film Incentive BC and the Production Services Tax Credit programs is reduced to 18 months.",outro,producao,producao_obra,audiovisual,,102,2020,https://www2.gov.bc.ca/gov/content/taxes/income-taxes/corporate/credits/film-tv,https://creativebc.com/motion-picture-tax-credits/production-services-tax-credit,142
Busan International Film Festival,internacional,Não identificado,oportunidade,"Asian Contents & Film Market ACFM Asia’s esteemed content market, It is a comprehensive site of content business where transactions of original IPs ranging from film and audiovisual content, to books, webtoons, web novels, story treatments, and more, are accessible.",mercado,mercado,mercado_pitch_coproducao,audiovisual,,119,,https://www.acfm.kr/eng/,https://biff.kr,139
Qumra 202627 March - 8 AprilQumra moves online,outro,Internacional,oportunidade,Doha Film Festival 2026 Film Submission Applications Now Open,festival,exibicao,festival_inscricao,audiovisual,,126,2026,https://www.dohafilminstitute.com/en/watch-discover/dff,https://www.dohafilminstitute.com/en/funding-industry/qumra,136
"festivals, activities and cinemas",outro,Não identificado,oportunidade,Deadlines page Check the Deadlines page for opening and closing dates. We recommend that applicants start the application process well before the program closes .,outro,nao identificado,nao identificado,audiovisual,,92,,https://telefilm.ca/en/we-finance-and-support/program-deadline,https://telefilm.ca/en/we-finance-and-support/how-to-apply,132
financiamento,outro,Internacional,oportunidade,FIBC Deadline Calculator,outro,nao identificado,nao identificado,audiovisual,,92,,https://creativebc.com/motion-picture-tax-credits/film-incentive-bc/fibc-deadline-calculator/,https://creativebc.com/motion-picture-tax-credits/apply-for-tax-credits-online,132
financiamento,outro,Internacional,oportunidade,FIBC | Film Incentive BC FIBC | Film Incentive BC Overview FIBC FAQ Sample FIBC Calculator FIBC Deadline Calculator FIBC Completion Fee Calculator,outro,nao identificado,nao identificado,audiovisual,,92,,https://creativebc.com/motion-picture-tax-credits/apply-for-tax-credits-online,https://creativebc.com/motion-picture-tax-credits/apply-for-tax-credits-online,132
financiamento,outro,Internacional,oportunidade,FIBC | Film Incentive BC FIBC | Film Incentive BC Overview FIBC FAQ Sample FIBC Calculator FIBC Deadline Calculator FIBC Completion Fee Calculator,outro,producao,producao_obra,audiovisual,,92,,https://creativebc.com/motion-picture-tax-credits/production-services-tax-credit,https://creativebc.com/motion-picture-tax-credits/production-services-tax-credit,132
financiamento,outro,Internacional,oportunidade,FIBC | Film Incentive BC FIBC | Film Incentive BC Overview FIBC FAQ Sample FIBC Calculator FIBC Deadline Calculator FIBC Completion Fee Calculator,outro,nao identificado,nao identificado,audiovisual,,92,,https://creativebc.com/motion-picture-tax-credits/film-incentive-bc,https://creativebc.com/motion-picture-tax-credits/film-incentive-bc,132
financiamento,outro,Internacional,oportunidade,PSTC | Production Services PSTC | Production Services Overview PSTC FAQ PSTC Pre-certification FAQ Sample PSTC Calculator PSTC Deadline Calculator,outro,producao,producao_obra,audiovisual,,92,,https://creativebc.com/motion-picture-tax-credits/film-incentive-bc,https://creativebc.com/motion-picture-tax-credits/film-incentive-bc,132
financiamento,outro,Não identificado,oportunidade,"Production Services Tax Credit New: Effective for taxation years beginning after February 18, 2020, the deadline to file a claim with CRA for the Film Incentive BC and the Production Services Tax Credit programs is reduced to 18 months.",outro,producao,producao_obra,audiovisual,,92,2020,https://www2.gov.bc.ca/gov/content/taxes/income-taxes/corporate/credits/production-services,https://creativebc.com/motion-picture-tax-credits/production-services-tax-credit,132
Reveja as Imersões,estadual,Brasil,oportunidade,ATA_COMISSÃO DE SELEÇÃO_VIDEOGRAFIAS-GHM_2020 Videografias do Meio | Chamamento para mostra de vídeos Conteúdo Atualização Formato Tamanho VIDEOGRAFIAS DO MEIO_CHAMAMENTO-PÚBLICO 20/02/2020 pdf 202 KB Baixar TERMO DE AUTORIZAÇÃO DE EXIBIÇÃO E VEICULAÇÃO DE OBRA AUDIOVISUAL 20/02/2020 docx 18 KB Baixar ATA_COMISSÃO DE SELEÇÃO_VIDEOGRAFIAS-GHM_2020 19/03/2020 pdf 86 KB Baixar VIDEOGRAFIAS DO MEIO Material Educativo- para site 05/08/2020 pdf 3 MB Baixar,mostra,exibicao,distribuicao_circulacao,audiovisual,,131,2020,https://secult.es.gov.br/media/002/ATA_COMISS%C3%83O%20DE%20SELE%C3%87%C3%83O_VIDEOGRAFIAS-GHM_2020.pdf,https://secult.es.gov.br/editaisdechamamento,131
Reveja as Imersões,estadual,Brasil,oportunidade,Baixar Videografias do Meio | Chamamento para mostra de vídeos Conteúdo Atualização Formato Tamanho VIDEOGRAFIAS DO MEIO_CHAMAMENTO-PÚBLICO 20/02/2020 pdf 202 KB Baixar TERMO DE AUTORIZAÇÃO DE EXIBIÇÃO E VEICULAÇÃO DE OBRA AUDIOVISUAL 20/02/2020 docx 18 KB Baixar ATA_COMISSÃO DE SELEÇÃO_VIDEOGRAFIAS-GHM_2020 19/03/2020 pdf 86 KB Baixar VIDEOGRAFIAS DO MEIO Material Educativo- para site 05/08/2020 pdf 3 MB Baixar,mostra,exibicao,distribuicao_circulacao,audiovisual,,131,2020,https://secult.es.gov.br/media/005/VIDEOGRAFIAS%20DO%20MEIO_CHAMAMENTO-P%C3%9ABLICO.pdf,https://secult.es.gov.br/editaisdechamamento,131
Reveja as Imersões,estadual,Brasil,oportunidade,Baixar Videografias do Meio | Chamamento para mostra de vídeos Conteúdo Atualização Formato Tamanho VIDEOGRAFIAS DO MEIO_CHAMAMENTO-PÚBLICO 20/02/2020 pdf 202 KB Baixar TERMO DE AUTORIZAÇÃO DE EXIBIÇÃO E VEICULAÇÃO DE OBRA AUDIOVISUAL 20/02/2020 docx 18 KB Baixar ATA_COMISSÃO DE SELEÇÃO_VIDEOGRAFIAS-GHM_2020 19/03/2020 pdf 86 KB Baixar VIDEOGRAFIAS DO MEIO Material Educativo- para site 05/08/2020 pdf 3 MB Baixar,mostra,exibicao,distribuicao_circulacao,audiovisual,,131,2020,https://secult.es.gov.br/media/005/TERMO%20DE%20AUTORIZA%C3%87%C3%83O%20DE%20EXIBI%C3%87%C3%83O%20E%20VEICULA%C3%87%C3%83O%20DE%20OBRA%20AUDIOVISUAL.docx,https://secult.es.gov.br/editaisdechamamento,131
Reveja as Imersões,estadual,Brasil,oportunidade,Baixar Videografias do Meio | Chamamento para mostra de vídeos Conteúdo Atualização Formato Tamanho VIDEOGRAFIAS DO MEIO_CHAMAMENTO-PÚBLICO 20/02/2020 pdf 202 KB Baixar TERMO DE AUTORIZAÇÃO DE EXIBIÇÃO E VEICULAÇÃO DE OBRA AUDIOVISUAL 20/02/2020 docx 18 KB Baixar ATA_COMISSÃO DE SELEÇÃO_VIDEOGRAFIAS-GHM_2020 19/03/2020 pdf 86 KB Baixar VIDEOGRAFIAS DO MEIO Material Educativo- para site 05/08/2020 pdf 3 MB Baixar,mostra,exibicao,distribuicao_circulacao,audiovisual,,131,2020,https://secult.es.gov.br/media/002/ATA_COMISS%C3%83O%20DE%20SELE%C3%87%C3%83O_VIDEOGRAFIAS-GHM_2020.pdf,https://secult.es.gov.br/editaisdechamamento,131
Reveja as Imersões,estadual,Brasil,oportunidade,Baixar Videografias do Meio | Chamamento para mostra de vídeos Conteúdo Atualização Formato Tamanho VIDEOGRAFIAS DO MEIO_CHAMAMENTO-PÚBLICO 20/02/2020 pdf 202 KB Baixar TERMO DE AUTORIZAÇÃO DE EXIBIÇÃO E VEICULAÇÃO DE OBRA AUDIOVISUAL 20/02/2020 docx 18 KB Baixar ATA_COMISSÃO DE SELEÇÃO_VIDEOGRAFIAS-GHM_2020 19/03/2020 pdf 86 KB Baixar VIDEOGRAFIAS DO MEIO Material Educativo- para site 05/08/2020 pdf 3 MB Baixar,mostra,exibicao,distribuicao_circulacao,audiovisual,,131,2020,https://secult.es.gov.br/media/002/VIDEOGRAFIAS%20DO%20MEIO%20Material%20Educativo-%20para%20site.pdf,https://secult.es.gov.br/editaisdechamamento,131
Reveja as Imersões,estadual,Brasil,oportunidade,TERMO DE AUTORIZAÇÃO DE EXIBIÇÃO E VEICULAÇÃO DE OBRA AUDIOVISUAL Videografias do Meio | Chamamento para mostra de vídeos Conteúdo Atualização Formato Tamanho VIDEOGRAFIAS DO MEIO_CHAMAMENTO-PÚBLICO 20/02/2020 pdf 202 KB Baixar TERMO DE AUTORIZAÇÃO DE EXIBIÇÃO E VEICULAÇÃO DE OBRA AUDIOVISUAL 20/02/2020 docx 18 KB Baixar ATA_COMISSÃO DE SELEÇÃO_VIDEOGRAFIAS-GHM_2020 19/03/2020 pdf 86 KB Baixar VIDEOGRAFIAS DO MEIO Material Educativo- para site 05/08/2020 pdf 3 MB Baixar,mostra,exibicao,distribuicao_circulacao,audiovisual,,131,2020,https://secult.es.gov.br/media/005/TERMO%20DE%20AUTORIZA%C3%87%C3%83O%20DE%20EXIBI%C3%87%C3%83O%20E%20VEICULA%C3%87%C3%83O%20DE%20OBRA%20AUDIOVISUAL.docx,https://secult.es.gov.br/editaisdechamamento,131
Reveja as Imersões,estadual,Brasil,oportunidade,VIDEOGRAFIAS DO MEIO Material Educativo- para site Videografias do Meio | Chamamento para mostra de vídeos Conteúdo Atualização Formato Tamanho VIDEOGRAFIAS DO MEIO_CHAMAMENTO-PÚBLICO 20/02/2020 pdf 202 KB Baixar TERMO DE AUTORIZAÇÃO DE EXIBIÇÃO E VEICULAÇÃO DE OBRA AUDIOVISUAL 20/02/2020 docx 18 KB Baixar ATA_COMISSÃO DE SELEÇÃO_VIDEOGRAFIAS-GHM_2020 19/03/2020 pdf 86 KB Baixar VIDEOGRAFIAS DO MEIO Material Educativo- para site 05/08/2020 pdf 3 MB Baixar,mostra,exibicao,distribuicao_circulacao,audiovisual,,131,2020,https://secult.es.gov.br/media/002/VIDEOGRAFIAS%20DO%20MEIO%20Material%20Educativo-%20para%20site.pdf,https://secult.es.gov.br/editaisdechamamento,131
Reveja as Imersões,estadual,Brasil,oportunidade,VIDEOGRAFIAS DO MEIO_CHAMAMENTO-PÚBLICO Videografias do Meio | Chamamento para mostra de vídeos Conteúdo Atualização Formato Tamanho VIDEOGRAFIAS DO MEIO_CHAMAMENTO-PÚBLICO 20/02/2020 pdf 202 KB Baixar TERMO DE AUTORIZAÇÃO DE EXIBIÇÃO E VEICULAÇÃO DE OBRA AUDIOVISUAL 20/02/2020 docx 18 KB Baixar ATA_COMISSÃO DE SELEÇÃO_VIDEOGRAFIAS-GHM_2020 19/03/2020 pdf 86 KB Baixar VIDEOGRAFIAS DO MEIO Material Educativo- para site 05/08/2020 pdf 3 MB Baixar,mostra,exibicao,distribuicao_circulacao,audiovisual,,131,2020,https://secult.es.gov.br/media/005/VIDEOGRAFIAS%20DO%20MEIO_CHAMAMENTO-P%C3%9ABLICO.pdf,https://secult.es.gov.br/editaisdechamamento,131
"Education and Training financiamentoFind out more about national and international bursaries, bolsas e apoios for training providers and our in-house training programmes.",internacional,Não identificado,oportunidade,The National Film and Video Foundation (NFVF) releases funding approvals for August 2022,outro,nao identificado,nao identificado,audiovisual,,119,2022,https://www.nfvf.co.za/wp-content/uploads/2022/08/The-National-Film-and-Video-Foundation-NFVF-releases-funding-approvals-for-August-2022-1-2.pdf,https://www.nfvf.co.za/funding-cycles-2019-20,129
"Education and Training financiamentoFind out more about national and international bursaries, bolsas e apoios for training providers and our in-house training programmes.",internacional,Não identificado,oportunidade,The National Film and Video Foundation (NFVF) releases funding approvals for August 2022,outro,nao identificado,nao identificado,audiovisual,,119,2022,https://www.nfvf.co.za/wp-content/uploads/2022/08/The-National-Film-and-Video-Foundation-NFVF-releases-funding-approvals-for-August-2022-1-1.pdf,https://www.nfvf.co.za/funding-cycles-2019-20,129
"Education and Training financiamentoFind out more about national and international bursaries, bolsas e apoios for training providers and our in-house training programmes.",internacional,Não identificado,oportunidade,The National Film and Video Foundation (NFVF) releases funding approvals for May 2022,outro,nao identificado,nao identificado,audiovisual,,119,2022,https://www.nfvf.co.za/wp-content/uploads/2022/06/Approved-Projects-May-2022-003_8-June.pdf,https://www.nfvf.co.za/funding-cycles-2019-20,129
NFVF,outro,Não identificado,oportunidade,Funding Overview and Criteria The NFVF provides funding for film and video-related productions.,outro,producao,producao_obra,audiovisual,,119,,https://www.nfvf.co.za/funding-overview-criteria/,https://nfvf.co.za,129
festivals and mercados Build audiences for your projects,outro,Não identificado,oportunidade,"View Festival Details Documentary France Cinema Du Reel about Cinema Du Reel Festival Dates: 22/03/2025 – 30/03/2025 Festival Description: Established in 1979, this festival features documentaries chosen for their ethnographic and sociological content. View Festival Details",festival,exibicao,desenvolvimento_roteiro,audiovisual,,119,2025,https://www.screenaustralia.gov.au/festivals-and-market/cinema-du-reel/,https://www.screenaustralia.gov.au/festivals-and-markets/?paged=2,129
financiamento,outro,Não identificado,oportunidade,"Telefilm Canada Telefilm Canada : Supports the cultural, commercial, and industrial success of Canada’s audiovisual industry through funding, promotion, and talent development programs.",mercado,desenvolvimento,mercado_pitch_coproducao,audiovisual,,109,,https://telefilm.ca/,https://creativebc.com/sector/motion-picture,129
festivals and mercados Build audiences for your projects,outro,Não identificado,oportunidade,"here Applications close at 5.00pm AEST on Thursday 21 May 2026 . More information regarding eligibility criteria and how to apply can be found here . Applications open for 2026 AISF and Screen Australia Writer/Director Virtual Sessions 21 April 2026 Applications are open for Australian writers and directors to participate in the 2026 Australian International Screen Forum (AISF) and Screen Australia Virtual Sessions. Held from July-September 2026, up to eight delegates will be selected to participate in an online (v",edital,mercado,mercado_pitch_coproducao,audiovisual,,108,2026,https://www.screenaustralia.gov.au/fund/aisf-and-screen-australia-writer-director-virtual-sessions/,https://www.screenaustralia.gov.au/applications-open-for-2026-aisf-and-screen-australia-writer-director-virtual-sessions,128
"Education and Training financiamentoFind out more about national and international bursaries, bolsas e apoios for training providers and our in-house training programmes.",internacional,Não identificado,oportunidade,2 March 2026 Sediba Scriptwriting Training Programme – Matatiele (Eastern Cape) Click here for isiXhosa version. The National Film and Video Foundation (NFVF) invites aspiring and emerging filmmakers from Matatiele and surrounding areas to apply for the Sediba Scriptwriting Train,formacao,nao identificado,desenvolvimento_roteiro,audiovisual,,117,2026,https://www.nfvf.co.za/sediba-scriptwriting-training-programme-matatiele-eastern-cape/,https://www.nfvf.co.za/latest-news,127
"Education and Training financiamentoFind out more about national and international bursaries, bolsas e apoios for training providers and our in-house training programmes.",internacional,Não identificado,oportunidade,– – Industry Organisations Links to South African film industry organisations. Locations Discover filming locations across the country.,grant,producao,producao_obra,audiovisual,,106,2026,https://www.nfvf.co.za/nfvf-call-for-submission-for-training-provider-grant-2026,https://www.nfvf.co.za/nfvf-call-for-submission-for-training-provider-grant-2026,126
bolsas e apoios & Awards,outro,Internacional,oportunidade,OPEN More Information • Applications OPEN,edital,nao identificado,festival_inscricao,audiovisual,,106,2026,https://filmindependent1.submittable.com/submit/d1001c87-4a31-4657-b31a-9773814de353/film-independent-fast-track-2026,https://www.filmindependent.org/programs/applications,126
bolsas e apoios & Awards,outro,Internacional,oportunidade,OPEN More Information • Applications OPEN,edital,nao identificado,festival_inscricao,audiovisual,,106,,https://filmindependent1.submittable.com/submit/38e2fd21-659e-49b5-8e84-50a664cba656/fiscal-sponsorship-application,https://www.filmindependent.org/programs/applications,126
bolsas e apoios & Awards,outro,Internacional,oportunidade,OPEN More Information • Applications OPEN,edital,nao identificado,festival_inscricao,audiovisual,,106,2027,https://filmindependent1.submittable.com/submit/a96d14af-68fb-4e37-aa2b-2f3ce87882ad/film-independent-project-involve-2027,https://www.filmindependent.org/programs/applications,126
"Education and Training financiamentoFind out more about national and international bursaries, bolsas e apoios for training providers and our in-house training programmes.",internacional,Não identificado,oportunidade,"– – Education and Training Funding Find out more about national and international bursaries, grants for training providers and our in-house training programmes. Funding Approvals Information on Funding Approvals.",grant,exibicao,festival_inscricao,inovacao,,104,,https://www.nfvf.co.za/national-festivals-and-markets,https://www.nfvf.co.za/national-festivals-and-markets,124
"Education and Training financiamentoFind out more about national and international bursaries, bolsas e apoios for training providers and our in-house training programmes.",internacional,Não identificado,oportunidade,"– – Education and Training Funding Find out more about national and international bursaries, grants for training providers and our in-house training programmes. Funding Approvals Information on Funding Approvals.",grant,exibicao,festival_inscricao,inovacao,,104,,https://www.nfvf.co.za/international-festivals-and-markets,https://www.nfvf.co.za/international-festivals-and-markets,124
Indigenous Funding,outro,Não identificado,oportunidade,Coproduction recommendation submission,edital,producao,festival_inscricao,audiovisual,,104,,https://telefilm.ca/en/we-finance-and-support/coproductions/submit-a-coproduction-recommendation-application,https://telefilm.ca/en/we-finance-and-support/indigenous-funding,124
bolsas e apoios & Awards,outro,Internacional,oportunidade,More Information More Information • Applications OPEN,edital,desenvolvimento,nao identificado,audiovisual,,104,,https://www.filmindependent.org/programs/artist-development/fast-track/,https://www.filmindependent.org/programs/applications,124
Realness African Screenwriters residencia,outro,Não identificado,oportunidade,AuthenticA Series Lab,lab,nao identificado,formacao_mentoria,audiovisual,,102,,https://www.realness.institute/authentica-series-lab,https://www.realness.institute/realness-residency,122
festivals and mercados Build audiences for your projects,outro,Não identificado,oportunidade,"Australian share of the Australian box office Gross box office and admissions Distributors’ market share Australian share of the Australian box office State shares Cinema Industry Trends Key statistics on the cinema industry in Australia Home Insights and Trends Overview Cinema Industry Trends Data and information Yearly overview 2023 Snapshot – Screen Australia Screens and theatres Total screens, theatres and seating capacity Seats, screens and theatres state by state Capacity by exhibitor By state and exhibitors",mercado,mercado,mercado_pitch_coproducao,audiovisual,,102,2023,https://www.screenaustralia.gov.au/local-box-office-of-australian-films-2012-2024/,https://www.screenaustralia.gov.au/insights-and-trends/cinema-industry-trends,122
bolsas e apoios & Awards,outro,Internacional,oportunidade,More Information More Information • Applications currently closed,lab,desenvolvimento,formacao_mentoria,audiovisual,,101,,https://www.filmindependent.org/programs/artist-development/documentary-lab/,https://www.filmindependent.org/programs/applications,121
bolsas e apoios & Awards,outro,Internacional,oportunidade,More Information More Information • Applications currently closed,lab,desenvolvimento,desenvolvimento_roteiro,audiovisual,,101,,https://www.filmindependent.org/programs/artist-development/screenwriting-lab/,https://www.filmindependent.org/programs/applications,121
"Education and Training financiamentoFind out more about national and international bursaries, bolsas e apoios for training providers and our in-house training programmes.",internacional,Não identificado,oportunidade,Gallery Gallery Videos,festival,exibicao,festival_inscricao,audiovisual,,109,,https://www.nfvf.co.za/national-festivals-and-markets,https://www.nfvf.co.za/national-festivals-and-markets,119
"Education and Training financiamentoFind out more about national and international bursaries, bolsas e apoios for training providers and our in-house training programmes.",internacional,Não identificado,oportunidade,Gallery Gallery Videos,festival,exibicao,festival_inscricao,audiovisual,,109,,https://www.nfvf.co.za/international-festivals-and-markets,https://www.nfvf.co.za/international-festivals-and-markets,119
financiamento,outro,Internacional,oportunidade,Interactive Digital Media Interactive Digital Media Interactive Fund Video Games Business Development Video Games Early Stage Growth,outro,desenvolvimento,nao identificado,audiovisual,,109,,https://creativebc.com/funding-programs/interactive-digital-media-programs/,https://creativebc.com/funding-programs/all-creative-industries,119
financiamento,outro,Internacional,oportunidade,Video Games Early Stage Growth,outro,nao identificado,nao identificado,audiovisual,,109,,https://creativebc.com/funding-program/interactive-digital-media/video-games-early-stage-growth/,https://creativebc.com/funding-programs/all-creative-industries,119
Screen Australia,outro,Não identificado,oportunidade,"View All News News Stay up-to-date with the latest screen industry news, funding announcements and opportunities from Screen Australia. View All News Your browser doesn’t support HTML5 video. Here is a link to the video instead. Pause Unmute Welcome to Screen Australia We’re here to elevate Australian stories and empower creators with funding, support, insights and global opportunities. Funding Finder Discover the right funding opportunity using the filters below Category – Select a category All categories Document",grant,mercado,nao identificado,audiovisual,,98,,https://screenaustralia.gov.au/news/,https://screenaustralia.gov.au,118
financiamento and Support,outro,Não identificado,oportunidade,"View All News News Stay up-to-date with the latest screen industry news, funding announcements and opportunities from Screen Australia. View All News Your browser doesn’t support HTML5 video. Here is a link to the video instead. Pause Unmute Welcome to Screen Australia We’re here to elevate Australian stories and empower creators with funding, support, insights and global opportunities. Funding Finder Discover the right funding opportunity using the filters below Category – Select a category All categories Document",grant,mercado,nao identificado,audiovisual,,98,,https://www.screenaustralia.gov.au/news/,https://www.screenaustralia.gov.au#fund,118
"Education and Training financiamentoFind out more about national and international bursaries, bolsas e apoios for training providers and our in-house training programmes.",internacional,Não identificado,oportunidade,Gallery Gallery Videos,mercado,distribuicao,distribuicao_circulacao,audiovisual,,97,,https://www.nfvf.co.za/marketing-and-distribution,https://www.nfvf.co.za/marketing-and-distribution,117
bolsas e apoios,outro,Não identificado,oportunidade,"Guidance on GenAI in assessing grant applications Assessment and peer review For individuals interested in becoming assessors or taking part in the peer review process, the following information and resources are available. Assessor Self-Nomination Getting Started as an Assessor Application Review Process Guidance on GenAI in as",grant,nao identificado,formacao_mentoria,cultura,,97,,https://canadacouncil.ca/funding/resources/guidance-on-genai-in-assessing-grant-applications,https://canadacouncil.ca/funding/grants/guide/apply-to-programs,117
"festivals, activities and cinemas",internacional,Não identificado,oportunidade,"Read more Busan, South Korea October 6 to 15, 2026 31st Busan International Film Festival Deadline : June 16, 2026 Read more",festival,exibicao,festival_inscricao,audiovisual,,77,2026,https://telefilm.ca/en/appel-inscription/31st-busan-international-film-festival,https://telefilm.ca/en,117
"festivals, activities and cinemas",internacional,Não identificado,oportunidade,"Read more East Hampton, United States October 2 to 12, 2026 Hamptons International Film Festival 2026 Deadline : May 14, 2026 Read more",festival,exibicao,festival_inscricao,audiovisual,,77,2026,https://telefilm.ca/en/appel-inscription/hamptons-international-film-festival-2026,https://telefilm.ca/en,117
"festivals, activities and cinemas",outro,Não identificado,oportunidade,"Read more Salerno, Italy July 17 to 25, 2026 Giffoni Film Festival 2026 Deadline : May 11, 2026 Read more",festival,exibicao,festival_inscricao,audiovisual,,77,2026,https://telefilm.ca/en/appel-inscription/giffoni-film-festival-5,https://telefilm.ca/en,117
"festivals, activities and cinemas",internacional,Não identificado,oportunidade,audiovisual coproduction treaty Any Canadian-controlled production company that has signed a coproduction agreement with a foreign producer from a country that has signed an audiovisual coproduction treaty with Canada.,mercado,producao,producao_obra,audiovisual,,95,,https://telefilm.ca/en/we-finance-and-support/coproductions/international-treaties-and-memorandums-of-understanding/,https://telefilm.ca/en/we-finance-and-support/coproductions/submit-a-coproduction-recommendation-application,115
Reveja as Imersões,estadual,Brasil,oportunidade,"Extrato prorrogação prazo Editais 020/2018 - Projetos Culturais Setoriais de Artes Visuais Projetos culturais que estimulem toda a cadeia produtiva das artes visuais, nas modalidades de: criações digitais, desenho, design, escultura, fotografia, grafite, gravura, objetos, pintura, poesia virtual, videoarte, colagem, instalação, performance, body art, projetos de arte integrada, entre outras manifestações híbridas, desenvolvidas de forma individual ou",outro,nao identificado,nao identificado,audiovisual,,85,2018,https://secult.es.gov.br/media/2018/Extrato%20prorroga%C3%A7%C3%A3o%20prazo%20Editais%20para%20site.pdf,https://secult.es.gov.br/editais-2018,115
bolsas e apoios & Awards,outro,Internacional,oportunidade,More Information More Information • Applications currently closed,outro,nao identificado,nao identificado,audiovisual,,104,,https://www.filmindependent.org/programs/works-in-progress-series/,https://www.filmindependent.org/programs/applications,114
bolsas e apoios & Awards,outro,Internacional,oportunidade,More Information More Information • Applications OPEN,edital,nao identificado,nao identificado,audiovisual,,94,,https://www.filmindependent.org/programs/fiscal-sponsorship/,https://www.filmindependent.org/programs/applications,114
bolsas e apoios & Awards,outro,Internacional,oportunidade,More Information More Information • Applications OPEN,edital,nao identificado,nao identificado,audiovisual,,94,,https://www.filmindependent.org/programs/project-involve/,https://www.filmindependent.org/programs/applications,114
Screen Australia,outro,Não identificado,oportunidade,"Article News Transforming bold ideas into market-ready productions: Digital Originals returns SBS, NITV and Screen Australia have announced the return of Digital Originals, a leading initiative for emerging creatives in Australia,… Read More Your browser doesn’t support HTML5 video. Here is a link to the video instead. Pause Unmute Welcome to Screen Australia We’re here to elevate Australian stories and empower creators with funding, support, insights and global opportunities. Funding Finder Discover the right fund",mercado,producao,producao_obra,audiovisual,,93,,https://www.screenaustralia.gov.au/transforming-bold-ideas-into-market-ready-productions-digital-originals-returns/,https://screenaustralia.gov.au,113
Screen Australia,outro,Não identificado,oportunidade,"Read More Article News Transforming bold ideas into market-ready productions: Digital Originals returns SBS, NITV and Screen Australia have announced the return of Digital Originals, a leading initiative for emerging creatives in Australia,… Read More Your browser doesn’t support HTML5 video. Here is a link to the video instead. Pause Unmute Welcome to Screen Australia We’re here to elevate Australian stories and empower creators with funding, support, insights and global opportunities. Funding Finder Discover the",mercado,producao,producao_obra,audiovisual,,93,,https://www.screenaustralia.gov.au/transforming-bold-ideas-into-market-ready-productions-digital-originals-returns/,https://screenaustralia.gov.au,113
"Education and Training financiamentoFind out more about national and international bursaries, bolsas e apoios for training providers and our in-house training programmes.",internacional,Não identificado,oportunidade,"– – Education and Training Funding Find out more about national and international bursaries, grants for training providers and our in-house training programmes. Funding Approvals Information on Funding Approvals.",grant,exibicao,festival_inscricao,inovacao,,92,,https://www.nfvf.co.za/festival-hosting,https://www.nfvf.co.za/festival-hosting,112
"Education and Training financiamentoFind out more about national and international bursaries, bolsas e apoios for training providers and our in-house training programmes.",internacional,Não identificado,oportunidade,"– – Education and Training Funding Find out more about national and international bursaries, grants for training providers and our in-house training programmes. Funding Approvals Information on Funding Approvals.",grant,distribuicao,distribuicao_circulacao,inovacao,,92,,https://www.nfvf.co.za/marketing-and-distribution,https://www.nfvf.co.za/marketing-and-distribution,112
festival AttendanceThe NFVF provides financiamento to filmmakers to attend screenings of their work.,outro,Não identificado,oportunidade,"– – Education and Training Funding Find out more about national and international bursaries, grants for training providers and our in-house training programmes. Funding Approvals Information on Funding Approvals.",grant,exibicao,festival_inscricao,inovacao,,92,,https://www.nfvf.co.za/festival-attendance,https://www.nfvf.co.za/festival-attendance,112
financiamento,outro,Não identificado,oportunidade,Cinematheque Cinelab,lab,nao identificado,formacao_mentoria,audiovisual,,92,,https://thecinematheque.ca/learn/cinelab,https://creativebc.com/sector/motion-picture,112
"Education and Training financiamentoFind out more about national and international bursaries, bolsas e apoios for training providers and our in-house training programmes.",internacional,Não identificado,oportunidade,Gallery Gallery Videos,formacao,nao identificado,formacao_mentoria,audiovisual,,101,,https://www.nfvf.co.za/education-and-training-funding,https://www.nfvf.co.za/education-and-training-funding,111
bolsas e apoios & Awards,outro,Internacional,oportunidade,More Information More Information • Applications currently closed,lab,desenvolvimento,formacao_mentoria,audiovisual,,91,,https://www.filmindependent.org/programs/artist-development/episodic-lab/,https://www.filmindependent.org/programs/applications,111
"festivals, activities and cinemas",outro,Não identificado,oportunidade,See deadlines,outro,nao identificado,nao identificado,audiovisual,,70,,https://telefilm.ca/en/we-finance-and-support/program-deadline,https://telefilm.ca/en/we-finance-and-support,110
Reveja as Imersões,estadual,Brasil,oportunidade,"Anexo I - Ficha de Inscrição 020/2018 - Projetos Culturais Setoriais de Artes Visuais Projetos culturais que estimulem toda a cadeia produtiva das artes visuais, nas modalidades de: criações digitais, desenho, design, escultura, fotografia, grafite, gravura, objetos, pintura, poesia virtual, videoarte, colagem, instalação, performance, body art, projetos de arte integrada, entre outras manifestações híbridas, desenvolvidas de forma individual ou",outro,festival_inscricao,nao identificado,audiovisual,,109,2018,https://secult.es.gov.br/media/2018/EDITAIS%202018/020/Anexo%20I%20-%20Ficha%20de%20Inscri%C3%A7%C3%A3o.pdf,https://secult.es.gov.br/editais-2018,109
financiamento,outro,Internacional,oportunidade,Video Games Business Development,outro,desenvolvimento,nao identificado,audiovisual,,99,,https://creativebc.com/funding-program/interactive-digital-media/video-games-business-development/,https://creativebc.com/funding-programs/all-creative-industries,109
festivals and mercados Build audiences for your projects,outro,Não identificado,oportunidade,View Festival Details All genre Australia Adelaide Film Festival about Adelaide Film Festival Festival Dates: 15/10/2025 – 26/10/2025 Festival Description: The Adelaide Film Festival (AFF) is an 12 day celebration of the moving image in all its manifestations. View Festival Details,festival,exibicao,festival_inscricao,audiovisual,,94,2025,https://www.screenaustralia.gov.au/festivals-and-market/adelaide-film-festival/,https://www.screenaustralia.gov.au/festivals-and-markets,104
"Education and Training financiamentoFind out more about national and international bursaries, bolsas e apoios for training providers and our in-house training programmes.",internacional,Não identificado,oportunidade,"– – Education and Training Funding Find out more about national and international bursaries, grants for training providers and our in-house training programmes. Funding Approvals Information on Funding Approvals.",grant,nao identificado,formacao_mentoria,inovacao,,82,,https://www.nfvf.co.za/incentives,https://www.nfvf.co.za/incentives,102
"Education and Training financiamentoFind out more about national and international bursaries, bolsas e apoios for training providers and our in-house training programmes.",internacional,Não identificado,oportunidade,"– – Education and Training Funding Find out more about national and international bursaries, grants for training providers and our in-house training programmes. Funding Approvals Information on Funding Approvals.",grant,producao,producao_obra,inovacao,,80,,https://www.nfvf.co.za/co-productions,https://www.nfvf.co.za/co-productions,100
Indigenous Funding,outro,Não identificado,oportunidade,Coproductions Coproductions Coproduction recommendation submission Statistics on coproduction International treaties,mercado,producao,producao_obra,audiovisual,,80,,https://telefilm.ca/en/we-finance-and-support/coproductions,https://telefilm.ca/en/we-finance-and-support/indigenous-funding,100
"Education and Training financiamentoFind out more about national and international bursaries, bolsas e apoios for training providers and our in-house training programmes.",internacional,Não identificado,oportunidade,Gallery Gallery Videos,outro,nao identificado,nao identificado,audiovisual,,89,,https://www.nfvf.co.za/faqs-about-nfvf-funding,https://www.nfvf.co.za/faqs-about-nfvf-funding,99
"Education and Training financiamentoFind out more about national and international bursaries, bolsas e apoios for training providers and our in-house training programmes.",internacional,Não identificado,oportunidade,Gallery Gallery Videos,outro,nao identificado,nao identificado,audiovisual,,89,2019,https://www.nfvf.co.za/funding-cycles-2019-20,https://www.nfvf.co.za/funding-cycles-2019-20,99
"Education and Training financiamentoFind out more about national and international bursaries, bolsas e apoios for training providers and our in-house training programmes.",internacional,Não identificado,oportunidade,Gallery Gallery Videos,outro,producao,producao_obra,audiovisual,,89,,https://www.nfvf.co.za/production-funding,https://www.nfvf.co.za/production-funding,99
"Education and Training financiamentoFind out more about national and international bursaries, bolsas e apoios for training providers and our in-house training programmes.",internacional,Não identificado,oportunidade,Gallery Gallery Videos,outro,desenvolvimento,nao identificado,audiovisual,,89,,https://www.nfvf.co.za/development-funding,https://www.nfvf.co.za/development-funding,99
SPCine,federal,Brasil,oportunidade,"Lei 13.303/2016 SOBRE A SPCINE A Spcine é a empresa pública de fomento ao cinema e audiovisual da Prefeitura de São Paulo, vinculada à Secretaria Municipal de Cultura e Economia Criativa. Atua como um escritório de desenvolvimento, financiamento e implementação de programas e políticas para os setores de cinema, TV, games e novas mídias. Seu objetivo é reconhecer e estimular o potencial econômico e criativo do audiovisual paulista e",outro,desenvolvimento,desenvolvimento_roteiro,audiovisual,,97,2016,http://www.planalto.gov.br/ccivil_03/_ato2015-2018/2016/lei/l13303.htm,https://spcine.com.br,97
SPCine,municipal,Brasil,oportunidade,"Lei 15.929/2013 SOBRE A SPCINE A Spcine é a empresa pública de fomento ao cinema e audiovisual da Prefeitura de São Paulo, vinculada à Secretaria Municipal de Cultura e Economia Criativa. Atua como um escritório de desenvolvimento, financiamento e implementação de programas e políticas para os setores de cinema, TV, games e novas mídias. Seu objetivo é reconhecer e estimular o potencial econômico e criativo do audiovisual paulista e",outro,desenvolvimento,desenvolvimento_roteiro,audiovisual,,97,2013,http://legislacao.prefeitura.sp.gov.br/leis/lei-15929-de-20-de-dezembro-de-2013,https://spcine.com.br,97
bolsas e apoios,outro,Não identificado,oportunidade,"Application Review Process Assessment and peer review For individuals interested in becoming assessors or taking part in the peer review process, the following information and resources are available. Assessor Self-Nomination Getting Started as an Assessor Application Review Process Guidance on GenAI in as",lab,nao identificado,formacao_mentoria,cultura,,73,,https://canadacouncil.ca/funding/resources/application-review-process,https://canadacouncil.ca/funding/grants/guide/apply-to-programs,93
bolsas e apoios,outro,Não identificado,oportunidade,"Assessor Self-Nomination Assessment and peer review For individuals interested in becoming assessors or taking part in the peer review process, the following information and resources are available. Assessor Self-Nomination Getting Started as an Assessor Application Review Process Guidance on GenAI in as",lab,nao identificado,formacao_mentoria,cultura,,73,,https://canadacouncil.ca/funding/resources/assessor-self-nomination,https://canadacouncil.ca/funding/grants/guide/apply-to-programs,93
bolsas e apoios,outro,Não identificado,oportunidade,"Getting Started as an Assessor Assessment and peer review For individuals interested in becoming assessors or taking part in the peer review process, the following information and resources are available. Assessor Self-Nomination Getting Started as an Assessor Application Review Process Guidance on GenAI in as",lab,nao identificado,formacao_mentoria,cultura,,73,,https://canadacouncil.ca/funding/resources/getting-started-as-an-assessor,https://canadacouncil.ca/funding/grants/guide/apply-to-programs,93
"Education and Training financiamentoFind out more about national and international bursaries, bolsas e apoios for training providers and our in-house training programmes.",internacional,Não identificado,oportunidade,"– – Education and Training Funding Find out more about national and international bursaries, grants for training providers and our in-house training programmes. Funding Approvals Information on Funding Approvals.",grant,nao identificado,formacao_mentoria,inovacao,,70,,https://www.nfvf.co.za/faqs-about-nfvf-funding,https://www.nfvf.co.za/faqs-about-nfvf-funding,90
"Education and Training financiamentoFind out more about national and international bursaries, bolsas e apoios for training providers and our in-house training programmes.",internacional,Não identificado,oportunidade,"– – Education and Training Funding Find out more about national and international bursaries, grants for training providers and our in-house training programmes. Funding Approvals Information on Funding Approvals.",grant,mercado,formacao_mentoria,inovacao,,70,,https://www.nfvf.co.za/industry-organisations,https://www.nfvf.co.za/industry-organisations,90
"Education and Training financiamentoFind out more about national and international bursaries, bolsas e apoios for training providers and our in-house training programmes.",internacional,Não identificado,oportunidade,"– – Education and Training Funding Find out more about national and international bursaries, grants for training providers and our in-house training programmes. Funding Approvals Information on Funding Approvals.",grant,nao identificado,formacao_mentoria,inovacao,,70,2019,https://www.nfvf.co.za/funding-cycles-2019-20,https://www.nfvf.co.za/funding-cycles-2019-20,90
"Education and Training financiamentoFind out more about national and international bursaries, bolsas e apoios for training providers and our in-house training programmes.",internacional,Não identificado,oportunidade,"– – Education and Training Funding Find out more about national and international bursaries, grants for training providers and our in-house training programmes. Funding Approvals Information on Funding Approvals.",grant,nao identificado,formacao_mentoria,inovacao,,70,,https://www.nfvf.co.za/education-and-training-funding,https://www.nfvf.co.za/education-and-training-funding,90
"Education and Training financiamentoFind out more about national and international bursaries, bolsas e apoios for training providers and our in-house training programmes.",internacional,Não identificado,oportunidade,"– – Education and Training Funding Find out more about national and international bursaries, grants for training providers and our in-house training programmes. Funding Approvals Information on Funding Approvals.",grant,nao identificado,formacao_mentoria,inovacao,,70,,https://www.nfvf.co.za,https://www.nfvf.co.za,90
"Education and Training financiamentoFind out more about national and international bursaries, bolsas e apoios for training providers and our in-house training programmes.",internacional,Não identificado,oportunidade,"– – Education and Training Funding Find out more about national and international bursaries, grants for training providers and our in-house training programmes. Funding Approvals Information on Funding Approvals.",grant,producao,producao_obra,inovacao,,70,,https://www.nfvf.co.za/production-funding,https://www.nfvf.co.za/production-funding,90
"Education and Training financiamentoFind out more about national and international bursaries, bolsas e apoios for training providers and our in-house training programmes.",internacional,Não identificado,oportunidade,"– – Education and Training Funding Find out more about national and international bursaries, grants for training providers and our in-house training programmes. Funding Approvals Information on Funding Approvals.",grant,desenvolvimento,formacao_mentoria,inovacao,,70,,https://www.nfvf.co.za/development-funding,https://www.nfvf.co.za/development-funding,90
NFVF,outro,Não identificado,oportunidade,"– – Education and Training Funding Find out more about national and international bursaries, grants for training providers and our in-house training programmes. Funding Approvals Information on Funding Approvals.",grant,nao identificado,formacao_mentoria,inovacao,,70,,https://nfvf.co.za,https://nfvf.co.za,90
bolsas e apoios,outro,Não identificado,oportunidade,"Guidance on using AI in grant applications Application tools This section offers practical tools, templates and educational resources to support the preparation of strong and complete applications. Webinars and information sessions Preparing an arts and cultural CV (or resume) Glossary Understanding the Application Review",grant,nao identificado,nao identificado,cultura,,70,,https://canadacouncil.ca/funding/resources/guidance-on-ai-in-grant-applications,https://canadacouncil.ca/funding/grants/guide/apply-to-programs,90
bolsas e apoios,outro,Não identificado,oportunidade,"Income Taxes and Your Grant Application tools This section offers practical tools, templates and educational resources to support the preparation of strong and complete applications. Webinars and information sessions Preparing an arts and cultural CV (or resume) Glossary Understanding the Application Review",grant,nao identificado,nao identificado,cultura,,70,,https://canadacouncil.ca/funding/resources/income-taxes-and-your-grant,https://canadacouncil.ca/funding/grants/guide/apply-to-programs,90
bolsas e apoios,outro,Não identificado,oportunidade,"What the granting programs fund Application tools This section offers practical tools, templates and educational resources to support the preparation of strong and complete applications. Webinars and information sessions Preparing an arts and cultural CV (or resume) Glossary Understanding the Application Review",grant,nao identificado,nao identificado,cultura,,70,,https://canadacouncil.ca/funding/resources/what-the-granting-programs-fund,https://canadacouncil.ca/funding/grants/guide/apply-to-programs,90
Reveja as Imersões,estadual,Brasil,oportunidade,"Anexo IX - Formulário de recurso 020/2018 - Projetos Culturais Setoriais de Artes Visuais Projetos culturais que estimulem toda a cadeia produtiva das artes visuais, nas modalidades de: criações digitais, desenho, design, escultura, fotografia, grafite, gravura, objetos, pintura, poesia virtual, videoarte, colagem, instalação, performance, body art, projetos de arte integrada, entre outras manifestações híbridas, desenvolvidas de forma individual ou",formacao,nao identificado,formacao_mentoria,audiovisual,,85,2018,https://secult.es.gov.br/media/2018/EDITAIS%202018/020/Anexo%20IX%20-%20Formul%C3%A1rio%20de%20recurso.doc,https://secult.es.gov.br/editais-2018,85
Reveja as Imersões,estadual,Brasil,oportunidade,"Baixar 020/2018 - Projetos Culturais Setoriais de Artes Visuais Projetos culturais que estimulem toda a cadeia produtiva das artes visuais, nas modalidades de: criações digitais, desenho, design, escultura, fotografia, grafite, gravura, objetos, pintura, poesia virtual, videoarte, colagem, instalação, performance, body art, projetos de arte integrada, entre outras manifestações híbridas, desenvolvidas de forma individual ou",formacao,nao identificado,formacao_mentoria,audiovisual,,85,2018,https://secult.es.gov.br/media/2018/EDITAIS%202018/020/Anexo%20IX%20-%20Formul%C3%A1rio%20de%20recurso.doc,https://secult.es.gov.br/editais-2018,85
Reveja as Imersões,estadual,Brasil,oportunidade,"Anexo II - Declaração de Participação 020/2018 - Projetos Culturais Setoriais de Artes Visuais Projetos culturais que estimulem toda a cadeia produtiva das artes visuais, nas modalidades de: criações digitais, desenho, design, escultura, fotografia, grafite, gravura, objetos, pintura, poesia virtual, videoarte, colagem, instalação, performance, body art, projetos de arte integrada, entre outras manifestações híbridas, desenvolvidas de forma individual ou",outro,nao identificado,nao identificado,audiovisual,,85,2018,https://secult.es.gov.br/media/2018/EDITAIS%202018/020/Anexo%20II%20-%20Declara%C3%A7%C3%A3o%20de%20Participa%C3%A7%C3%A3o.pdf,https://secult.es.gov.br/editais-2018,85
Reveja as Imersões,estadual,Brasil,oportunidade,"Anexo III - Formulário de Projeto 020/2018 - Projetos Culturais Setoriais de Artes Visuais Projetos culturais que estimulem toda a cadeia produtiva das artes visuais, nas modalidades de: criações digitais, desenho, design, escultura, fotografia, grafite, gravura, objetos, pintura, poesia virtual, videoarte, colagem, instalação, performance, body art, projetos de arte integrada, entre outras manifestações híbridas, desenvolvidas de forma individual ou",outro,nao identificado,nao identificado,audiovisual,,85,2018,https://secult.es.gov.br/media/2018/EDITAIS%202018/020/Anexo%20III%20-%20Formul%C3%A1rio%20de%20Projeto.pdf,https://secult.es.gov.br/editais-2018,85
Reveja as Imersões,estadual,Brasil,oportunidade,"Anexo IV - Currículo 020/2018 - Projetos Culturais Setoriais de Artes Visuais Projetos culturais que estimulem toda a cadeia produtiva das artes visuais, nas modalidades de: criações digitais, desenho, design, escultura, fotografia, grafite, gravura, objetos, pintura, poesia virtual, videoarte, colagem, instalação, performance, body art, projetos de arte integrada, entre outras manifestações híbridas, desenvolvidas de forma individual ou",outro,nao identificado,nao identificado,audiovisual,,85,2018,https://secult.es.gov.br/media/2018/EDITAIS%202018/020/Anexo%20IV%20-%20Curr%C3%ADculo.pdf,https://secult.es.gov.br/editais-2018,85
Reveja as Imersões,estadual,Brasil,oportunidade,"Anexo V - Planilha de Custos 020/2018 - Projetos Culturais Setoriais de Artes Visuais Projetos culturais que estimulem toda a cadeia produtiva das artes visuais, nas modalidades de: criações digitais, desenho, design, escultura, fotografia, grafite, gravura, objetos, pintura, poesia virtual, videoarte, colagem, instalação, performance, body art, projetos de arte integrada, entre outras manifestações híbridas, desenvolvidas de forma individual ou",outro,nao identificado,nao identificado,audiovisual,,85,2018,https://secult.es.gov.br/media/2018/EDITAIS%202018/020/Anexo%20V%20-%20Planilha%20de%20Custos.pdf,https://secult.es.gov.br/editais-2018,85
Reveja as Imersões,estadual,Brasil,oportunidade,"Anexo VI - Termo de Compromisso 020/2018 - Projetos Culturais Setoriais de Artes Visuais Projetos culturais que estimulem toda a cadeia produtiva das artes visuais, nas modalidades de: criações digitais, desenho, design, escultura, fotografia, grafite, gravura, objetos, pintura, poesia virtual, videoarte, colagem, instalação, performance, body art, projetos de arte integrada, entre outras manifestações híbridas, desenvolvidas de forma individual ou",outro,nao identificado,nao identificado,audiovisual,,85,2018,https://secult.es.gov.br/media/2018/EDITAIS%202018/020/Anexo%20VI%20-%20Termo%20de%20Compromisso.pdf,https://secult.es.gov.br/editais-2018,85
Reveja as Imersões,estadual,Brasil,oportunidade,"Anexo VIII - Declaração de Representação 020/2018 - Projetos Culturais Setoriais de Artes Visuais Projetos culturais que estimulem toda a cadeia produtiva das artes visuais, nas modalidades de: criações digitais, desenho, design, escultura, fotografia, grafite, gravura, objetos, pintura, poesia virtual, videoarte, colagem, instalação, performance, body art, projetos de arte integrada, entre outras manifestações híbridas, desenvolvidas de forma individual ou",outro,nao identificado,nao identificado,audiovisual,,85,2018,https://secult.es.gov.br/media/2018/EDITAIS%202018/020/Anexo%20VIII%20-%20Declara%C3%A7%C3%A3o%20de%20Representa%C3%A7%C3%A3o.doc,https://secult.es.gov.br/editais-2018,85
Reveja as Imersões,estadual,Brasil,oportunidade,"Baixar 020/2018 - Projetos Culturais Setoriais de Artes Visuais Projetos culturais que estimulem toda a cadeia produtiva das artes visuais, nas modalidades de: criações digitais, desenho, design, escultura, fotografia, grafite, gravura, objetos, pintura, poesia virtual, videoarte, colagem, instalação, performance, body art, projetos de arte integrada, entre outras manifestações híbridas, desenvolvidas de forma individual ou",outro,nao identificado,nao identificado,audiovisual,,85,2018,https://secult.es.gov.br/media/2018/EDITAIS%202018/020/Anexo%20I%20-%20Ficha%20de%20Inscri%C3%A7%C3%A3o.pdf,https://secult.es.gov.br/editais-2018,85
Reveja as Imersões,estadual,Brasil,oportunidade,"Baixar 020/2018 - Projetos Culturais Setoriais de Artes Visuais Projetos culturais que estimulem toda a cadeia produtiva das artes visuais, nas modalidades de: criações digitais, desenho, design, escultura, fotografia, grafite, gravura, objetos, pintura, poesia virtual, videoarte, colagem, instalação, performance, body art, projetos de arte integrada, entre outras manifestações híbridas, desenvolvidas de forma individual ou",outro,nao identificado,nao identificado,audiovisual,,85,2018,https://secult.es.gov.br/media/2018/EDITAIS%202018/020/Anexo%20II%20-%20Declara%C3%A7%C3%A3o%20de%20Participa%C3%A7%C3%A3o.pdf,https://secult.es.gov.br/editais-2018,85
Reveja as Imersões,estadual,Brasil,oportunidade,"Baixar 020/2018 - Projetos Culturais Setoriais de Artes Visuais Projetos culturais que estimulem toda a cadeia produtiva das artes visuais, nas modalidades de: criações digitais, desenho, design, escultura, fotografia, grafite, gravura, objetos, pintura, poesia virtual, videoarte, colagem, instalação, performance, body art, projetos de arte integrada, entre outras manifestações híbridas, desenvolvidas de forma individual ou",outro,nao identificado,nao identificado,audiovisual,,85,2018,https://secult.es.gov.br/media/2018/EDITAIS%202018/020/Anexo%20III%20-%20Formul%C3%A1rio%20de%20Projeto.pdf,https://secult.es.gov.br/editais-2018,85
Reveja as Imersões,estadual,Brasil,oportunidade,"Baixar 020/2018 - Projetos Culturais Setoriais de Artes Visuais Projetos culturais que estimulem toda a cadeia produtiva das artes visuais, nas modalidades de: criações digitais, desenho, design, escultura, fotografia, grafite, gravura, objetos, pintura, poesia virtual, videoarte, colagem, instalação, performance, body art, projetos de arte integrada, entre outras manifestações híbridas, desenvolvidas de forma individual ou",outro,nao identificado,nao identificado,audiovisual,,85,2018,https://secult.es.gov.br/media/2018/EDITAIS%202018/020/Anexo%20IV%20-%20Curr%C3%ADculo.pdf,https://secult.es.gov.br/editais-2018,85
Reveja as Imersões,estadual,Brasil,oportunidade,"Baixar 020/2018 - Projetos Culturais Setoriais de Artes Visuais Projetos culturais que estimulem toda a cadeia produtiva das artes visuais, nas modalidades de: criações digitais, desenho, design, escultura, fotografia, grafite, gravura, objetos, pintura, poesia virtual, videoarte, colagem, instalação, performance, body art, projetos de arte integrada, entre outras manifestações híbridas, desenvolvidas de forma individual ou",outro,nao identificado,nao identificado,audiovisual,,85,2018,https://secult.es.gov.br/media/2018/EDITAIS%202018/020/Anexo%20V%20-%20Planilha%20de%20Custos.pdf,https://secult.es.gov.br/editais-2018,85
Reveja as Imersões,estadual,Brasil,oportunidade,"Baixar 020/2018 - Projetos Culturais Setoriais de Artes Visuais Projetos culturais que estimulem toda a cadeia produtiva das artes visuais, nas modalidades de: criações digitais, desenho, design, escultura, fotografia, grafite, gravura, objetos, pintura, poesia virtual, videoarte, colagem, instalação, performance, body art, projetos de arte integrada, entre outras manifestações híbridas, desenvolvidas de forma individual ou",outro,nao identificado,nao identificado,audiovisual,,85,2018,https://secult.es.gov.br/media/2018/EDITAIS%202018/020/Anexo%20VI%20-%20Termo%20de%20Compromisso.pdf,https://secult.es.gov.br/editais-2018,85
Reveja as Imersões,estadual,Brasil,oportunidade,"Baixar 020/2018 - Projetos Culturais Setoriais de Artes Visuais Projetos culturais que estimulem toda a cadeia produtiva das artes visuais, nas modalidades de: criações digitais, desenho, design, escultura, fotografia, grafite, gravura, objetos, pintura, poesia virtual, videoarte, colagem, instalação, performance, body art, projetos de arte integrada, entre outras manifestações híbridas, desenvolvidas de forma individual ou",outro,nao identificado,nao identificado,audiovisual,,85,2018,https://secult.es.gov.br/media/2018/EDITAIS%202018/020/Anexo%20VIII%20-%20Declara%C3%A7%C3%A3o%20de%20Representa%C3%A7%C3%A3o.doc,https://secult.es.gov.br/editais-2018,85
Reveja as Imersões,estadual,Brasil,oportunidade,"Baixar 020/2018 - Projetos Culturais Setoriais de Artes Visuais Projetos culturais que estimulem toda a cadeia produtiva das artes visuais, nas modalidades de: criações digitais, desenho, design, escultura, fotografia, grafite, gravura, objetos, pintura, poesia virtual, videoarte, colagem, instalação, performance, body art, projetos de arte integrada, entre outras manifestações híbridas, desenvolvidas de forma individual ou",outro,nao identificado,nao identificado,audiovisual,,85,2018,https://secult.es.gov.br/media/2018/Extrato%20prorroga%C3%A7%C3%A3o%20prazo%20Editais%20para%20site.pdf,https://secult.es.gov.br/editais-2018,85
Reveja as Imersões,estadual,Brasil,oportunidade,"Baixar 020/2018 - Projetos Culturais Setoriais de Artes Visuais Projetos culturais que estimulem toda a cadeia produtiva das artes visuais, nas modalidades de: criações digitais, desenho, design, escultura, fotografia, grafite, gravura, objetos, pintura, poesia virtual, videoarte, colagem, instalação, performance, body art, projetos de arte integrada, entre outras manifestações híbridas, desenvolvidas de forma individual ou",outro,nao identificado,nao identificado,audiovisual,,85,2018,https://secult.es.gov.br/media/EDITAIS/INSCRITOSS/Lista%20de%20Inscritos%20-%20020.pdf,https://secult.es.gov.br/editais-2018,85
Reveja as Imersões,estadual,Brasil,oportunidade,"Lista de Inscritos - 020 020/2018 - Projetos Culturais Setoriais de Artes Visuais Projetos culturais que estimulem toda a cadeia produtiva das artes visuais, nas modalidades de: criações digitais, desenho, design, escultura, fotografia, grafite, gravura, objetos, pintura, poesia virtual, videoarte, colagem, instalação, performance, body art, projetos de arte integrada, entre outras manifestações híbridas, desenvolvidas de forma individual ou",outro,nao identificado,nao identificado,audiovisual,,85,2018,https://secult.es.gov.br/media/EDITAIS/INSCRITOSS/Lista%20de%20Inscritos%20-%20020.pdf,https://secult.es.gov.br/editais-2018,85
Programa de Desenvolvimento do Audiovisual Mineiro,outro,Internacional,oportunidade,"Sobre os Editais do Audiovisual e Demais Áreas Culturais Lei Paulo Gustavo 21 Julho 2023 Dúvidas A Secretaria de Estado de Cultura e Turismo esclarece as principais dúvidas para manter a transparência do processo relacionado à Lei Paulo Gustavo em Minas Gerais. Reunimos abaixo lives de esclarecimentos e os questionamentos mais frequentes com as respectivas respostas, a fim de sanar as principais dúvidas e compartilhar com o público as informações necessárias, reforçando a",outro,nao identificado,nao identificado,audiovisual,,75,2023,https://emcplay.com/video/1182/live-tira-duvidas-lei-paulo-gustavo/,https://www.secult.mg.gov.br/documentos/lei-paulo-gustavo-lpg/duvidas,85
Secult ES,estadual,Brasil,oportunidade,Mapa Cultural ES Mapa Cultural ES Acesso ao Mapa Cultural Vídeos Tutoriais,edital,nao identificado,nao identificado,audiovisual,,75,,https://secult.es.gov.br/credenciamento,https://secult.es.gov.br/credenciamento,85
"Education and Training financiamentoFind out more about national and international bursaries, bolsas e apoios for training providers and our in-house training programmes.",internacional,Não identificado,oportunidade,Final Agreement between SA and France on Cinematographic and Audio-visual coproduction.,mercado,producao,producao_obra,audiovisual,,65,2022,https://www.nfvf.co.za/wp-content/uploads/2022/10/Final-Agreement-between-SA-and-France-on-Cinematographic-and-Audio-visual-coproduction-002.pdf,https://www.nfvf.co.za/co-productions,85
"festivals, activities and cinemas",outro,Não identificado,oportunidade,"Read more Ghent, Belgium October 7 to 18, 2026 Film Fest Gent 2026 Deadline : July 1, 2026 Read more",outro,nao identificado,desenvolvimento_roteiro,audiovisual,,45,2026,https://telefilm.ca/en/appel-inscription/film-fest-gent,https://telefilm.ca/en,85
"Education and Training financiamentoFind out more about national and international bursaries, bolsas e apoios for training providers and our in-house training programmes.",internacional,Não identificado,oportunidade,About About About Us About the SAFTAs Latest News,festival,exibicao,festival_inscricao,audiovisual,,74,2026,https://www.nfvf.co.za/call-for-nfvf-funding-applications-to-attend-film-festivals-and-markets-taking-place-from-01-30-june-2026,https://www.nfvf.co.za/call-for-nfvf-funding-applications-to-attend-film-festivals-and-markets-taking-place-from-01-30-june-2026,84
"Education and Training financiamentoFind out more about national and international bursaries, bolsas e apoios for training providers and our in-house training programmes.",internacional,Não identificado,oportunidade,About About About Us About the SAFTAs Latest News,festival,exibicao,festival_inscricao,audiovisual,,74,2026,https://www.nfvf.co.za/call-for-nfvf-funding-applications-to-attend-film-festivals-and-markets-taking-place-from-08-31-may-2026,https://www.nfvf.co.za/call-for-nfvf-funding-applications-to-attend-film-festivals-and-markets-taking-place-from-08-31-may-2026,84
"Education and Training financiamentoFind out more about national and international bursaries, bolsas e apoios for training providers and our in-house training programmes.",internacional,Não identificado,oportunidade,"18 May 2026 Press Release: South Africa to be celebrated as European Film Market’s “Country in Focus” at the Berlinale 2027 Press Release 18 May 2026, Johannesburg - South Africa has been selected as the “Country in Focus” for the upcoming edition of the Berlinale European Film M",mercado,mercado,mercado_pitch_coproducao,audiovisual,,64,2026,https://www.nfvf.co.za/press-release-south-africa-to-be-celebrated-as-european-film-markets-country-in-focus-at-the-berlinale-2027/,https://www.nfvf.co.za/latest-news,84
"Education and Training financiamentoFind out more about national and international bursaries, bolsas e apoios for training providers and our in-house training programmes.",internacional,Não identificado,oportunidade,Press Release: South Africa to be celebrated as European Film Market’s “Country in Focus” at the Berlinale 2027,mercado,mercado,mercado_pitch_coproducao,audiovisual,,64,2027,https://www.nfvf.co.za/press-release-south-africa-to-be-celebrated-as-european-film-markets-country-in-focus-at-the-berlinale-2027/,https://www.nfvf.co.za/call-for-nfvf-funding-applications-to-attend-film-festivals-and-markets-taking-place-from-01-30-june-2026,84
festivals and mercados Build audiences for your projects,outro,Não identificado,oportunidade,"Distributors’ market share Gross box office and admissions Distributors’ market share Australian share of the Australian box office State shares Cinema Industry Trends Key statistics on the cinema industry in Australia Home Insights and Trends Overview Cinema Industry Trends Data and information Yearly overview 2023 Snapshot – Screen Australia Screens and theatres Total screens, theatres and seating capacity Seats, screens and theatres state by state Capacity by exhibitor By state and exhibitors Multiplexes: By sta",mercado,mercado,mercado_pitch_coproducao,audiovisual,,62,2023,https://www.screenaustralia.gov.au/insights-and-trends/cinema-industry-trends/australian-box-office/,https://www.screenaustralia.gov.au/insights-and-trends/cinema-industry-trends,82
festivals and mercados Build audiences for your projects,outro,Não identificado,oportunidade,"Gross box office and admissions Gross box office and admissions Distributors’ market share Australian share of the Australian box office State shares Cinema Industry Trends Key statistics on the cinema industry in Australia Home Insights and Trends Overview Cinema Industry Trends Data and information Yearly overview 2023 Snapshot – Screen Australia Screens and theatres Total screens, theatres and seating capacity Seats, screens and theatres state by state Capacity by exhibitor By state and exhibitors Multiplexes: B",mercado,mercado,mercado_pitch_coproducao,audiovisual,,62,2023,https://www.screenaustralia.gov.au/insights-and-trends/cinema-industry-trends/box-office/,https://www.screenaustralia.gov.au/insights-and-trends/cinema-industry-trends,82
festivals and mercados Build audiences for your projects,outro,Não identificado,oportunidade,"State shares Gross box office and admissions Distributors’ market share Australian share of the Australian box office State shares Cinema Industry Trends Key statistics on the cinema industry in Australia Home Insights and Trends Overview Cinema Industry Trends Data and information Yearly overview 2023 Snapshot – Screen Australia Screens and theatres Total screens, theatres and seating capacity Seats, screens and theatres state by state Capacity by exhibitor By state and exhibitors Multiplexes: By state and exhibit",mercado,mercado,mercado_pitch_coproducao,audiovisual,,62,2023,https://www.screenaustralia.gov.au/insights-and-trends/cinema-industry-trends/state-shares/,https://www.screenaustralia.gov.au/insights-and-trends/cinema-industry-trends,82
"festivals, activities and cinemas",outro,Não identificado,oportunidade,All key dates,outro,nao identificado,nao identificado,audiovisual,,70,,https://telefilm.ca/en/we-finance-and-support/program-deadline,https://telefilm.ca/en,80
Application Assistance,outro,Não identificado,oportunidade,Webinars and information sessions Review the Webinars and information sessions for recordings or sessions that might address the grant or prize you wish to apply to.,grant,nao identificado,nao identificado,inovacao,,58,,https://canadacouncil.ca/funding/resources/webinars-and-info-sessions,https://canadacouncil.ca/funding/application-assistance,78
"festivals, activities and cinemas",outro,Não identificado,oportunidade,Coproductions Home / We finance and support / Coproductions / Coproduction recommendation submission,mercado,producao,producao_obra,audiovisual,,55,,https://telefilm.ca/en/we-finance-and-support/coproductions,https://telefilm.ca/en/we-finance-and-support/coproductions/submit-a-coproduction-recommendation-application,75
"festivals, activities and cinemas",outro,Não identificado,oportunidade,Home Home / We finance and support / Coproductions / Coproduction recommendation submission,mercado,producao,producao_obra,audiovisual,,55,,https://telefilm.ca/en,https://telefilm.ca/en/we-finance-and-support/coproductions/submit-a-coproduction-recommendation-application,75
"festivals, activities and cinemas",outro,Não identificado,oportunidade,We finance and support Home / We finance and support / Coproductions / Coproduction recommendation submission,mercado,producao,producao_obra,audiovisual,,55,,https://telefilm.ca/en/we-finance-and-support,https://telefilm.ca/en/we-finance-and-support/coproductions/submit-a-coproduction-recommendation-application,75
bolsas e apoios & Awards,outro,Internacional,oportunidade,More Information More Information • Applications currently closed,outro,desenvolvimento,nao identificado,audiovisual,,64,,https://www.filmindependent.org/programs/artist-development/episodic-directing-intensive/,https://www.filmindependent.org/programs/applications,74
Reveja as Imersões,estadual,Brasil,oportunidade,Mapa Cultural ES Mapa Cultural ES Acesso ao Mapa Cultural Vídeos Tutoriais,outro,nao identificado,nao identificado,audiovisual,,69,,https://secult.es.gov.br/GrupodeArquivos/selecao-de-os,https://secult.es.gov.br/GrupodeArquivos/selecao-de-os,69
financiamento,outro,Internacional,oportunidade,"Tiny Lights Festival 2026 Tiny Lights Festival 2026 May 29 - May 31 The Tiny Lights Festival marks its 15th year with a celebration of collaboration and connection at Wildflower Commons. The multi-day event brings together music, art and community programming, creating a",festival,exibicao,festival_inscricao,cultura,,59,2026,https://creativebc.com/calendar/tiny-lights-festival-2026/,https://creativebc.com/about/calendar,69
bolsas e apoios,outro,Não identificado,oportunidade,"Preparing an arts and cultural CV (or resume) Application tools This section offers practical tools, templates and educational resources to support the preparation of strong and complete applications. Webinars and information sessions Preparing an arts and cultural CV (or resume) Glossary Understanding the Application Review",outro,nao identificado,nao identificado,cultura,,58,,https://canadacouncil.ca/funding/resources/prepare-your-arts-and-cultural-cv,https://canadacouncil.ca/funding/grants/guide/apply-to-programs,68
bolsas e apoios,outro,Não identificado,oportunidade,"Understanding Application Outcomes Application tools This section offers practical tools, templates and educational resources to support the preparation of strong and complete applications. Webinars and information sessions Preparing an arts and cultural CV (or resume) Glossary Understanding the Application Review",outro,nao identificado,nao identificado,cultura,,58,,https://canadacouncil.ca/funding/resources/understanding-application-outcomes,https://canadacouncil.ca/funding/grants/guide/apply-to-programs,68
bolsas e apoios,outro,Não identificado,oportunidade,"Understanding the Application Review Process Application tools This section offers practical tools, templates and educational resources to support the preparation of strong and complete applications. Webinars and information sessions Preparing an arts and cultural CV (or resume) Glossary Understanding the Application Review",outro,nao identificado,nao identificado,cultura,,58,,https://canadacouncil.ca/funding/resources/understanding-the-application-review-process,https://canadacouncil.ca/funding/grants/guide/apply-to-programs,68
bolsas e apoios,outro,Não identificado,oportunidade,"Webinars and information sessions Application tools This section offers practical tools, templates and educational resources to support the preparation of strong and complete applications. Webinars and information sessions Preparing an arts and cultural CV (or resume) Glossary Understanding the Application Review",outro,nao identificado,nao identificado,cultura,,58,,https://canadacouncil.ca/funding/resources/webinars-and-info-sessions,https://canadacouncil.ca/funding/grants/guide/apply-to-programs,68
bolsas e apoios,outro,Não identificado,oportunidade,"Important Notes Important Notes Notes: × Figures are based upon information as at March 31. Funding includes grants to artists and arts organizations through different programs, strategic funds and Prizes under parliamentary appropriation. Funding through “Other programs and activities” include",grant,nao identificado,nao identificado,cultura,,45,,https://canadacouncil.ca/research/stats-and-stories,https://canadacouncil.ca/research/stats-and-stories,65
Programa de Desenvolvimento do Audiovisual Mineiro,estadual,Brasil,oportunidade,Audiovisual Audiovisual Programa de Desenvolvimento do Audiovisual Mineiro,lab,desenvolvimento,desenvolvimento_roteiro,audiovisual,,52,,https://www.secult.mg.gov.br/documentos/lab/editais-lei-aldir-blanc,https://www.secult.mg.gov.br/documentos/lab/editais-lei-aldir-blanc,62
festivals and mercados Build audiences for your projects,outro,Internacional,oportunidade,"Roy Morgan website More information is available on the Roy Morgan website . Cinema Audiences Home Audiences Cinema Audiences Data and information Attendance Patterns By Age Age Profile By Gender By City Lifestyle and Values About the data – Audience value segments Research into lifestyle, behaviour, attitudes and values (known as psychographics) provides a way of grouping and analysing audiences other than by demographic variables such as age or where they live. There are many psychographic",lab,nao identificado,formacao_mentoria,audiovisual,,42,,http://www.roymorgan.com/products-and-tools/values-segments,https://www.screenaustralia.gov.au/insights-and-trends/audiences/cinema-audiences,62
festivals and mercados Build audiences for your projects,outro,Não identificado,oportunidade,"Information for Recipients In relation to development and production funding (including feature film, television, online and games funding), Screen Australia requires applicants to have, or be in a position to acquire on appropriate terms, an assignment of all underlying rights, including copyright, requir Information for Applicants Before applying for funding, make sure you have reviewed our general eligibility requirements for applicants and projects to ensure your application is ready for assessment. Home Doing",outro,desenvolvimento,producao_obra,audiovisual,,46,,https://www.screenaustralia.gov.au/doing-business-with-us/information-for-recipients/,https://www.screenaustralia.gov.au/doing-business-with-us/information-for-applicants,56
"Education and Training financiamentoFind out more about national and international bursaries, bolsas e apoios for training providers and our in-house training programmes.",internacional,Não identificado,oportunidade,"– – Education and Training Funding Find out more about national and international bursaries, grants for training providers and our in-house training programmes. Funding Approvals Information on Funding Approvals.",grant,nao identificado,formacao_mentoria,inovacao,,35,,https://www.nfvf.co.za/latest-news,https://www.nfvf.co.za/latest-news,55
"festivals, activities and cinemas",outro,Não identificado,oportunidade,Corporate Information Promotion – Limited Edition Stream **Required at Application,outro,nao identificado,nao identificado,audiovisual,,42,2022,https://telefilm.ca/wp-content/uploads/2022/07/corporate-information-promotion-program-final-version.pdf,https://telefilm.ca/en/we-finance-and-support/our-programs/festivals-activities-and-cinemas/the-limited-edition-stream,52
"festivals, activities and cinemas",outro,Não identificado,oportunidade,How to apply Please read our How to apply page for more information on the application process.,outro,nao identificado,nao identificado,audiovisual,,42,,https://telefilm.ca/en/we-finance-and-support/how-to-apply,https://telefilm.ca/en/we-finance-and-support/our-programs/festivals-activities-and-cinemas/theatrical-exhibition,52
"Education and Training financiamentoFind out more about national and international bursaries, bolsas e apoios for training providers and our in-house training programmes.",internacional,Não identificado,oportunidade,twitter facebook youtube Online Funding Application Portal Follow us Hit enter to search or ESC to close Close Search search Menu Home About About Us About the SAFTAs Latest News Gallery Videos Funding – Funding Overview and Criteria The NFVF provides funding for film and video-r,grant,nao identificado,festival_inscricao,audiovisual,,32,2026,https://www.nfvf.co.za/nfvf-call-for-submission-for-training-provider-grant-2026,https://www.nfvf.co.za/nfvf-call-for-submission-for-training-provider-grant-2026,52
TorinoFilmLab,outro,Itália,oportunidade,Explore Explore News Library,lab,nao identificado,formacao_mentoria,audiovisual,,32,,https://torinofilmlab.it,https://torinofilmlab.it,52
TorinoFilmLab,outro,Itália,oportunidade,Explore Explore News Library,lab,nao identificado,formacao_mentoria,audiovisual,,32,,https://www.torinofilmlab.it,https://www.torinofilmlab.it,52
FICA - festival Internacional de Cinema e Vídeo Ambiental,federal,Brasil,oportunidade,"Fica 2026 registra crescimento expressivo em mostras temáticas e amplia visibilidade de produções locais e indígenas 15/04/2026 Aumento nas inscrições das mostras Becos da Minha Terra e de Cinema Indígena e de Povos Tradicionais reforça diversidade, produção local e alcance inter Fica 2026 registra crescimento expressivo em mostras temáticas e amplia visibilidade de produções locais e indígenas 15/04/2026 Aumento nas inscrições das mostras Becos da Minha Terra e de Cinema Indígena e de Povos Tradicionais reforça di",edital,producao,producao_obra,audiovisual,,37,2026,https://fica.go.gov.br/n/200217-fica-2026-registra-crescimento-expressivo-em-mostras-tematicas-e-amplia-visibilidade-de-producoes-locais-e-indigenas,https://fica.go.gov.br,47
bolsas e apoios,outro,Não identificado,oportunidade,"Canadian Arts Data / Données sur les arts au Canada CADAC, the Canadian Arts Data / Données sur les arts au Canada , is a joint effort by arts funding agencies across Canada. CADAC is dedicated to collecting, analyzing and disseminating financial and statistical information about Canadian arts organizations. CADAC’s analytics tool",outro,nao identificado,nao identificado,cultura,,34,,https://www.cadac.ca/,https://canadacouncil.ca/research,44
bolsas e apoios,outro,Não identificado,oportunidade,"Explore CADAC Data CADAC CADAC, the Canadian Arts Data / Données sur les arts au Canada , is a joint effort by arts funding agencies across Canada. CADAC is dedicated to collecting, analyzing and disseminating financial and statistical information about Canadian arts organizations. CADAC’s analytic",outro,nao identificado,nao identificado,cultura,,34,,https://www.cadac.ca/disclaimeren.html,https://canadacouncil.ca/research,44
bolsas e apoios,outro,Não identificado,oportunidade,"Glossary Application tools This section offers practical tools, templates and educational resources to support the preparation of strong and complete applications. Webinars and information sessions Preparing an arts and cultural CV (or resume) Glossary Understanding the Application Review",outro,nao identificado,nao identificado,cultura,,34,,https://canadacouncil.ca/glossary,https://canadacouncil.ca/funding/grants/guide/apply-to-programs,44
bolsas e apoios,outro,Não identificado,oportunidade,Webinars and information sessions Visit the Webinars and information sessions page to register for sessions as they are announced.,outro,nao identificado,nao identificado,inovacao,,34,,https://canadacouncil.ca/funding/resources/webinars-and-info-sessions,https://canadacouncil.ca/funding/updates,44
bolsas e apoios,outro,Não identificado,oportunidade,Webinars and information sessions Visit the Webinars and information sessions web page to access recordings and/or to register for future sessions as they are announced.,outro,nao identificado,nao identificado,inovacao,,34,,https://canadacouncil.ca/funding/resources/webinars-and-info-sessions,https://canadacouncil.ca/funding/updates,44
financiamento,outro,Não identificado,oportunidade,Webinars and information sessions,outro,nao identificado,nao identificado,inovacao,,34,,https://canadacouncil.ca/funding/resources/webinars-and-info-sessions,https://canadacouncil.ca/funding,44
BRDE,outro,Brasil,oportunidade,EDITAIS BANCO VERDE BRDE. O Banco Verde O Banco da Sustentabilidade EDITAIS BANCO VERDE Leia a notícia na íntegra Veja o vídeo,outro,nao identificado,nao identificado,audiovisual,,42,,https://www.brde.com.br/fundo-verde/,https://brde.com.br/,42
financiamento,outro,Internacional,oportunidade,"Funding Funding Close Funding Open Funding Funding Close Funding Open Funding Supporting B.C. creators, entrepreneurs and companies with strategic investment to develop their projects, gain access to new markets, and build stronger global partnerships. Funding Programs All Creative Industries Book Publishing Interactive Digital Media Domestic Motion Picture Magazine Publishing Music + Sound Recording Related Links Funding Recipients Logos + Brand News Calenda",mercado,mercado,mercado_pitch_coproducao,cultura,,21,,https://creativebc.com/funding-programs,https://creativebc.com/motion-picture-tax-credits/apply-for-tax-credits-online,41
BRDE,outro,Brasil,oportunidade,Leia a notícia na íntegra BRDE. O Banco Verde O Banco da Sustentabilidade EDITAIS BANCO VERDE Leia a notícia na íntegra Veja o vídeo,outro,nao identificado,nao identificado,audiovisual,,40,,https://www.brde.com.br/noticia/brde-consolida-banco-verde-ao-integrar-entidade-que-certifica-negocios-ligados-a-biodiversidade-e-esg/,https://brde.com.br/,40
Busan International Film Festival,internacional,Não identificado,oportunidade,News [BIFF Press Release] Applications now open for the CHANEL X BIFF Asian Film Academy 2026! 2026-04-06,formacao,nao identificado,formacao_mentoria,audiovisual,,29,2026,https://biff.kr/eng/artyboard/mboard.asp?action=view&strBoardID=9611_05&intSeq=101835,https://biff.kr,39
Programa de Desenvolvimento do Audiovisual Mineiro,estadual,Brasil,oportunidade,Audiovisual Audiovisual Programa de Desenvolvimento do Audiovisual Mineiro,outro,desenvolvimento,desenvolvimento_roteiro,audiovisual,,37,,https://www.secult.mg.gov.br/editais/fundo-estadual-de-cultura-fec/duvidas-frequentes,https://www.secult.mg.gov.br/editais/fundo-estadual-de-cultura-fec/duvidas-frequentes,37
Programa de Desenvolvimento do Audiovisual Mineiro,estadual,Brasil,oportunidade,Audiovisual Audiovisual Programa de Desenvolvimento do Audiovisual Mineiro,outro,desenvolvimento,desenvolvimento_roteiro,audiovisual,,37,,https://www.secult.mg.gov.br/editais/fundo-estadual-de-cultura-fec/editais-fec,https://www.secult.mg.gov.br/editais/fundo-estadual-de-cultura-fec/editais-fec,37
FCC - Fundação Catarinense de Cultura - HOME,federal,Brasil,oportunidade,Lei Paulo Gustavo em SC Lei Paulo Gustavo em SC Sobre a Lei Audiovisual Demais áreas Logotipos,outro,nao identificado,nao identificado,audiovisual,,35,,https://cultura.sc.gov.br/editais-e-acoes/lei-paulo-gustavo-em-sc,https://cultura.sc.gov.br,35
Fundacao Catarinense de Cultura,federal,Brasil,oportunidade,Lei Paulo Gustavo em SC Lei Paulo Gustavo em SC Sobre a Lei Audiovisual Demais áreas Logotipos,outro,nao identificado,nao identificado,audiovisual,,35,,https://fcc.sc.gov.br/editais-e-acoes/lei-paulo-gustavo-em-sc,https://fcc.sc.gov.br/programacao,35
Programa de Desenvolvimento do Audiovisual Mineiro,estadual,Brasil,oportunidade,"+ - Não sou profissional do audiovisual, posso participar dos editais de 02 a 06 destinados ao audiovisual? Click to collapse Lei Paulo Gustavo 21 Julho 2023 Dúvidas A Secretaria de Estado de Cultura e Turismo esclarece as principais dúvidas para manter a transparência do processo relacionado à Lei Paulo Gustavo em Minas Gerais. Reunimos abaixo lives de esclarecimentos e os questionamentos mais frequentes com as respectivas respostas, a fim de sanar as principais dúvidas e compartilhar com o público as informações",outro,nao identificado,nao identificado,audiovisual,,35,2023,https://www.secult.mg.gov.br/documentos/lei-paulo-gustavo-lpg/duvidas,https://www.secult.mg.gov.br/documentos/lei-paulo-gustavo-lpg/duvidas,35
Programa de Desenvolvimento do Audiovisual Mineiro,estadual,Brasil,oportunidade,Audiovisual Audiovisual Programa de Desenvolvimento do Audiovisual Mineiro,outro,desenvolvimento,desenvolvimento_roteiro,audiovisual,,35,,https://www.secult.mg.gov.br/editais/editais-02-ao-11/resultado-preliminar-dos-editais-da-lpg-de-02-a-11,https://www.secult.mg.gov.br/editais/editais-02-ao-11/resultado-preliminar-dos-editais-da-lpg-de-02-a-11,35
Programa de Desenvolvimento do Audiovisual Mineiro,estadual,Brasil,oportunidade,Quem pode participar e segmentos abrangidos nos cinco (5) editais destinados ao Audiovisual,outro,nao identificado,nao identificado,audiovisual,,35,,https://www.secult.mg.gov.br/download/category/27-outros-editais?download=3198:audiovisual,https://www.secult.mg.gov.br/editais/editais-02-ao-11/editais-lpg,35
Reveja as Imersões,estadual,Brasil,oportunidade,Mapa Cultural ES Mapa Cultural ES Acesso ao Mapa Cultural Vídeos Tutoriais,outro,nao identificado,nao identificado,audiovisual,,35,2020,https://secult.es.gov.br/editais-2020,https://secult.es.gov.br/editais-2020,35
Reveja as Imersões,estadual,Brasil,oportunidade,Mapa Cultural ES Mapa Cultural ES Acesso ao Mapa Cultural Vídeos Tutoriais,outro,nao identificado,nao identificado,audiovisual,,35,2016,https://secult.es.gov.br/editais-2016-2,https://secult.es.gov.br/editais-2016-2,35
Reveja as Imersões,estadual,Brasil,oportunidade,Mapa Cultural ES Mapa Cultural ES Acesso ao Mapa Cultural Vídeos Tutoriais,outro,nao identificado,nao identificado,audiovisual,,35,,https://secult.es.gov.br/editais-lei-paulo-gustavo,https://secult.es.gov.br/editais-lei-paulo-gustavo,35
Reveja as Imersões,estadual,Brasil,oportunidade,Mapa Cultural ES Mapa Cultural ES Acesso ao Mapa Cultural Vídeos Tutoriais,outro,nao identificado,nao identificado,audiovisual,,35,,https://secult.es.gov.br/editais2019,https://secult.es.gov.br/editais2019,35
Reveja as Imersões,estadual,Brasil,oportunidade,Mapa Cultural ES Mapa Cultural ES Acesso ao Mapa Cultural Vídeos Tutoriais,outro,nao identificado,nao identificado,audiovisual,,35,2022,https://secult.es.gov.br/editais-2022,https://secult.es.gov.br/editais-2022,35
Reveja as Imersões,estadual,Brasil,oportunidade,Mapa Cultural ES Mapa Cultural ES Acesso ao Mapa Cultural Vídeos Tutoriais,outro,nao identificado,nao identificado,audiovisual,,35,2023,https://secult.es.gov.br/Editais-2023,https://secult.es.gov.br/Editais-2023,35
Reveja as Imersões,estadual,Brasil,oportunidade,Mapa Cultural ES Mapa Cultural ES Acesso ao Mapa Cultural Vídeos Tutoriais,outro,nao identificado,nao identificado,audiovisual,,35,2024,https://secult.es.gov.br/editais-2024,https://secult.es.gov.br/editais-2024,35
Reveja as Imersões,estadual,Brasil,oportunidade,Mapa Cultural ES Mapa Cultural ES Acesso ao Mapa Cultural Vídeos Tutoriais,outro,nao identificado,nao identificado,audiovisual,,35,,https://secult.es.gov.br/editaisdechamamento,https://secult.es.gov.br/editaisdechamamento,35
Reveja as Imersões,estadual,Brasil,oportunidade,Mapa Cultural ES Mapa Cultural ES Acesso ao Mapa Cultural Vídeos Tutoriais,outro,nao identificado,nao identificado,audiovisual,,35,2018,https://secult.es.gov.br/editais-2018,https://secult.es.gov.br/editais-2018,35
Reveja as Imersões,estadual,Brasil,oportunidade,Mapa Cultural ES Mapa Cultural ES Acesso ao Mapa Cultural Vídeos Tutoriais,outro,nao identificado,nao identificado,audiovisual,,35,2021,https://secult.es.gov.br/editais-2021,https://secult.es.gov.br/editais-2021,35
Reveja as Imersões,estadual,Brasil,oportunidade,Mapa Cultural ES Mapa Cultural ES Acesso ao Mapa Cultural Vídeos Tutoriais,outro,nao identificado,nao identificado,audiovisual,,35,2017,https://secult.es.gov.br/editais-2017,https://secult.es.gov.br/editais-2017,35
Reveja as Imersões,estadual,Brasil,oportunidade,Mapa Cultural ES Mapa Cultural ES Acesso ao Mapa Cultural Vídeos Tutoriais,outro,nao identificado,nao identificado,audiovisual,,35,2026,https://secult.es.gov.br/editais-2026,https://secult.es.gov.br/editais-2026,35
Reveja as Imersões,estadual,Brasil,oportunidade,Mapa Cultural ES Mapa Cultural ES Acesso ao Mapa Cultural Vídeos Tutoriais,outro,nao identificado,nao identificado,audiovisual,,35,2025,https://secult.es.gov.br/ciclo-2025-editais,https://secult.es.gov.br/ciclo-2025-editais,35
Fundo Setorial do Audiovisual - FSA,federal,Brasil,oportunidade,Mercado Audiovisual,mercado,nao identificado,mercado_pitch_coproducao,audiovisual,,25,,https://www.gov.br/ancine/pt-br/oca/paineis-interativos-1/paineis-interativos-subsecao-mercado-audiovisual,https://www.gov.br/ancine/pt-br/fsa,35
Secult ES,estadual,Brasil,oportunidade,Vídeos Tutoriais,outro,festival_inscricao,nao identificado,audiovisual,,34,,https://secult.es.gov.br/Noticia/secult-divulga-videos-tutoriais-de-inscricao-para-o-mapa-cultural-es,https://secult.es.gov.br/edital-de-selecao-de-profissionais-para-comissoes-julgadoras-do-funcultura,34
Programa de Desenvolvimento do Audiovisual Mineiro,estadual,Brasil,oportunidade,Cultura Cultura Comissões de Cultura Cefic COPEFIC Cultura Viva Fundo Estadual de Cultura (FEC) Lei Estadual de Incentivo à Cultura (LEIC) Lei Aldir Blanc (LAB) Sobre Editais Lei Paulo Gustavo (LPG) Comissão e Subcomissões Consulta Pública Simplificada Contato Dúvidas Legislação Readequa Cultura Comissões de Cultura Cefic COPEFIC Cultura Viva Fundo Estadual de Cultura (FEC) Lei Estadual de Incentivo à Cultura (LEIC) Lei Aldir Blanc (LAB) Sobre Editais Lei Paulo Gustavo (LPG) Comissão e Subcomissões Consulta Pública,lab,nao identificado,formacao_mentoria,audiovisual,,24,,https://www.secult.mg.gov.br/a-secretaria/audiovisual/prog-de-desenvolv-do-audiovisual-mineiro/94-transparencia/6265-transparencia,https://www.secult.mg.gov.br/a-secretaria/audiovisual/prog-de-desenvolv-do-audiovisual-mineiro/94-transparencia/6265-transparencia,34
Programa de Desenvolvimento do Audiovisual Mineiro,estadual,Brasil,oportunidade,Cultura Cultura Comissões de Cultura Cefic COPEFIC Cultura Viva Fundo Estadual de Cultura (FEC) Lei Estadual de Incentivo à Cultura (LEIC) Lei Aldir Blanc (LAB) Sobre Editais Lei Paulo Gustavo (LPG) Comissão e Subcomissões Consulta Pública Simplificada Contato Dúvidas Legislação Readequa Cultura Comissões de Cultura Cefic COPEFIC Cultura Viva Fundo Estadual de Cultura (FEC) Lei Estadual de Incentivo à Cultura (LEIC) Lei Aldir Blanc (LAB) Sobre Editais Lei Paulo Gustavo (LPG) Comissão e Subcomissões Consulta Pública,lab,nao identificado,formacao_mentoria,audiovisual,,24,,https://www.secult.mg.gov.br/a-secretaria/audiovisual/prog-de-desenvolv-do-audiovisual-mineiro,https://www.secult.mg.gov.br/a-secretaria/audiovisual/prog-de-desenvolv-do-audiovisual-mineiro,34
Programa de Desenvolvimento do Audiovisual Mineiro,estadual,Brasil,oportunidade,Cultura Cultura Comissões de Cultura Cefic COPEFIC Cultura Viva Fundo Estadual de Cultura (FEC) Lei Estadual de Incentivo à Cultura (LEIC) Lei Aldir Blanc (LAB) Sobre Editais Lei Paulo Gustavo (LPG) Comissão e Subcomissões Consulta Pública Simplificada Contato Dúvidas Legislação Readequa Cultura Comissões de Cultura Cefic COPEFIC Cultura Viva Fundo Estadual de Cultura (FEC) Lei Estadual de Incentivo à Cultura (LEIC) Lei Aldir Blanc (LAB) Sobre Editais Lei Paulo Gustavo (LPG) Comissão e Subcomissões Consulta Pública,lab,nao identificado,formacao_mentoria,audiovisual,,24,,https://www.secult.mg.gov.br/a-secretaria/audiovisual/prog-de-desenvolv-do-audiovisual-mineiro/152-audiovisual?layout=,https://www.secult.mg.gov.br/a-secretaria/audiovisual/prog-de-desenvolv-do-audiovisual-mineiro/152-audiovisual?layout=,34
bolsas e apoios,outro,Não identificado,oportunidade,"responsible use of artificial intelligence in government The Canada Council’s use of AI is aligned with the Government of Canada’s responsible use of artificial intelligence in government . To safeguard privacy, information and intellectual property, the Canada Council does not use publicly available versions of AI tools such as ChatGP",lab,nao identificado,formacao_mentoria,inovacao,,12,,https://www.canada.ca/en/government/system/digital-government/digital-government-innovations/responsible-use-ai.html,https://canadacouncil.ca/funding/resources/guidance-on-ai-in-grant-applications,32
Secult ES,estadual,Brasil,oportunidade,Parcerias Lei 13.019/2014 – Convênios Parcerias Lei 13.019/2014 – Convênios Documentação para Celebração Parcerias 2019 Parcerias 2020 Parcerias 2021 Parceria 2022 Parcerias 2023 Parcerias 2024 Parcerias 2025,edital,nao identificado,nao identificado,inovacao,,20,2014,https://secult.es.gov.br/credenciamento,https://secult.es.gov.br/credenciamento,30
Programa de Desenvolvimento do Audiovisual Mineiro,estadual,Brasil,oportunidade,Editais Editais Fundo Estadual de Cultura (FEC) Editais Dúvidas Frequentes Política Nacional Aldir Blanc (PNAB) Cronograma Documentação Editais Fase de Habilitação Painel de Consulta - Resultados Lei Paulo Gustavo (LPG) Cronograma Editais Resultado Preliminar Resultado Final Suplentes,lab,nao identificado,formacao_mentoria,cultura,,19,,https://www.secult.mg.gov.br/documentos/lab/editais-lei-aldir-blanc,https://www.secult.mg.gov.br/documentos/lab/editais-lei-aldir-blanc,29
Programa de Desenvolvimento do Audiovisual Mineiro,estadual,Brasil,oportunidade,"+ - No caso de pessoa que mora com terceiros, como comprovar a residência? Existe alguma carta de co-residência? Click to collapse Lei Paulo Gustavo 21 Julho 2023 Dúvidas A Secretaria de Estado de Cultura e Turismo esclarece as principais dúvidas para manter a transparência do processo relacionado à Lei Paulo Gustavo em Minas Gerais. Reunimos abaixo lives de esclarecimentos e os questionamentos mais frequentes com as respectivas respostas, a fim de sanar as principais dúvidas e compartilhar com o público as informa",residencia,nao identificado,formacao_mentoria,cultura,,19,2023,https://www.secult.mg.gov.br/documentos/lei-paulo-gustavo-lpg/duvidas,https://www.secult.mg.gov.br/documentos/lei-paulo-gustavo-lpg/duvidas,29
Programa de Desenvolvimento do Audiovisual Mineiro,estadual,Brasil,oportunidade,"+ - Quais são os comprovantes de residência aceitos? Click to collapse Lei Paulo Gustavo 21 Julho 2023 Dúvidas A Secretaria de Estado de Cultura e Turismo esclarece as principais dúvidas para manter a transparência do processo relacionado à Lei Paulo Gustavo em Minas Gerais. Reunimos abaixo lives de esclarecimentos e os questionamentos mais frequentes com as respectivas respostas, a fim de sanar as principais dúvidas e compartilhar com o público as informações necessárias, reforçando a",residencia,nao identificado,formacao_mentoria,cultura,,19,2023,https://www.secult.mg.gov.br/documentos/lei-paulo-gustavo-lpg/duvidas,https://www.secult.mg.gov.br/documentos/lei-paulo-gustavo-lpg/duvidas,29
financiamento,outro,Internacional,oportunidade,Services and Programs Services and Programs BC Film Commission Funding Programs Motion Picture Tax Credits Sector-wide Service Reel Green™ Creative Pathways™,outro,nao identificado,nao identificado,audiovisual,,19,,https://creativebc.com/about/news,https://creativebc.com/about/news,29
financiamento,outro,Internacional,oportunidade,Services and Programs Services and Programs BC Film Commission Funding Programs Motion Picture Tax Credits Sector-wide Service Reel Green™ Creative Pathways™,outro,nao identificado,nao identificado,audiovisual,,19,,https://creativebc.com/news,https://creativebc.com/news,29
FCC - Fundação Catarinense de Cultura - HOME,federal,Brasil,oportunidade,Audiovisual,outro,nao identificado,nao identificado,audiovisual,,25,,https://cultura.sc.gov.br/editais-e-acoes/lei-paulo-gustavo-em-sc/audiovisual-lpgsc,https://cultura.sc.gov.br,25
Fundacao Catarinense de Cultura,federal,Brasil,oportunidade,Audiovisual,outro,nao identificado,nao identificado,audiovisual,,25,,https://fcc.sc.gov.br/editais-e-acoes/lei-paulo-gustavo-em-sc/audiovisual-lpgsc,https://fcc.sc.gov.br/programacao,25
Programa de Desenvolvimento do Audiovisual Mineiro,estadual,Brasil,oportunidade,Audiovisual Audiovisual Programa de Desenvolvimento do Audiovisual Mineiro,outro,desenvolvimento,desenvolvimento_roteiro,audiovisual,,25,,https://www.secult.mg.gov.br/editais/editais-pnab/editais-pnab,https://www.secult.mg.gov.br/editais/editais-pnab/editais-pnab,25
Programa de Desenvolvimento do Audiovisual Mineiro,estadual,Brasil,oportunidade,Audiovisual Audiovisual Programa de Desenvolvimento do Audiovisual Mineiro,outro,desenvolvimento,desenvolvimento_roteiro,audiovisual,,25,,https://www.secult.mg.gov.br/editais/editais-02-ao-11/editais-lpg,https://www.secult.mg.gov.br/editais/editais-02-ao-11/editais-lpg,25
Programa de Desenvolvimento do Audiovisual Mineiro,estadual,Brasil,oportunidade,Audiovisual Audiovisual Programa de Desenvolvimento do Audiovisual Mineiro,outro,desenvolvimento,desenvolvimento_roteiro,audiovisual,,25,,https://www.secult.mg.gov.br/editais/editais-02-ao-11/suplentes,https://www.secult.mg.gov.br/editais/editais-02-ao-11/suplentes,25
Programa de Desenvolvimento do Audiovisual Mineiro,estadual,Brasil,oportunidade,Audiovisual Audiovisual Programa de Desenvolvimento do Audiovisual Mineiro,outro,desenvolvimento,desenvolvimento_roteiro,audiovisual,,25,,https://www.secult.mg.gov.br/editais/editais-02-ao-11/novo-cronograma-lpg,https://www.secult.mg.gov.br/editais/editais-02-ao-11/novo-cronograma-lpg,25
Programa de Desenvolvimento do Audiovisual Mineiro,estadual,Brasil,oportunidade,Audiovisual Audiovisual Programa de Desenvolvimento do Audiovisual Mineiro,outro,desenvolvimento,desenvolvimento_roteiro,audiovisual,,25,,https://www.secult.mg.gov.br/editais/editais-02-ao-11/resultado-final,https://www.secult.mg.gov.br/editais/editais-02-ao-11/resultado-final,25
Programa de Desenvolvimento do Audiovisual Mineiro,estadual,Brasil,oportunidade,Audiovisual Audiovisual Programa de Desenvolvimento do Audiovisual Mineiro,outro,desenvolvimento,desenvolvimento_roteiro,audiovisual,,25,,https://www.secult.mg.gov.br/editais/editais-pnab/cronograma-pnab,https://www.secult.mg.gov.br/editais/editais-pnab/cronograma-pnab,25
Programa de Desenvolvimento do Audiovisual Mineiro,estadual,Brasil,oportunidade,Audiovisual Audiovisual Programa de Desenvolvimento do Audiovisual Mineiro,outro,desenvolvimento,desenvolvimento_roteiro,audiovisual,,25,,https://www.secult.mg.gov.br/editais/editais-pnab/documentacao,https://www.secult.mg.gov.br/editais/editais-pnab/documentacao,25
Programa de Desenvolvimento do Audiovisual Mineiro,estadual,Brasil,oportunidade,Audiovisual Audiovisual Programa de Desenvolvimento do Audiovisual Mineiro,outro,desenvolvimento,desenvolvimento_roteiro,audiovisual,,25,,https://www.secult.mg.gov.br/editais/editais-pnab/manual-fase-de-habilitacao,https://www.secult.mg.gov.br/editais/editais-pnab/manual-fase-de-habilitacao,25
"Education and Training financiamentoFind out more about national and international bursaries, bolsas e apoios for training providers and our in-house training programmes.",internacional,Não identificado,oportunidade,twitter facebook youtube Online Funding Application Portal Follow us Hit enter to search or ESC to close Close Search search Menu Home About About Us About the SAFTAs Latest News Gallery Videos Funding – Funding Overview and Criteria The NFVF provides funding for film and video-r,festival,exibicao,festival_inscricao,audiovisual,,14,2026,https://www.nfvf.co.za/call-for-nfvf-funding-applications-to-attend-film-festivals-and-markets-taking-place-from-01-30-june-2026,https://www.nfvf.co.za/call-for-nfvf-funding-applications-to-attend-film-festivals-and-markets-taking-place-from-01-30-june-2026,24
"Education and Training financiamentoFind out more about national and international bursaries, bolsas e apoios for training providers and our in-house training programmes.",internacional,Não identificado,oportunidade,twitter facebook youtube Online Funding Application Portal Follow us Hit enter to search or ESC to close Close Search search Menu Home About About Us About the SAFTAs Latest News Gallery Videos Funding – Funding Overview and Criteria The NFVF provides funding for film and video-r,festival,exibicao,festival_inscricao,audiovisual,,14,2026,https://www.nfvf.co.za/call-for-nfvf-funding-applications-to-attend-film-festivals-and-markets-taking-place-from-08-31-may-2026,https://www.nfvf.co.za/call-for-nfvf-funding-applications-to-attend-film-festivals-and-markets-taking-place-from-08-31-may-2026,24
Reveja as Imersões,estadual,Brasil,oportunidade,ATA COMISSÃO JULGADORA GAMES - RESULTADO RETIFICADO Produção de Games Inscrições na plataforma Mapa Cultural ES AQUI Conteúdo Atualização Formato Tamanho Lista Inscritos LPG Jogos Eletrônicos 16/10/2023 pdf 441 KB Baixar EDITAIS LPG - PRODUÇÃO E DESENVOLVIMENTO DE JOGOS ELETRÔNICOS (GAMES) NO ESTADO DO ESPÍRITO SANTO_FINAL 26/09/2023 pdf 212 KB Baixar ANEXO 1 - DETALHAMENTO DAS LINHAS 21/09/2023 pdf 106 KB Baixar ANEXO 2 - FICHA DE INSCRIÇÃO E FORMULÁRIO DO PROJETO,edital,desenvolvimento,desenvolvimento_roteiro,cultura,,14,2023,https://secult.es.gov.br/media/PDF/lei-paulo-gustavo/editais/producao-de-games/ATA%20COMISS%C3%83O%20JULGADORA%20GAMES%20-%20RESULTADO%20RETIFICADO.pdf,https://secult.es.gov.br/editais-lei-paulo-gustavo,24
Reveja as Imersões,estadual,Brasil,oportunidade,ATA JULGAMENTO DE RECURSOS E RESULTADO FINAL - GAMES Produção de Games Inscrições na plataforma Mapa Cultural ES AQUI Conteúdo Atualização Formato Tamanho Lista Inscritos LPG Jogos Eletrônicos 16/10/2023 pdf 441 KB Baixar EDITAIS LPG - PRODUÇÃO E DESENVOLVIMENTO DE JOGOS ELETRÔNICOS (GAMES) NO ESTADO DO ESPÍRITO SANTO_FINAL 26/09/2023 pdf 212 KB Baixar ANEXO 1 - DETALHAMENTO DAS LINHAS 21/09/2023 pdf 106 KB Baixar ANEXO 2 - FICHA DE INSCRIÇÃO E FORMULÁRIO DO PROJETO,edital,desenvolvimento,desenvolvimento_roteiro,cultura,,14,2023,https://secult.es.gov.br/media/PDF/lei-paulo-gustavo/editais/producao-de-games/ATA%20JULGAMENTO%20DE%20RECURSOS%20E%20RESULTADO%20FINAL%20-%20GAMES.pdf,https://secult.es.gov.br/editais-lei-paulo-gustavo,24
Reveja as Imersões,estadual,Brasil,oportunidade,Baixar Produção de Games Inscrições na plataforma Mapa Cultural ES AQUI Conteúdo Atualização Formato Tamanho Lista Inscritos LPG Jogos Eletrônicos 16/10/2023 pdf 441 KB Baixar EDITAIS LPG - PRODUÇÃO E DESENVOLVIMENTO DE JOGOS ELETRÔNICOS (GAMES) NO ESTADO DO ESPÍRITO SANTO_FINAL 26/09/2023 pdf 212 KB Baixar ANEXO 1 - DETALHAMENTO DAS LINHAS 21/09/2023 pdf 106 KB Baixar ANEXO 2 - FICHA DE INSCRIÇÃO E FORMULÁRIO DO PROJETO,edital,desenvolvimento,desenvolvimento_roteiro,cultura,,14,2023,https://secult.es.gov.br/media/PDF/lei-paulo-gustavo/editais/producao-de-games/ATA%20COMISS%C3%83O%20JULGADORA%20GAMES%20-%20RESULTADO%20RETIFICADO.pdf,https://secult.es.gov.br/editais-lei-paulo-gustavo,24
Reveja as Imersões,estadual,Brasil,oportunidade,Baixar Produção de Games Inscrições na plataforma Mapa Cultural ES AQUI Conteúdo Atualização Formato Tamanho Lista Inscritos LPG Jogos Eletrônicos 16/10/2023 pdf 441 KB Baixar EDITAIS LPG - PRODUÇÃO E DESENVOLVIMENTO DE JOGOS ELETRÔNICOS (GAMES) NO ESTADO DO ESPÍRITO SANTO_FINAL 26/09/2023 pdf 212 KB Baixar ANEXO 1 - DETALHAMENTO DAS LINHAS 21/09/2023 pdf 106 KB Baixar ANEXO 2 - FICHA DE INSCRIÇÃO E FORMULÁRIO DO PROJETO,edital,desenvolvimento,desenvolvimento_roteiro,cultura,,14,2023,https://secult.es.gov.br/media/PDF/lei-paulo-gustavo/editais/producao-de-games/ATA%20JULGAMENTO%20DE%20RECURSOS%20E%20RESULTADO%20FINAL%20-%20GAMES.pdf,https://secult.es.gov.br/editais-lei-paulo-gustavo,24
BRDE,outro,Brasil,oportunidade,Chamadas de Investimento,outro,nao identificado,nao identificado,inovacao,,22,,https://brde.com.br/fsa/chamadas-de-investimento/chamadas-publicas/arranjos-regionais/,https://brde.com.br/,22
Programa de Desenvolvimento do Audiovisual Mineiro,estadual,Brasil,oportunidade,Editais Editais Fundo Estadual de Cultura (FEC) Editais Dúvidas Frequentes Política Nacional Aldir Blanc (PNAB) Cronograma Documentação Editais Fase de Habilitação Painel de Consulta - Resultados Lei Paulo Gustavo (LPG) Cronograma Editais Resultado Preliminar Resultado Final Suplentes,outro,nao identificado,nao identificado,audiovisual,,22,,https://www.secult.mg.gov.br/a-secretaria/audiovisual/prog-de-desenvolv-do-audiovisual-mineiro/94-transparencia/6265-transparencia,https://www.secult.mg.gov.br/a-secretaria/audiovisual/prog-de-desenvolv-do-audiovisual-mineiro/94-transparencia/6265-transparencia,22
Programa de Desenvolvimento do Audiovisual Mineiro,estadual,Brasil,oportunidade,Editais Editais Fundo Estadual de Cultura (FEC) Editais Dúvidas Frequentes Política Nacional Aldir Blanc (PNAB) Cronograma Documentação Editais Fase de Habilitação Painel de Consulta - Resultados Lei Paulo Gustavo (LPG) Cronograma Editais Resultado Preliminar Resultado Final Suplentes,outro,nao identificado,nao identificado,audiovisual,,22,,https://www.secult.mg.gov.br/a-secretaria/audiovisual/prog-de-desenvolv-do-audiovisual-mineiro,https://www.secult.mg.gov.br/a-secretaria/audiovisual/prog-de-desenvolv-do-audiovisual-mineiro,22
Programa de Desenvolvimento do Audiovisual Mineiro,estadual,Brasil,oportunidade,Editais Editais Fundo Estadual de Cultura (FEC) Editais Dúvidas Frequentes Política Nacional Aldir Blanc (PNAB) Cronograma Documentação Editais Fase de Habilitação Painel de Consulta - Resultados Lei Paulo Gustavo (LPG) Cronograma Editais Resultado Preliminar Resultado Final Suplentes,outro,nao identificado,nao identificado,audiovisual,,22,,https://www.secult.mg.gov.br/a-secretaria/audiovisual/prog-de-desenvolv-do-audiovisual-mineiro/152-audiovisual?layout=,https://www.secult.mg.gov.br/a-secretaria/audiovisual/prog-de-desenvolv-do-audiovisual-mineiro/152-audiovisual?layout=,22
Programa de Desenvolvimento do Audiovisual Mineiro,outro,Internacional,oportunidade,"Sobre os Editais do Audiovisual e Demais Áreas Culturais Lei Paulo Gustavo 21 Julho 2023 Dúvidas A Secretaria de Estado de Cultura e Turismo esclarece as principais dúvidas para manter a transparência do processo relacionado à Lei Paulo Gustavo em Minas Gerais. Reunimos abaixo lives de esclarecimentos e os questionamentos mais frequentes com as respectivas respostas, a fim de sanar as principais dúvidas e compartilhar com o público as informações necessárias, reforçando a",outro,nao identificado,nao identificado,audiovisual,,10,2023,https://www.youtube.com/watch?v=eVD1P4g8qA0&t=13s,https://www.secult.mg.gov.br/documentos/lei-paulo-gustavo-lpg/duvidas,20
"Education and Training financiamentoFind out more about national and international bursaries, bolsas e apoios for training providers and our in-house training programmes.",internacional,Não identificado,oportunidade,Festivals & Markets Festivals & Markets National Festivals and Markets International Festivals and Markets,festival,exibicao,festival_inscricao,inovacao,,9,,https://www.nfvf.co.za/latest-news,https://www.nfvf.co.za/latest-news,19
Programa de Desenvolvimento do Audiovisual Mineiro,estadual,Brasil,oportunidade,ERRATA - RESULTADO PRELIMINAR DE PARECERISTAS VALIDADOS E INVALIDADOS - Lista I,lab,nao identificado,formacao_mentoria,inovacao,,7,1964,https://www.secult.mg.gov.br/download/category/27-outros-editais?download=1964:errata-lab-1,https://www.secult.mg.gov.br/documentos/lab/editais-lei-aldir-blanc,17
Programa de Desenvolvimento do Audiovisual Mineiro,estadual,Brasil,oportunidade,Instituições Instituições Arquivo Público Mineiro Biblioteca Pública Estadual Circuito Liberdade Museus Centro de Arte Popular Museu Casa Alphonsus de Guimaraens Museu Casa Guignard Museu Casa Guimarães Rosa Museu do Crédito Real Museu dos Militares Mineiros Museu Mineiro Rádio Inconfidência Instituições Arquivo Público Mineiro Biblioteca Pública Estadual Circuito Liberdade Museus Centro de Arte Popular Museu Casa Alphonsus de Guimaraens Museu Casa Guignard Museu Casa Guimarães Rosa Museu do Crédito Real Museu dos,lab,nao identificado,formacao_mentoria,cultura,,7,,https://www.secult.mg.gov.br/documentos/lab/editais-lei-aldir-blanc,https://www.secult.mg.gov.br/documentos/lab/editais-lei-aldir-blanc,17
Programa de Desenvolvimento do Audiovisual Mineiro,estadual,Brasil,oportunidade,Lei Aldir Blanc (LAB) Lei Aldir Blanc (LAB) Sobre Editais,lab,nao identificado,formacao_mentoria,inovacao,,7,,https://www.secult.mg.gov.br/editais/editais-02-ao-11/resultado-preliminar-dos-editais-da-lpg-de-02-a-11,https://www.secult.mg.gov.br/editais/editais-02-ao-11/resultado-preliminar-dos-editais-da-lpg-de-02-a-11,17
Programa de Desenvolvimento do Audiovisual Mineiro,estadual,Brasil,oportunidade,Lei Paulo Gustavo (LPG) Lei Paulo Gustavo (LPG) Cronograma Editais Resultado Preliminar Resultado Final Suplentes,lab,nao identificado,formacao_mentoria,inovacao,,7,,https://www.secult.mg.gov.br/documentos/lab/editais-lei-aldir-blanc,https://www.secult.mg.gov.br/documentos/lab/editais-lei-aldir-blanc,17
BRDE,outro,Internacional,oportunidade,Veja o vídeo BRDE. O Banco Verde O Banco da Sustentabilidade EDITAIS BANCO VERDE Leia a notícia na íntegra Veja o vídeo,outro,nao identificado,nao identificado,audiovisual,,5,,https://www.youtube.com/watch?v=wndIwrTqNVk,https://brde.com.br/,15
Reveja as Imersões,estadual,Brasil,oportunidade,ANEXO 1 - DECLARAÇÃO DE REPRESENTAÇÃO DE GRUPO Patrimônio Vivo Capixaba Inscrições na plataforma Mapa Cultural ES AQUI Mais informações pelo telefone (27) 3636-7126 Conteúdo Atualização Formato Tamanho Lista Inscritos LPG Patrimônio Vivo 16/10/2023 pdf 435 KB Baixar EDITAIS LPG - PATRIMÔNIO VIVO_CULTURAS TRADICIONAIS 22/09/2023 pdf 213 KB Baixar ANEXO 1 - DECLARAÇÃO DE REPRESENTAÇÃO DE GRUPO 22/09/2023 pdf 41 KB Baixar ANEXO 2 - FORMULÁRIOS DE INSCRIÇÃO (OUTROS),edital,festival_inscricao,nao identificado,cultura,,4,2023,https://secult.es.gov.br/media/PDF/lei-paulo-gustavo/editais/patrimonio-vivo/ANEXO%201%20-%20DECLARA%C3%87%C3%83O%20DE%20REPRESENTA%C3%87%C3%83O%20DE%20GRUPO.pdf,https://secult.es.gov.br/editais-lei-paulo-gustavo,14
Reveja as Imersões,estadual,Brasil,oportunidade,ANEXO 2 - FORMULÁRIOS DE INSCRIÇÃO (OUTROS) Patrimônio Vivo Capixaba Inscrições na plataforma Mapa Cultural ES AQUI Mais informações pelo telefone (27) 3636-7126 Conteúdo Atualização Formato Tamanho Lista Inscritos LPG Patrimônio Vivo 16/10/2023 pdf 435 KB Baixar EDITAIS LPG - PATRIMÔNIO VIVO_CULTURAS TRADICIONAIS 22/09/2023 pdf 213 KB Baixar ANEXO 1 - DECLARAÇÃO DE REPRESENTAÇÃO DE GRUPO 22/09/2023 pdf 41 KB Baixar ANEXO 2 - FORMULÁRIOS DE INSCRIÇÃO (OUTROS),edital,festival_inscricao,nao identificado,cultura,,4,2023,https://secult.es.gov.br/media/PDF/lei-paulo-gustavo/editais/patrimonio-vivo/ANEXO%202%20-%20FORMUL%C3%81RIOS%20DE%20INSCRI%C3%87%C3%83O%20%28OUTROS%29.pdf,https://secult.es.gov.br/editais-lei-paulo-gustavo,14
Reveja as Imersões,estadual,Brasil,oportunidade,ANEXO 3 - PLANILHA DE CUSTOS DO PROJETO Patrimônio Vivo Capixaba Inscrições na plataforma Mapa Cultural ES AQUI Mais informações pelo telefone (27) 3636-7126 Conteúdo Atualização Formato Tamanho Lista Inscritos LPG Patrimônio Vivo 16/10/2023 pdf 435 KB Baixar EDITAIS LPG - PATRIMÔNIO VIVO_CULTURAS TRADICIONAIS 22/09/2023 pdf 213 KB Baixar ANEXO 1 - DECLARAÇÃO DE REPRESENTAÇÃO DE GRUPO 22/09/2023 pdf 41 KB Baixar ANEXO 2 - FORMULÁRIOS DE INSCRIÇÃO (OUTROS),edital,festival_inscricao,nao identificado,cultura,,4,2023,https://secult.es.gov.br/media/PDF/lei-paulo-gustavo/editais/patrimonio-vivo/ANEXO%203%20-%20PLANILHA%20DE%20CUSTOS%20DO%20PROJETO.xlsx,https://secult.es.gov.br/editais-lei-paulo-gustavo,14
Reveja as Imersões,estadual,Brasil,oportunidade,ANEXO 4 - FORMULÁRIO DE RECURSO Patrimônio Vivo Capixaba Inscrições na plataforma Mapa Cultural ES AQUI Mais informações pelo telefone (27) 3636-7126 Conteúdo Atualização Formato Tamanho Lista Inscritos LPG Patrimônio Vivo 16/10/2023 pdf 435 KB Baixar EDITAIS LPG - PATRIMÔNIO VIVO_CULTURAS TRADICIONAIS 22/09/2023 pdf 213 KB Baixar ANEXO 1 - DECLARAÇÃO DE REPRESENTAÇÃO DE GRUPO 22/09/2023 pdf 41 KB Baixar ANEXO 2 - FORMULÁRIOS DE INSCRIÇÃO (OUTROS),edital,festival_inscricao,formacao_mentoria,cultura,,4,2023,https://secult.es.gov.br/media/PDF/lei-paulo-gustavo/editais/patrimonio-vivo/ANEXO%204%20-%20FORMUL%C3%81RIO%20DE%20RECURSO.pdf,https://secult.es.gov.br/editais-lei-paulo-gustavo,14
Reveja as Imersões,estadual,Brasil,oportunidade,ANEXO 5 - TERMO DE EXECUÇÃO CULTURAL Patrimônio Vivo Capixaba Inscrições na plataforma Mapa Cultural ES AQUI Mais informações pelo telefone (27) 3636-7126 Conteúdo Atualização Formato Tamanho Lista Inscritos LPG Patrimônio Vivo 16/10/2023 pdf 435 KB Baixar EDITAIS LPG - PATRIMÔNIO VIVO_CULTURAS TRADICIONAIS 22/09/2023 pdf 213 KB Baixar ANEXO 1 - DECLARAÇÃO DE REPRESENTAÇÃO DE GRUPO 22/09/2023 pdf 41 KB Baixar ANEXO 2 - FORMULÁRIOS DE INSCRIÇÃO (OUTROS),edital,festival_inscricao,nao identificado,cultura,,4,2023,https://secult.es.gov.br/media/PDF/lei-paulo-gustavo/editais/patrimonio-vivo/ANEXO%205%20-%20TERMO%20DE%20EXECU%C3%87%C3%83O%20CULTURAL.pdf,https://secult.es.gov.br/editais-lei-paulo-gustavo,14
Reveja as Imersões,estadual,Brasil,oportunidade,ANEXO 8 - CONTRAPARTIDAS SOCIAIS Patrimônio Vivo Capixaba Inscrições na plataforma Mapa Cultural ES AQUI Mais informações pelo telefone (27) 3636-7126 Conteúdo Atualização Formato Tamanho Lista Inscritos LPG Patrimônio Vivo 16/10/2023 pdf 435 KB Baixar EDITAIS LPG - PATRIMÔNIO VIVO_CULTURAS TRADICIONAIS 22/09/2023 pdf 213 KB Baixar ANEXO 1 - DECLARAÇÃO DE REPRESENTAÇÃO DE GRUPO 22/09/2023 pdf 41 KB Baixar ANEXO 2 - FORMULÁRIOS DE INSCRIÇÃO (OUTROS),edital,festival_inscricao,nao identificado,cultura,,4,2023,https://secult.es.gov.br/media/PDF/lei-paulo-gustavo/editais/patrimonio-vivo/ANEXO%208%20-%20CONTRAPARTIDAS%20SOCIAIS.pdf,https://secult.es.gov.br/editais-lei-paulo-gustavo,14
Reveja as Imersões,estadual,Brasil,oportunidade,ANEXO 9 - AUTODECLARAÇÃO ÉTNICO-RACIAL Patrimônio Vivo Capixaba Inscrições na plataforma Mapa Cultural ES AQUI Mais informações pelo telefone (27) 3636-7126 Conteúdo Atualização Formato Tamanho Lista Inscritos LPG Patrimônio Vivo 16/10/2023 pdf 435 KB Baixar EDITAIS LPG - PATRIMÔNIO VIVO_CULTURAS TRADICIONAIS 22/09/2023 pdf 213 KB Baixar ANEXO 1 - DECLARAÇÃO DE REPRESENTAÇÃO DE GRUPO 22/09/2023 pdf 41 KB Baixar ANEXO 2 - FORMULÁRIOS DE INSCRIÇÃO (OUTROS),edital,festival_inscricao,nao identificado,cultura,,4,2023,https://secult.es.gov.br/media/PDF/lei-paulo-gustavo/editais/patrimonio-vivo/ANEXO%209%20-%20AUTODECLARA%C3%87%C3%83O%20%C3%89TNICO-RACIAL.pdf,https://secult.es.gov.br/editais-lei-paulo-gustavo,14
Reveja as Imersões,estadual,Brasil,oportunidade,ATA COMISSÃO JULGADORA - PATRIMÔNIO VIVO Patrimônio Vivo Capixaba Inscrições na plataforma Mapa Cultural ES AQUI Mais informações pelo telefone (27) 3636-7126 Conteúdo Atualização Formato Tamanho Lista Inscritos LPG Patrimônio Vivo 16/10/2023 pdf 435 KB Baixar EDITAIS LPG - PATRIMÔNIO VIVO_CULTURAS TRADICIONAIS 22/09/2023 pdf 213 KB Baixar ANEXO 1 - DECLARAÇÃO DE REPRESENTAÇÃO DE GRUPO 22/09/2023 pdf 41 KB Baixar ANEXO 2 - FORMULÁRIOS DE INSCRIÇÃO (OUTROS),edital,festival_inscricao,nao identificado,cultura,,4,2023,https://secult.es.gov.br/media/PDF/lei-paulo-gustavo/editais/patrimonio-vivo/ATA%20COMISS%C3%83O%20JULGADORA%20-%20PATRIM%C3%94NIO%20VIVO.pdf,https://secult.es.gov.br/editais-lei-paulo-gustavo,14
Reveja as Imersões,estadual,Brasil,oportunidade,ATA DE JULGAMENTO DE RECURSO E RESULTADO FINAL - CULTURAS DA INFÂNCIA Culturas das Infâncias Inscrições na plataforma Mapa Cultural ES AQUI Conteúdo Atualização Formato Tamanho Lista de Inscritos LPG Culturas da Infância 16/10/2023 pdf 483 KB Baixar EDITAIS LPG - CULTURAS DA INFÂNCIA NO ESTADO DO ESPÍRITO SANTO_FINAL 22/09/2023 pdf 208 KB Baixar ANEXO 1 - DECLARAÇÃO DE REPRESENTAÇÃO DE GRUPO (SE HOUVER) 22/09/2023 pdf 42 KB Baixar ANEXO 2 - FORMULÁRIOS DE INSCRIÇÃO (OUTROS) 22/09/2023,edital,festival_inscricao,formacao_mentoria,cultura,,4,2023,https://secult.es.gov.br/media/PDF/lei-paulo-gustavo/editais/culturas-da-infancia/ATA%20DE%20JULGAMENTO%20DE%20RECURSO%20E%20RESULTADO%20FINAL%20-%20CULTURAS%20DA%20INF%C3%82NCIA.pdf,https://secult.es.gov.br/editais-lei-paulo-gustavo,14
Reveja as Imersões,estadual,Brasil,oportunidade,ATA DE JULGAMENTO DE RECURSOS E RETIFICAÇÃO DO RESULTADO- PATRIMÔNIO VIVO CAPIXABA Patrimônio Vivo Capixaba Inscrições na plataforma Mapa Cultural ES AQUI Mais informações pelo telefone (27) 3636-7126 Conteúdo Atualização Formato Tamanho Lista Inscritos LPG Patrimônio Vivo 16/10/2023 pdf 435 KB Baixar EDITAIS LPG - PATRIMÔNIO VIVO_CULTURAS TRADICIONAIS 22/09/2023 pdf 213 KB Baixar ANEXO 1 - DECLARAÇÃO DE REPRESENTAÇÃO DE GRUPO 22/09/2023 pdf 41 KB Baixar ANEXO 2 - FORMULÁRIOS DE INSCRIÇÃO (OUTROS),edital,festival_inscricao,formacao_mentoria,cultura,,4,2023,https://secult.es.gov.br/media/PDF/lei-paulo-gustavo/editais/patrimonio-vivo/ATA%20DE%20JULGAMENTO%20DE%20RECURSOS%20E%20RETIFICA%C3%87%C3%83O%20DO%20RESULTADO-%20PATRIM%C3%94NIO%20VIVO%20CAPIXABA.pdf,https://secult.es.gov.br/editais-lei-paulo-gustavo,14
Reveja as Imersões,estadual,Brasil,oportunidade,ATO DE CONFIRMAÇÃO DE DOCUMENTAÇÃO - FINAL Patrimônio Vivo Capixaba Inscrições na plataforma Mapa Cultural ES AQUI Mais informações pelo telefone (27) 3636-7126 Conteúdo Atualização Formato Tamanho Lista Inscritos LPG Patrimônio Vivo 16/10/2023 pdf 435 KB Baixar EDITAIS LPG - PATRIMÔNIO VIVO_CULTURAS TRADICIONAIS 22/09/2023 pdf 213 KB Baixar ANEXO 1 - DECLARAÇÃO DE REPRESENTAÇÃO DE GRUPO 22/09/2023 pdf 41 KB Baixar ANEXO 2 - FORMULÁRIOS DE INSCRIÇÃO (OUTROS),edital,festival_inscricao,nao identificado,cultura,,4,2023,https://secult.es.gov.br/media/2023/PUBLICA%C3%87%C3%83O%20-%20ATO%20DE%20CONFIRMA%C3%87%C3%83O%20PROPONENTES%20SELECIONADOS%20PATRIM%C3%94NIO%20VIVO%20-%20E-DOCS.pdf,https://secult.es.gov.br/editais-lei-paulo-gustavo,14
Reveja as Imersões,estadual,Brasil,oportunidade,ATO DE CONFIRMAÇÃO PROPONENTES SUPLENTE PATRIMÔNIO VIVO Patrimônio Vivo Capixaba Inscrições na plataforma Mapa Cultural ES AQUI Mais informações pelo telefone (27) 3636-7126 Conteúdo Atualização Formato Tamanho Lista Inscritos LPG Patrimônio Vivo 16/10/2023 pdf 435 KB Baixar EDITAIS LPG - PATRIMÔNIO VIVO_CULTURAS TRADICIONAIS 22/09/2023 pdf 213 KB Baixar ANEXO 1 - DECLARAÇÃO DE REPRESENTAÇÃO DE GRUPO 22/09/2023 pdf 41 KB Baixar ANEXO 2 - FORMULÁRIOS DE INSCRIÇÃO (OUTROS),edital,festival_inscricao,nao identificado,cultura,,4,2023,https://secult.es.gov.br/media/2024/ATO%20DE%20CONFIRMA%C3%87%C3%83O%20PROPONENTES%20SUPLENTE%20PATRIM%C3%94NIO%20VIVO.pdf,https://secult.es.gov.br/editais-lei-paulo-gustavo,14
Reveja as Imersões,estadual,Brasil,oportunidade,Baixar Culturas das Infâncias Inscrições na plataforma Mapa Cultural ES AQUI Conteúdo Atualização Formato Tamanho Lista de Inscritos LPG Culturas da Infância 16/10/2023 pdf 483 KB Baixar EDITAIS LPG - CULTURAS DA INFÂNCIA NO ESTADO DO ESPÍRITO SANTO_FINAL 22/09/2023 pdf 208 KB Baixar ANEXO 1 - DECLARAÇÃO DE REPRESENTAÇÃO DE GRUPO (SE HOUVER) 22/09/2023 pdf 42 KB Baixar ANEXO 2 - FORMULÁRIOS DE INSCRIÇÃO (OUTROS) 22/09/2023,edital,festival_inscricao,formacao_mentoria,cultura,,4,2023,https://secult.es.gov.br/media/PDF/lei-paulo-gustavo/editais/culturas-da-infancia/ATA%20DE%20JULGAMENTO%20DE%20RECURSO%20E%20RESULTADO%20FINAL%20-%20CULTURAS%20DA%20INF%C3%82NCIA.pdf,https://secult.es.gov.br/editais-lei-paulo-gustavo,14
Reveja as Imersões,estadual,Brasil,oportunidade,Baixar Patrimônio Vivo Capixaba Inscrições na plataforma Mapa Cultural ES AQUI Mais informações pelo telefone (27) 3636-7126 Conteúdo Atualização Formato Tamanho Lista Inscritos LPG Patrimônio Vivo 16/10/2023 pdf 435 KB Baixar EDITAIS LPG - PATRIMÔNIO VIVO_CULTURAS TRADICIONAIS 22/09/2023 pdf 213 KB Baixar ANEXO 1 - DECLARAÇÃO DE REPRESENTAÇÃO DE GRUPO 22/09/2023 pdf 41 KB Baixar ANEXO 2 - FORMULÁRIOS DE INSCRIÇÃO (OUTROS),edital,festival_inscricao,nao identificado,cultura,,4,2023,https://secult.es.gov.br/media/2023/Lista%20Inscritos%20LPG%20Patrim%C3%B4nio%20Vivo.pdf,https://secult.es.gov.br/editais-lei-paulo-gustavo,14
Reveja as Imersões,estadual,Brasil,oportunidade,Baixar Patrimônio Vivo Capixaba Inscrições na plataforma Mapa Cultural ES AQUI Mais informações pelo telefone (27) 3636-7126 Conteúdo Atualização Formato Tamanho Lista Inscritos LPG Patrimônio Vivo 16/10/2023 pdf 435 KB Baixar EDITAIS LPG - PATRIMÔNIO VIVO_CULTURAS TRADICIONAIS 22/09/2023 pdf 213 KB Baixar ANEXO 1 - DECLARAÇÃO DE REPRESENTAÇÃO DE GRUPO 22/09/2023 pdf 41 KB Baixar ANEXO 2 - FORMULÁRIOS DE INSCRIÇÃO (OUTROS),edital,festival_inscricao,nao identificado,cultura,,4,2023,https://secult.es.gov.br/media/PDF/lei-paulo-gustavo/editais/patrimonio-vivo/EDITAIS%20LPG%20-%20PATRIM%C3%94NIO%20VIVO_CULTURAS%20TRADICIONAIS.pdf,https://secult.es.gov.br/editais-lei-paulo-gustavo,14
Reveja as Imersões,estadual,Brasil,oportunidade,Baixar Patrimônio Vivo Capixaba Inscrições na plataforma Mapa Cultural ES AQUI Mais informações pelo telefone (27) 3636-7126 Conteúdo Atualização Formato Tamanho Lista Inscritos LPG Patrimônio Vivo 16/10/2023 pdf 435 KB Baixar EDITAIS LPG - PATRIMÔNIO VIVO_CULTURAS TRADICIONAIS 22/09/2023 pdf 213 KB Baixar ANEXO 1 - DECLARAÇÃO DE REPRESENTAÇÃO DE GRUPO 22/09/2023 pdf 41 KB Baixar ANEXO 2 - FORMULÁRIOS DE INSCRIÇÃO (OUTROS),edital,festival_inscricao,nao identificado,cultura,,4,2023,https://secult.es.gov.br/media/PDF/lei-paulo-gustavo/editais/patrimonio-vivo/ANEXO%201%20-%20DECLARA%C3%87%C3%83O%20DE%20REPRESENTA%C3%87%C3%83O%20DE%20GRUPO.pdf,https://secult.es.gov.br/editais-lei-paulo-gustavo,14
Reveja as Imersões,estadual,Brasil,oportunidade,Baixar Patrimônio Vivo Capixaba Inscrições na plataforma Mapa Cultural ES AQUI Mais informações pelo telefone (27) 3636-7126 Conteúdo Atualização Formato Tamanho Lista Inscritos LPG Patrimônio Vivo 16/10/2023 pdf 435 KB Baixar EDITAIS LPG - PATRIMÔNIO VIVO_CULTURAS TRADICIONAIS 22/09/2023 pdf 213 KB Baixar ANEXO 1 - DECLARAÇÃO DE REPRESENTAÇÃO DE GRUPO 22/09/2023 pdf 41 KB Baixar ANEXO 2 - FORMULÁRIOS DE INSCRIÇÃO (OUTROS),edital,festival_inscricao,nao identificado,cultura,,4,2023,https://secult.es.gov.br/media/PDF/lei-paulo-gustavo/editais/patrimonio-vivo/ANEXO%202%20-%20FORMUL%C3%81RIOS%20DE%20INSCRI%C3%87%C3%83O%20%28OUTROS%29.pdf,https://secult.es.gov.br/editais-lei-paulo-gustavo,14
Reveja as Imersões,estadual,Brasil,oportunidade,Baixar Patrimônio Vivo Capixaba Inscrições na plataforma Mapa Cultural ES AQUI Mais informações pelo telefone (27) 3636-7126 Conteúdo Atualização Formato Tamanho Lista Inscritos LPG Patrimônio Vivo 16/10/2023 pdf 435 KB Baixar EDITAIS LPG - PATRIMÔNIO VIVO_CULTURAS TRADICIONAIS 22/09/2023 pdf 213 KB Baixar ANEXO 1 - DECLARAÇÃO DE REPRESENTAÇÃO DE GRUPO 22/09/2023 pdf 41 KB Baixar ANEXO 2 - FORMULÁRIOS DE INSCRIÇÃO (OUTROS),edital,festival_inscricao,nao identificado,cultura,,4,2023,https://secult.es.gov.br/media/PDF/lei-paulo-gustavo/editais/patrimonio-vivo/ANEXO%203%20-%20PLANILHA%20DE%20CUSTOS%20DO%20PROJETO.xlsx,https://secult.es.gov.br/editais-lei-paulo-gustavo,14
Reveja as Imersões,estadual,Brasil,oportunidade,Baixar Patrimônio Vivo Capixaba Inscrições na plataforma Mapa Cultural ES AQUI Mais informações pelo telefone (27) 3636-7126 Conteúdo Atualização Formato Tamanho Lista Inscritos LPG Patrimônio Vivo 16/10/2023 pdf 435 KB Baixar EDITAIS LPG - PATRIMÔNIO VIVO_CULTURAS TRADICIONAIS 22/09/2023 pdf 213 KB Baixar ANEXO 1 - DECLARAÇÃO DE REPRESENTAÇÃO DE GRUPO 22/09/2023 pdf 41 KB Baixar ANEXO 2 - FORMULÁRIOS DE INSCRIÇÃO (OUTROS),edital,festival_inscricao,formacao_mentoria,cultura,,4,2023,https://secult.es.gov.br/media/PDF/lei-paulo-gustavo/editais/patrimonio-vivo/ANEXO%204%20-%20FORMUL%C3%81RIO%20DE%20RECURSO.pdf,https://secult.es.gov.br/editais-lei-paulo-gustavo,14
Reveja as Imersões,estadual,Brasil,oportunidade,Baixar Patrimônio Vivo Capixaba Inscrições na plataforma Mapa Cultural ES AQUI Mais informações pelo telefone (27) 3636-7126 Conteúdo Atualização Formato Tamanho Lista Inscritos LPG Patrimônio Vivo 16/10/2023 pdf 435 KB Baixar EDITAIS LPG - PATRIMÔNIO VIVO_CULTURAS TRADICIONAIS 22/09/2023 pdf 213 KB Baixar ANEXO 1 - DECLARAÇÃO DE REPRESENTAÇÃO DE GRUPO 22/09/2023 pdf 41 KB Baixar ANEXO 2 - FORMULÁRIOS DE INSCRIÇÃO (OUTROS),edital,festival_inscricao,nao identificado,cultura,,4,2023,https://secult.es.gov.br/media/PDF/lei-paulo-gustavo/editais/patrimonio-vivo/ANEXO%205%20-%20TERMO%20DE%20EXECU%C3%87%C3%83O%20CULTURAL.pdf,https://secult.es.gov.br/editais-lei-paulo-gustavo,14
Reveja as Imersões,estadual,Brasil,oportunidade,Baixar Patrimônio Vivo Capixaba Inscrições na plataforma Mapa Cultural ES AQUI Mais informações pelo telefone (27) 3636-7126 Conteúdo Atualização Formato Tamanho Lista Inscritos LPG Patrimônio Vivo 16/10/2023 pdf 435 KB Baixar EDITAIS LPG - PATRIMÔNIO VIVO_CULTURAS TRADICIONAIS 22/09/2023 pdf 213 KB Baixar ANEXO 1 - DECLARAÇÃO DE REPRESENTAÇÃO DE GRUPO 22/09/2023 pdf 41 KB Baixar ANEXO 2 - FORMULÁRIOS DE INSCRIÇÃO (OUTROS),edital,festival_inscricao,nao identificado,cultura,,4,2023,https://secult.es.gov.br/media/PDF/lei-paulo-gustavo/editais/patrimonio-vivo/ANEXO%206%20-%20MODELO%20DE%20RELAT%C3%93RIO%20DA%20EXECU%C3%87%C3%83O%20DO%20PROJETO.pdf,https://secult.es.gov.br/editais-lei-paulo-gustavo,14
Reveja as Imersões,estadual,Brasil,oportunidade,Baixar Patrimônio Vivo Capixaba Inscrições na plataforma Mapa Cultural ES AQUI Mais informações pelo telefone (27) 3636-7126 Conteúdo Atualização Formato Tamanho Lista Inscritos LPG Patrimônio Vivo 16/10/2023 pdf 435 KB Baixar EDITAIS LPG - PATRIMÔNIO VIVO_CULTURAS TRADICIONAIS 22/09/2023 pdf 213 KB Baixar ANEXO 1 - DECLARAÇÃO DE REPRESENTAÇÃO DE GRUPO 22/09/2023 pdf 41 KB Baixar ANEXO 2 - FORMULÁRIOS DE INSCRIÇÃO (OUTROS),edital,festival_inscricao,nao identificado,cultura,,4,2023,https://secult.es.gov.br/media/PDF/lei-paulo-gustavo/editais/patrimonio-vivo/ANEXO%208%20-%20CONTRAPARTIDAS%20SOCIAIS.pdf,https://secult.es.gov.br/editais-lei-paulo-gustavo,14
Reveja as Imersões,estadual,Brasil,oportunidade,Baixar Patrimônio Vivo Capixaba Inscrições na plataforma Mapa Cultural ES AQUI Mais informações pelo telefone (27) 3636-7126 Conteúdo Atualização Formato Tamanho Lista Inscritos LPG Patrimônio Vivo 16/10/2023 pdf 435 KB Baixar EDITAIS LPG - PATRIMÔNIO VIVO_CULTURAS TRADICIONAIS 22/09/2023 pdf 213 KB Baixar ANEXO 1 - DECLARAÇÃO DE REPRESENTAÇÃO DE GRUPO 22/09/2023 pdf 41 KB Baixar ANEXO 2 - FORMULÁRIOS DE INSCRIÇÃO (OUTROS),edital,festival_inscricao,nao identificado,cultura,,4,2023,https://secult.es.gov.br/media/PDF/lei-paulo-gustavo/editais/patrimonio-vivo/ANEXO%209%20-%20AUTODECLARA%C3%87%C3%83O%20%C3%89TNICO-RACIAL.pdf,https://secult.es.gov.br/editais-lei-paulo-gustavo,14
Reveja as Imersões,estadual,Brasil,oportunidade,Baixar Patrimônio Vivo Capixaba Inscrições na plataforma Mapa Cultural ES AQUI Mais informações pelo telefone (27) 3636-7126 Conteúdo Atualização Formato Tamanho Lista Inscritos LPG Patrimônio Vivo 16/10/2023 pdf 435 KB Baixar EDITAIS LPG - PATRIMÔNIO VIVO_CULTURAS TRADICIONAIS 22/09/2023 pdf 213 KB Baixar ANEXO 1 - DECLARAÇÃO DE REPRESENTAÇÃO DE GRUPO 22/09/2023 pdf 41 KB Baixar ANEXO 2 - FORMULÁRIOS DE INSCRIÇÃO (OUTROS),edital,festival_inscricao,nao identificado,cultura,,4,2023,https://secult.es.gov.br/media/2023/DIO%20-%20Designa%C3%A7%C3%A3o%20da%20Comiss%C3%A3o%20Julgadora%20-%20Patrim%C3%B4nio%20Vivo.pdf,https://secult.es.gov.br/editais-lei-paulo-gustavo,14
Reveja as Imersões,estadual,Brasil,oportunidade,Baixar Patrimônio Vivo Capixaba Inscrições na plataforma Mapa Cultural ES AQUI Mais informações pelo telefone (27) 3636-7126 Conteúdo Atualização Formato Tamanho Lista Inscritos LPG Patrimônio Vivo 16/10/2023 pdf 435 KB Baixar EDITAIS LPG - PATRIMÔNIO VIVO_CULTURAS TRADICIONAIS 22/09/2023 pdf 213 KB Baixar ANEXO 1 - DECLARAÇÃO DE REPRESENTAÇÃO DE GRUPO 22/09/2023 pdf 41 KB Baixar ANEXO 2 - FORMULÁRIOS DE INSCRIÇÃO (OUTROS),edital,festival_inscricao,nao identificado,cultura,,4,2023,https://secult.es.gov.br/media/2023/DIO%20-%20Aviso%20de%20Prorroga%C3%A7%C3%A3o%20de%20inscri%C3%A7%C3%A3o.pdf,https://secult.es.gov.br/editais-lei-paulo-gustavo,14
Reveja as Imersões,estadual,Brasil,oportunidade,Baixar Patrimônio Vivo Capixaba Inscrições na plataforma Mapa Cultural ES AQUI Mais informações pelo telefone (27) 3636-7126 Conteúdo Atualização Formato Tamanho Lista Inscritos LPG Patrimônio Vivo 16/10/2023 pdf 435 KB Baixar EDITAIS LPG - PATRIMÔNIO VIVO_CULTURAS TRADICIONAIS 22/09/2023 pdf 213 KB Baixar ANEXO 1 - DECLARAÇÃO DE REPRESENTAÇÃO DE GRUPO 22/09/2023 pdf 41 KB Baixar ANEXO 2 - FORMULÁRIOS DE INSCRIÇÃO (OUTROS),edital,festival_inscricao,nao identificado,cultura,,4,2023,https://secult.es.gov.br/media/PDF/lei-paulo-gustavo/editais/patrimonio-vivo/ATA%20COMISS%C3%83O%20JULGADORA%20-%20PATRIM%C3%94NIO%20VIVO.pdf,https://secult.es.gov.br/editais-lei-paulo-gustavo,14
Reveja as Imersões,estadual,Brasil,oportunidade,Baixar Patrimônio Vivo Capixaba Inscrições na plataforma Mapa Cultural ES AQUI Mais informações pelo telefone (27) 3636-7126 Conteúdo Atualização Formato Tamanho Lista Inscritos LPG Patrimônio Vivo 16/10/2023 pdf 435 KB Baixar EDITAIS LPG - PATRIMÔNIO VIVO_CULTURAS TRADICIONAIS 22/09/2023 pdf 213 KB Baixar ANEXO 1 - DECLARAÇÃO DE REPRESENTAÇÃO DE GRUPO 22/09/2023 pdf 41 KB Baixar ANEXO 2 - FORMULÁRIOS DE INSCRIÇÃO (OUTROS),edital,festival_inscricao,formacao_mentoria,cultura,,4,2023,https://secult.es.gov.br/media/PDF/lei-paulo-gustavo/editais/patrimonio-vivo/ATA%20DE%20JULGAMENTO%20DE%20RECURSOS%20E%20RETIFICA%C3%87%C3%83O%20DO%20RESULTADO-%20PATRIM%C3%94NIO%20VIVO%20CAPIXABA.pdf,https://secult.es.gov.br/editais-lei-paulo-gustavo,14
Reveja as Imersões,estadual,Brasil,oportunidade,Baixar Patrimônio Vivo Capixaba Inscrições na plataforma Mapa Cultural ES AQUI Mais informações pelo telefone (27) 3636-7126 Conteúdo Atualização Formato Tamanho Lista Inscritos LPG Patrimônio Vivo 16/10/2023 pdf 435 KB Baixar EDITAIS LPG - PATRIMÔNIO VIVO_CULTURAS TRADICIONAIS 22/09/2023 pdf 213 KB Baixar ANEXO 1 - DECLARAÇÃO DE REPRESENTAÇÃO DE GRUPO 22/09/2023 pdf 41 KB Baixar ANEXO 2 - FORMULÁRIOS DE INSCRIÇÃO (OUTROS),edital,festival_inscricao,nao identificado,cultura,,4,2023,https://secult.es.gov.br/media/PDF/lei-paulo-gustavo/editais/patrimonio-vivo/ATO%20DE%20CONVOCA%C3%87%C3%83O%20PROPONENTES%20SELECIONADOS%20-%20PATRIM%C3%94NIO%20VIVO%20CAPIXABA-1.pdf,https://secult.es.gov.br/editais-lei-paulo-gustavo,14
Reveja as Imersões,estadual,Brasil,oportunidade,Baixar Patrimônio Vivo Capixaba Inscrições na plataforma Mapa Cultural ES AQUI Mais informações pelo telefone (27) 3636-7126 Conteúdo Atualização Formato Tamanho Lista Inscritos LPG Patrimônio Vivo 16/10/2023 pdf 435 KB Baixar EDITAIS LPG - PATRIMÔNIO VIVO_CULTURAS TRADICIONAIS 22/09/2023 pdf 213 KB Baixar ANEXO 1 - DECLARAÇÃO DE REPRESENTAÇÃO DE GRUPO 22/09/2023 pdf 41 KB Baixar ANEXO 2 - FORMULÁRIOS DE INSCRIÇÃO (OUTROS),edital,festival_inscricao,nao identificado,cultura,,4,2023,https://secult.es.gov.br/media/2023/PUBLICA%C3%87%C3%83O%20-%20ATO%20DE%20CONFIRMA%C3%87%C3%83O%20PROPONENTES%20SELECIONADOS%20PATRIM%C3%94NIO%20VIVO%20-%20E-DOCS.pdf,https://secult.es.gov.br/editais-lei-paulo-gustavo,14
Reveja as Imersões,estadual,Brasil,oportunidade,Baixar Patrimônio Vivo Capixaba Inscrições na plataforma Mapa Cultural ES AQUI Mais informações pelo telefone (27) 3636-7126 Conteúdo Atualização Formato Tamanho Lista Inscritos LPG Patrimônio Vivo 16/10/2023 pdf 435 KB Baixar EDITAIS LPG - PATRIMÔNIO VIVO_CULTURAS TRADICIONAIS 22/09/2023 pdf 213 KB Baixar ANEXO 1 - DECLARAÇÃO DE REPRESENTAÇÃO DE GRUPO 22/09/2023 pdf 41 KB Baixar ANEXO 2 - FORMULÁRIOS DE INSCRIÇÃO (OUTROS),edital,festival_inscricao,nao identificado,cultura,,4,2023,https://secult.es.gov.br/media/PDF/lei-paulo-gustavo/editais/patrimonio-vivo/ATO%20DE%20CONVOCA%C3%87%C3%83O%20DE%20PROPONENTES%20SUPLENTES%20-%20PATRIM%C3%94NIO%20VIVO.pdf,https://secult.es.gov.br/editais-lei-paulo-gustavo,14
Reveja as Imersões,estadual,Brasil,oportunidade,Baixar Patrimônio Vivo Capixaba Inscrições na plataforma Mapa Cultural ES AQUI Mais informações pelo telefone (27) 3636-7126 Conteúdo Atualização Formato Tamanho Lista Inscritos LPG Patrimônio Vivo 16/10/2023 pdf 435 KB Baixar EDITAIS LPG - PATRIMÔNIO VIVO_CULTURAS TRADICIONAIS 22/09/2023 pdf 213 KB Baixar ANEXO 1 - DECLARAÇÃO DE REPRESENTAÇÃO DE GRUPO 22/09/2023 pdf 41 KB Baixar ANEXO 2 - FORMULÁRIOS DE INSCRIÇÃO (OUTROS),edital,festival_inscricao,nao identificado,cultura,,4,2023,https://secult.es.gov.br/media/2024/ATO%20DE%20CONFIRMA%C3%87%C3%83O%20PROPONENTES%20SUPLENTE%20PATRIM%C3%94NIO%20VIVO.pdf,https://secult.es.gov.br/editais-lei-paulo-gustavo,14
Reveja as Imersões,estadual,Brasil,oportunidade,DIO - Aviso de Prorrogação de inscrição Patrimônio Vivo Capixaba Inscrições na plataforma Mapa Cultural ES AQUI Mais informações pelo telefone (27) 3636-7126 Conteúdo Atualização Formato Tamanho Lista Inscritos LPG Patrimônio Vivo 16/10/2023 pdf 435 KB Baixar EDITAIS LPG - PATRIMÔNIO VIVO_CULTURAS TRADICIONAIS 22/09/2023 pdf 213 KB Baixar ANEXO 1 - DECLARAÇÃO DE REPRESENTAÇÃO DE GRUPO 22/09/2023 pdf 41 KB Baixar ANEXO 2 - FORMULÁRIOS DE INSCRIÇÃO (OUTROS),edital,festival_inscricao,nao identificado,cultura,,4,2023,https://secult.es.gov.br/media/2023/DIO%20-%20Aviso%20de%20Prorroga%C3%A7%C3%A3o%20de%20inscri%C3%A7%C3%A3o.pdf,https://secult.es.gov.br/editais-lei-paulo-gustavo,14
Reveja as Imersões,estadual,Brasil,oportunidade,DIO - Designação da Comissão Julgadora - Patrimônio Vivo Patrimônio Vivo Capixaba Inscrições na plataforma Mapa Cultural ES AQUI Mais informações pelo telefone (27) 3636-7126 Conteúdo Atualização Formato Tamanho Lista Inscritos LPG Patrimônio Vivo 16/10/2023 pdf 435 KB Baixar EDITAIS LPG - PATRIMÔNIO VIVO_CULTURAS TRADICIONAIS 22/09/2023 pdf 213 KB Baixar ANEXO 1 - DECLARAÇÃO DE REPRESENTAÇÃO DE GRUPO 22/09/2023 pdf 41 KB Baixar ANEXO 2 - FORMULÁRIOS DE INSCRIÇÃO (OUTROS),edital,festival_inscricao,nao identificado,cultura,,4,2023,https://secult.es.gov.br/media/2023/DIO%20-%20Designa%C3%A7%C3%A3o%20da%20Comiss%C3%A3o%20Julgadora%20-%20Patrim%C3%B4nio%20Vivo.pdf,https://secult.es.gov.br/editais-lei-paulo-gustavo,14
Reveja as Imersões,estadual,Brasil,oportunidade,EDITAIS LPG - PATRIMÔNIO VIVO_CULTURAS TRADICIONAIS Patrimônio Vivo Capixaba Inscrições na plataforma Mapa Cultural ES AQUI Mais informações pelo telefone (27) 3636-7126 Conteúdo Atualização Formato Tamanho Lista Inscritos LPG Patrimônio Vivo 16/10/2023 pdf 435 KB Baixar EDITAIS LPG - PATRIMÔNIO VIVO_CULTURAS TRADICIONAIS 22/09/2023 pdf 213 KB Baixar ANEXO 1 - DECLARAÇÃO DE REPRESENTAÇÃO DE GRUPO 22/09/2023 pdf 41 KB Baixar ANEXO 2 - FORMULÁRIOS DE INSCRIÇÃO (OUTROS),edital,festival_inscricao,nao identificado,cultura,,4,2023,https://secult.es.gov.br/media/PDF/lei-paulo-gustavo/editais/patrimonio-vivo/EDITAIS%20LPG%20-%20PATRIM%C3%94NIO%20VIVO_CULTURAS%20TRADICIONAIS.pdf,https://secult.es.gov.br/editais-lei-paulo-gustavo,14
Reveja as Imersões,estadual,Brasil,oportunidade,Lista Inscritos LPG Patrimônio Vivo Patrimônio Vivo Capixaba Inscrições na plataforma Mapa Cultural ES AQUI Mais informações pelo telefone (27) 3636-7126 Conteúdo Atualização Formato Tamanho Lista Inscritos LPG Patrimônio Vivo 16/10/2023 pdf 435 KB Baixar EDITAIS LPG - PATRIMÔNIO VIVO_CULTURAS TRADICIONAIS 22/09/2023 pdf 213 KB Baixar ANEXO 1 - DECLARAÇÃO DE REPRESENTAÇÃO DE GRUPO 22/09/2023 pdf 41 KB Baixar ANEXO 2 - FORMULÁRIOS DE INSCRIÇÃO (OUTROS),edital,festival_inscricao,nao identificado,cultura,,4,2023,https://secult.es.gov.br/media/2023/Lista%20Inscritos%20LPG%20Patrim%C3%B4nio%20Vivo.pdf,https://secult.es.gov.br/editais-lei-paulo-gustavo,14
Programa de Desenvolvimento do Audiovisual Mineiro,estadual,Brasil,oportunidade,Lei Paulo Gustavo (LPG) Lei Paulo Gustavo (LPG) Cronograma Editais Resultado Preliminar Resultado Final Suplentes,outro,nao identificado,nao identificado,audiovisual,,10,,https://www.secult.mg.gov.br/a-secretaria/audiovisual/prog-de-desenvolv-do-audiovisual-mineiro/94-transparencia/6265-transparencia,https://www.secult.mg.gov.br/a-secretaria/audiovisual/prog-de-desenvolv-do-audiovisual-mineiro/94-transparencia/6265-transparencia,10
Programa de Desenvolvimento do Audiovisual Mineiro,estadual,Brasil,oportunidade,Lei Paulo Gustavo (LPG) Lei Paulo Gustavo (LPG) Cronograma Editais Resultado Preliminar Resultado Final Suplentes,outro,nao identificado,nao identificado,audiovisual,,10,,https://www.secult.mg.gov.br/a-secretaria/audiovisual/prog-de-desenvolv-do-audiovisual-mineiro,https://www.secult.mg.gov.br/a-secretaria/audiovisual/prog-de-desenvolv-do-audiovisual-mineiro,10
Programa de Desenvolvimento do Audiovisual Mineiro,estadual,Brasil,oportunidade,Lei Paulo Gustavo (LPG) Lei Paulo Gustavo (LPG) Cronograma Editais Resultado Preliminar Resultado Final Suplentes,outro,nao identificado,nao identificado,audiovisual,,10,,https://www.secult.mg.gov.br/a-secretaria/audiovisual/prog-de-desenvolv-do-audiovisual-mineiro/152-audiovisual?layout=,https://www.secult.mg.gov.br/a-secretaria/audiovisual/prog-de-desenvolv-do-audiovisual-mineiro/152-audiovisual?layout=,10
Programa de Desenvolvimento do Audiovisual Mineiro,estadual,Brasil,oportunidade,Política Nacional Aldir Blanc (PNAB) Política Nacional Aldir Blanc (PNAB) Cronograma Documentação Editais Fase de Habilitação Painel de Consulta - Resultados,outro,nao identificado,nao identificado,audiovisual,,10,,https://www.secult.mg.gov.br/a-secretaria/audiovisual/prog-de-desenvolv-do-audiovisual-mineiro/94-transparencia/6265-transparencia,https://www.secult.mg.gov.br/a-secretaria/audiovisual/prog-de-desenvolv-do-audiovisual-mineiro/94-transparencia/6265-transparencia,10
Programa de Desenvolvimento do Audiovisual Mineiro,estadual,Brasil,oportunidade,Política Nacional Aldir Blanc (PNAB) Política Nacional Aldir Blanc (PNAB) Cronograma Documentação Editais Fase de Habilitação Painel de Consulta - Resultados,outro,nao identificado,nao identificado,audiovisual,,10,,https://www.secult.mg.gov.br/a-secretaria/audiovisual/prog-de-desenvolv-do-audiovisual-mineiro,https://www.secult.mg.gov.br/a-secretaria/audiovisual/prog-de-desenvolv-do-audiovisual-mineiro,10
Programa de Desenvolvimento do Audiovisual Mineiro,estadual,Brasil,oportunidade,Política Nacional Aldir Blanc (PNAB) Política Nacional Aldir Blanc (PNAB) Cronograma Documentação Editais Fase de Habilitação Painel de Consulta - Resultados,outro,nao identificado,nao identificado,audiovisual,,10,,https://www.secult.mg.gov.br/a-secretaria/audiovisual/prog-de-desenvolv-do-audiovisual-mineiro/152-audiovisual?layout=,https://www.secult.mg.gov.br/a-secretaria/audiovisual/prog-de-desenvolv-do-audiovisual-mineiro/152-audiovisual?layout=,10
Fundo Setorial do Audiovisual - FSA,federal,Brasil,oportunidade,Seminário para proponentes contemplados nos Editais Cinema e TV -Seleção TV Brasil - EBC,formacao,nao identificado,formacao_mentoria,audiovisual,,69,,https://www.gov.br/ancine/pt-br/centrais-de-conteudo/eventos-de-capacitacao/seminario-para-proponentes-contemplados-nos-editais-cinema-e-tv-selecao-tv-brasil-ebc,https://www.gov.br/ancine/pt-br/fsa,9
"festivals, activities and cinemas",outro,Não identificado,oportunidade,"Transparency Transparency Annual reports Official languages and multiculturalism Quarterly financial reports Proactive disclosure — Grants and contributions — Contracts — Travel, hospitality, conference and event expenditures — Report on annual expenditures Supply Chains Act Special Examination Reports and Audits Access to Information Info Source Privacy Code of conduct for Telefilm Canada’s business partners Formal Complaints fr",grant,nao identificado,nao identificado,audiovisual,,-11,,https://telefilm.ca/en/who-we-are/transparency,https://telefilm.ca/en/who-we-are/our-engagement,9
Fundo Setorial do Audiovisual - FSA,federal,Brasil,oportunidade,Webinário - Chamada de Coprodução Internacional Cinema 2023,formacao,producao,producao_obra,audiovisual,,67,2023,https://www.gov.br/ancine/pt-br/centrais-de-conteudo/eventos-de-capacitacao/webinario-chamada-de-coproducao-internacional-cinema-2023,https://www.gov.br/ancine/pt-br/fsa,7
Secult ES,estadual,Brasil,oportunidade,Espaços Culturais Espaços Culturais Parque Cultural Casa do Governador Galeria Homero Massena Theatro Carlos Gomes Biblioteca Pública do Espírito Santo Bib Móvel Bib Transcol Casa da Música Sônia Cabral Museu de Arte do Espírito Santo Dionísio Del Santo Museu do Colono Legislação,edital,nao identificado,nao identificado,cultura,,-5,,https://secult.es.gov.br/credenciamento,https://secult.es.gov.br/credenciamento,5
Programa de Desenvolvimento do Audiovisual Mineiro,estadual,Brasil,oportunidade,"+ - A inscrição na plataforma Prosas poderia ser menos burocrática? Click to collapse Lei Paulo Gustavo 21 Julho 2023 Dúvidas A Secretaria de Estado de Cultura e Turismo esclarece as principais dúvidas para manter a transparência do processo relacionado à Lei Paulo Gustavo em Minas Gerais. Reunimos abaixo lives de esclarecimentos e os questionamentos mais frequentes com as respectivas respostas, a fim de sanar as principais dúvidas e compartilhar com o público as informações necessárias, reforçando a",outro,festival_inscricao,nao identificado,cultura,,4,2023,https://www.secult.mg.gov.br/documentos/lei-paulo-gustavo-lpg/duvidas,https://www.secult.mg.gov.br/documentos/lei-paulo-gustavo-lpg/duvidas,4
Programa de Desenvolvimento do Audiovisual Mineiro,estadual,Brasil,oportunidade,"+ - Esqueci de incluir um documento na inscrição. Posso entregar à parte? Click to collapse Lei Paulo Gustavo 21 Julho 2023 Dúvidas A Secretaria de Estado de Cultura e Turismo esclarece as principais dúvidas para manter a transparência do processo relacionado à Lei Paulo Gustavo em Minas Gerais. Reunimos abaixo lives de esclarecimentos e os questionamentos mais frequentes com as respectivas respostas, a fim de sanar as principais dúvidas e compartilhar com o público as informações necessárias, reforçando a",outro,festival_inscricao,nao identificado,cultura,,4,2023,https://www.secult.mg.gov.br/documentos/lei-paulo-gustavo-lpg/duvidas,https://www.secult.mg.gov.br/documentos/lei-paulo-gustavo-lpg/duvidas,4
Programa de Desenvolvimento do Audiovisual Mineiro,estadual,Brasil,oportunidade,Editais Editais Fundo Estadual de Cultura (FEC) Editais Dúvidas Frequentes Política Nacional Aldir Blanc (PNAB) Cronograma Documentação Editais Fase de Habilitação Painel de Consulta - Resultados Lei Paulo Gustavo (LPG) Cronograma Editais Resultado Preliminar Resultado Final Suplentes,outro,nao identificado,nao identificado,cultura,,4,,https://www.secult.mg.gov.br/documentos/plataformas/plataforma-digital-fomento-e-incentivo-a-cultura,https://www.secult.mg.gov.br/documentos/plataformas/plataforma-digital-fomento-e-incentivo-a-cultura,4
Programa de Desenvolvimento do Audiovisual Mineiro,estadual,Brasil,oportunidade,RESULTADO FINAL DE DESCLASSIFICADOS POR EXCEDER HORÁRIO DE INSCRIÇÃO,outro,festival_inscricao,nao identificado,inovacao,,4,,https://www.secult.mg.gov.br/download/category/27-outros-editais?download=2201:noite-21-4,https://www.secult.mg.gov.br/documentos/lab/editais-lei-aldir-blanc,4
Reveja as Imersões,estadual,Brasil,oportunidade,Parcerias Lei 13.019/2014 – Convênios Parcerias Lei 13.019/2014 – Convênios Documentação para Celebração Parcerias 2019 Parcerias 2020 Parcerias 2021 Parceria 2022 Parcerias 2023 Parcerias 2024 Parcerias 2025,outro,nao identificado,nao identificado,inovacao,,4,2014,https://secult.es.gov.br/GrupodeArquivos/selecao-de-os,https://secult.es.gov.br/GrupodeArquivos/selecao-de-os,4
Reveja as Imersões,estadual,Brasil,oportunidade,ANEXO 7 - RESERVAS DE VAGAS Patrimônio Vivo Capixaba Inscrições na plataforma Mapa Cultural ES AQUI Mais informações pelo telefone (27) 3636-7126 Conteúdo Atualização Formato Tamanho Lista Inscritos LPG Patrimônio Vivo 16/10/2023 pdf 435 KB Baixar EDITAIS LPG - PATRIMÔNIO VIVO_CULTURAS TRADICIONAIS 22/09/2023 pdf 213 KB Baixar ANEXO 1 - DECLARAÇÃO DE REPRESENTAÇÃO DE GRUPO 22/09/2023 pdf 41 KB Baixar ANEXO 2 - FORMULÁRIOS DE INSCRIÇÃO (OUTROS),trabalho,festival_inscricao,nao identificado,cultura,,4,2023,https://secult.es.gov.br/media/PDF/lei-paulo-gustavo/editais/patrimonio-vivo/ANEXO%207%20-%20RESERVAS%20DE%20VAGAS.pdf,https://secult.es.gov.br/editais-lei-paulo-gustavo,4
Reveja as Imersões,estadual,Brasil,oportunidade,Baixar Patrimônio Vivo Capixaba Inscrições na plataforma Mapa Cultural ES AQUI Mais informações pelo telefone (27) 3636-7126 Conteúdo Atualização Formato Tamanho Lista Inscritos LPG Patrimônio Vivo 16/10/2023 pdf 435 KB Baixar EDITAIS LPG - PATRIMÔNIO VIVO_CULTURAS TRADICIONAIS 22/09/2023 pdf 213 KB Baixar ANEXO 1 - DECLARAÇÃO DE REPRESENTAÇÃO DE GRUPO 22/09/2023 pdf 41 KB Baixar ANEXO 2 - FORMULÁRIOS DE INSCRIÇÃO (OUTROS),trabalho,festival_inscricao,nao identificado,cultura,,4,2023,https://secult.es.gov.br/media/PDF/lei-paulo-gustavo/editais/patrimonio-vivo/ANEXO%207%20-%20RESERVAS%20DE%20VAGAS.pdf,https://secult.es.gov.br/editais-lei-paulo-gustavo,4
Programa de Desenvolvimento do Audiovisual Mineiro,estadual,Brasil,oportunidade,Cultura Cultura Comissões de Cultura Cefic COPEFIC Cultura Viva Fundo Estadual de Cultura (FEC) Lei Estadual de Incentivo à Cultura (LEIC) Lei Aldir Blanc (LAB) Sobre Editais Lei Paulo Gustavo (LPG) Comissão e Subcomissões Consulta Pública Simplificada Contato Dúvidas Legislação Readequa Cultura Comissões de Cultura Cefic COPEFIC Cultura Viva Fundo Estadual de Cultura (FEC) Lei Estadual de Incentivo à Cultura (LEIC) Lei Aldir Blanc (LAB) Sobre Editais Lei Paulo Gustavo (LPG) Comissão e Subcomissões Consulta Pública,lab,nao identificado,formacao_mentoria,cultura,,-6,,https://www.secult.mg.gov.br/editais/editais-02-ao-11/resultado-preliminar-dos-editais-da-lpg-de-02-a-11,https://www.secult.mg.gov.br/editais/editais-02-ao-11/resultado-preliminar-dos-editais-da-lpg-de-02-a-11,4
Programa de Desenvolvimento do Audiovisual Mineiro,estadual,Brasil,oportunidade,Cultura Cultura Comissões de Cultura Cefic COPEFIC Cultura Viva Fundo Estadual de Cultura (FEC) Lei Estadual de Incentivo à Cultura (LEIC) Lei Aldir Blanc (LAB) Sobre Editais Lei Paulo Gustavo (LPG) Comissão e Subcomissões Consulta Pública Simplificada Contato Dúvidas Legislação Readequa Cultura Comissões de Cultura Cefic COPEFIC Cultura Viva Fundo Estadual de Cultura (FEC) Lei Estadual de Incentivo à Cultura (LEIC) Lei Aldir Blanc (LAB) Sobre Editais Lei Paulo Gustavo (LPG) Comissão e Subcomissões Consulta Pública,lab,nao identificado,formacao_mentoria,cultura,,-6,,https://www.secult.mg.gov.br/aplicacao-de-marcas/lei-estadual-de-incentivo-a-cultura,https://www.secult.mg.gov.br/aplicacao-de-marcas/lei-estadual-de-incentivo-a-cultura,4
Programa de Desenvolvimento do Audiovisual Mineiro,estadual,Brasil,oportunidade,Cultura Cultura Comissões de Cultura Cefic COPEFIC Cultura Viva Fundo Estadual de Cultura (FEC) Lei Estadual de Incentivo à Cultura (LEIC) Lei Aldir Blanc (LAB) Sobre Editais Lei Paulo Gustavo (LPG) Comissão e Subcomissões Consulta Pública Simplificada Contato Dúvidas Legislação Readequa Cultura Comissões de Cultura Cefic COPEFIC Cultura Viva Fundo Estadual de Cultura (FEC) Lei Estadual de Incentivo à Cultura (LEIC) Lei Aldir Blanc (LAB) Sobre Editais Lei Paulo Gustavo (LPG) Comissão e Subcomissões Consulta Pública,lab,nao identificado,formacao_mentoria,cultura,,-6,,https://www.secult.mg.gov.br/aplicacao-de-marcas/politica-nacional-aldir-blanc-pnab,https://www.secult.mg.gov.br/aplicacao-de-marcas/politica-nacional-aldir-blanc-pnab,4
Programa de Desenvolvimento do Audiovisual Mineiro,estadual,Brasil,oportunidade,Cultura Cultura Comissões de Cultura Cefic COPEFIC Cultura Viva Fundo Estadual de Cultura (FEC) Lei Estadual de Incentivo à Cultura (LEIC) Lei Aldir Blanc (LAB) Sobre Editais Lei Paulo Gustavo (LPG) Comissão e Subcomissões Consulta Pública Simplificada Contato Dúvidas Legislação Readequa Cultura Comissões de Cultura Cefic COPEFIC Cultura Viva Fundo Estadual de Cultura (FEC) Lei Estadual de Incentivo à Cultura (LEIC) Lei Aldir Blanc (LAB) Sobre Editais Lei Paulo Gustavo (LPG) Comissão e Subcomissões Consulta Pública,lab,nao identificado,formacao_mentoria,cultura,,-6,,https://www.secult.mg.gov.br/aplicacao-de-marcas/aplicacao-de-marcas-2,https://www.secult.mg.gov.br/aplicacao-de-marcas/aplicacao-de-marcas-2,4
festivals and mercados Build audiences for your projects,outro,Não identificado,oportunidade,"Information for Applicants Please refer to the Information for Applicants for Screen Australia’s core eligibility requirements with respect to having the right to carry out projects and the acquisition of all underlying rights. Information for Recipients Get practical information on contracts, reporting requirements, and how to manage your funding. Home Doing Business With Us Information for Recipients As per Screen Australia’s Terms of Trade, Screen Australia regularly publishes its expectations with regard to cer",outro,nao identificado,nao identificado,audiovisual,,-6,,https://www.screenaustralia.gov.au/doing-business-with-us/information-for-applicants/,https://www.screenaustralia.gov.au/doing-business-with-us/information-for-recipients,4
festivals and mercados Build audiences for your projects,outro,Não identificado,oportunidade,"here As per Screen Australia’s Terms of Trade , funding recipients are required to acknowledge Screen Australia’s support. Screen Australia expects funding recipients to adhere to (and to procure that any other relevant parties adhere to) Screen’s Australia Credit Policy when negotiat Information for Recipients Get practical information on contracts, reporting requirements, and how to manage your funding. Home Doing Business With Us Information for Recipients As per Screen Australia’s Terms of Trade, Screen Austral",outro,nao identificado,nao identificado,audiovisual,,-6,,https://www.screenaustralia.gov.au/doing-business-with-us/credits-and-logos/,https://www.screenaustralia.gov.au/doing-business-with-us/information-for-recipients,4
"Education and Training financiamentoFind out more about national and international bursaries, bolsas e apoios for training providers and our in-house training programmes.",internacional,Não identificado,oportunidade,twitter facebook youtube Online Funding Application Portal Follow us Hit enter to search or ESC to close Close Search search Menu Home About About Us About the SAFTAs Latest News Gallery Videos Funding – Funding Overview and Criteria The NFVF provides funding for film and video-r,festival,exibicao,festival_inscricao,audiovisual,,-10,,https://www.nfvf.co.za/national-festivals-and-markets,https://www.nfvf.co.za/national-festivals-and-markets,0
"Education and Training financiamentoFind out more about national and international bursaries, bolsas e apoios for training providers and our in-house training programmes.",internacional,Não identificado,oportunidade,twitter facebook youtube Online Funding Application Portal Follow us Hit enter to search or ESC to close Close Search search Menu Home About About Us About the SAFTAs Latest News Gallery Videos Funding – Funding Overview and Criteria The NFVF provides funding for film and video-r,festival,exibicao,festival_inscricao,audiovisual,,-10,,https://www.nfvf.co.za/international-festivals-and-markets,https://www.nfvf.co.za/international-festivals-and-markets,0
"Education and Training financiamentoFind out more about national and international bursaries, bolsas e apoios for training providers and our in-house training programmes.",internacional,Não identificado,oportunidade,twitter facebook youtube Online Funding Application Portal Follow us Hit enter to search or ESC to close Close Search search Menu Home About About Us About the SAFTAs Latest News Gallery Videos Funding – Funding Overview and Criteria The NFVF provides funding for film and video-r,mercado,distribuicao,distribuicao_circulacao,audiovisual,,-22,,https://www.nfvf.co.za/marketing-and-distribution,https://www.nfvf.co.za/marketing-and-distribution,-2
"Education and Training financiamentoFind out more about national and international bursaries, bolsas e apoios for training providers and our in-house training programmes.",internacional,Não identificado,oportunidade,About About About Us About the SAFTAs Latest News,festival,exibicao,festival_inscricao,inovacao,,-16,,https://www.nfvf.co.za/national-festivals-and-markets,https://www.nfvf.co.za/national-festivals-and-markets,-6
"Education and Training financiamentoFind out more about national and international bursaries, bolsas e apoios for training providers and our in-house training programmes.",internacional,Não identificado,oportunidade,About About About Us About the SAFTAs Latest News,festival,exibicao,festival_inscricao,inovacao,,-16,,https://www.nfvf.co.za/international-festivals-and-markets,https://www.nfvf.co.za/international-festivals-and-markets,-6
Programa de Desenvolvimento do Audiovisual Mineiro,estadual,Brasil,oportunidade,Cultura Cultura Comissões de Cultura Cefic COPEFIC Cultura Viva Fundo Estadual de Cultura (FEC) Lei Estadual de Incentivo à Cultura (LEIC) Lei Aldir Blanc (LAB) Sobre Editais Lei Paulo Gustavo (LPG) Comissão e Subcomissões Consulta Pública Simplificada Contato Dúvidas Legislação Readequa Cultura Comissões de Cultura Cefic COPEFIC Cultura Viva Fundo Estadual de Cultura (FEC) Lei Estadual de Incentivo à Cultura (LEIC) Lei Aldir Blanc (LAB) Sobre Editais Lei Paulo Gustavo (LPG) Comissão e Subcomissões Consulta Pública,lab,nao identificado,formacao_mentoria,cultura,,-16,,https://www.secult.mg.gov.br/documentos/lei-paulo-gustavo-lpg/duvidas,https://www.secult.mg.gov.br/documentos/lei-paulo-gustavo-lpg/duvidas,-6
Programa de Desenvolvimento do Audiovisual Mineiro,estadual,Brasil,oportunidade,Cultura Cultura Comissões de Cultura Cefic COPEFIC Cultura Viva Fundo Estadual de Cultura (FEC) Lei Estadual de Incentivo à Cultura (LEIC) Lei Aldir Blanc (LAB) Sobre Editais Lei Paulo Gustavo (LPG) Comissão e Subcomissões Consulta Pública Simplificada Contato Dúvidas Legislação Readequa Cultura Comissões de Cultura Cefic COPEFIC Cultura Viva Fundo Estadual de Cultura (FEC) Lei Estadual de Incentivo à Cultura (LEIC) Lei Aldir Blanc (LAB) Sobre Editais Lei Paulo Gustavo (LPG) Comissão e Subcomissões Consulta Pública,lab,nao identificado,formacao_mentoria,cultura,,-16,,https://www.secult.mg.gov.br/editais/editais-pnab/editais-pnab,https://www.secult.mg.gov.br/editais/editais-pnab/editais-pnab,-6
Programa de Desenvolvimento do Audiovisual Mineiro,estadual,Brasil,oportunidade,Cultura Cultura Comissões de Cultura Cefic COPEFIC Cultura Viva Fundo Estadual de Cultura (FEC) Lei Estadual de Incentivo à Cultura (LEIC) Lei Aldir Blanc (LAB) Sobre Editais Lei Paulo Gustavo (LPG) Comissão e Subcomissões Consulta Pública Simplificada Contato Dúvidas Legislação Readequa Cultura Comissões de Cultura Cefic COPEFIC Cultura Viva Fundo Estadual de Cultura (FEC) Lei Estadual de Incentivo à Cultura (LEIC) Lei Aldir Blanc (LAB) Sobre Editais Lei Paulo Gustavo (LPG) Comissão e Subcomissões Consulta Pública,lab,nao identificado,formacao_mentoria,cultura,,-16,,https://www.secult.mg.gov.br/documentos/lab/editais-lei-aldir-blanc,https://www.secult.mg.gov.br/documentos/lab/editais-lei-aldir-blanc,-6
Programa de Desenvolvimento do Audiovisual Mineiro,estadual,Brasil,oportunidade,Cultura Cultura Comissões de Cultura Cefic COPEFIC Cultura Viva Fundo Estadual de Cultura (FEC) Lei Estadual de Incentivo à Cultura (LEIC) Lei Aldir Blanc (LAB) Sobre Editais Lei Paulo Gustavo (LPG) Comissão e Subcomissões Consulta Pública Simplificada Contato Dúvidas Legislação Readequa Cultura Comissões de Cultura Cefic COPEFIC Cultura Viva Fundo Estadual de Cultura (FEC) Lei Estadual de Incentivo à Cultura (LEIC) Lei Aldir Blanc (LAB) Sobre Editais Lei Paulo Gustavo (LPG) Comissão e Subcomissões Consulta Pública,lab,nao identificado,formacao_mentoria,cultura,,-16,,https://www.secult.mg.gov.br/editais/fundo-estadual-de-cultura-fec/duvidas-frequentes,https://www.secult.mg.gov.br/editais/fundo-estadual-de-cultura-fec/duvidas-frequentes,-6
Programa de Desenvolvimento do Audiovisual Mineiro,estadual,Brasil,oportunidade,Cultura Cultura Comissões de Cultura Cefic COPEFIC Cultura Viva Fundo Estadual de Cultura (FEC) Lei Estadual de Incentivo à Cultura (LEIC) Lei Aldir Blanc (LAB) Sobre Editais Lei Paulo Gustavo (LPG) Comissão e Subcomissões Consulta Pública Simplificada Contato Dúvidas Legislação Readequa Cultura Comissões de Cultura Cefic COPEFIC Cultura Viva Fundo Estadual de Cultura (FEC) Lei Estadual de Incentivo à Cultura (LEIC) Lei Aldir Blanc (LAB) Sobre Editais Lei Paulo Gustavo (LPG) Comissão e Subcomissões Consulta Pública,lab,nao identificado,formacao_mentoria,cultura,,-16,,https://www.secult.mg.gov.br/editais/fundo-estadual-de-cultura-fec/editais-fec,https://www.secult.mg.gov.br/editais/fundo-estadual-de-cultura-fec/editais-fec,-6
Programa de Desenvolvimento do Audiovisual Mineiro,estadual,Brasil,oportunidade,Cultura Cultura Comissões de Cultura Cefic COPEFIC Cultura Viva Fundo Estadual de Cultura (FEC) Lei Estadual de Incentivo à Cultura (LEIC) Lei Aldir Blanc (LAB) Sobre Editais Lei Paulo Gustavo (LPG) Comissão e Subcomissões Consulta Pública Simplificada Contato Dúvidas Legislação Readequa Cultura Comissões de Cultura Cefic COPEFIC Cultura Viva Fundo Estadual de Cultura (FEC) Lei Estadual de Incentivo à Cultura (LEIC) Lei Aldir Blanc (LAB) Sobre Editais Lei Paulo Gustavo (LPG) Comissão e Subcomissões Consulta Pública,lab,nao identificado,formacao_mentoria,cultura,,-16,,https://www.secult.mg.gov.br/editais/editais-02-ao-11/editais-lpg,https://www.secult.mg.gov.br/editais/editais-02-ao-11/editais-lpg,-6
Programa de Desenvolvimento do Audiovisual Mineiro,estadual,Brasil,oportunidade,Cultura Cultura Comissões de Cultura Cefic COPEFIC Cultura Viva Fundo Estadual de Cultura (FEC) Lei Estadual de Incentivo à Cultura (LEIC) Lei Aldir Blanc (LAB) Sobre Editais Lei Paulo Gustavo (LPG) Comissão e Subcomissões Consulta Pública Simplificada Contato Dúvidas Legislação Readequa Cultura Comissões de Cultura Cefic COPEFIC Cultura Viva Fundo Estadual de Cultura (FEC) Lei Estadual de Incentivo à Cultura (LEIC) Lei Aldir Blanc (LAB) Sobre Editais Lei Paulo Gustavo (LPG) Comissão e Subcomissões Consulta Pública,lab,nao identificado,formacao_mentoria,cultura,,-16,,https://www.secult.mg.gov.br/editais/editais-02-ao-11/suplentes,https://www.secult.mg.gov.br/editais/editais-02-ao-11/suplentes,-6
Programa de Desenvolvimento do Audiovisual Mineiro,estadual,Brasil,oportunidade,Cultura Cultura Comissões de Cultura Cefic COPEFIC Cultura Viva Fundo Estadual de Cultura (FEC) Lei Estadual de Incentivo à Cultura (LEIC) Lei Aldir Blanc (LAB) Sobre Editais Lei Paulo Gustavo (LPG) Comissão e Subcomissões Consulta Pública Simplificada Contato Dúvidas Legislação Readequa Cultura Comissões de Cultura Cefic COPEFIC Cultura Viva Fundo Estadual de Cultura (FEC) Lei Estadual de Incentivo à Cultura (LEIC) Lei Aldir Blanc (LAB) Sobre Editais Lei Paulo Gustavo (LPG) Comissão e Subcomissões Consulta Pública,lab,nao identificado,formacao_mentoria,cultura,,-16,,https://www.secult.mg.gov.br/documentos/lei-estadual-de-incentivo-a-cultura-leic,https://www.secult.mg.gov.br/documentos/lei-estadual-de-incentivo-a-cultura-leic,-6
Programa de Desenvolvimento do Audiovisual Mineiro,estadual,Brasil,oportunidade,Cultura Cultura Comissões de Cultura Cefic COPEFIC Cultura Viva Fundo Estadual de Cultura (FEC) Lei Estadual de Incentivo à Cultura (LEIC) Lei Aldir Blanc (LAB) Sobre Editais Lei Paulo Gustavo (LPG) Comissão e Subcomissões Consulta Pública Simplificada Contato Dúvidas Legislação Readequa Cultura Comissões de Cultura Cefic COPEFIC Cultura Viva Fundo Estadual de Cultura (FEC) Lei Estadual de Incentivo à Cultura (LEIC) Lei Aldir Blanc (LAB) Sobre Editais Lei Paulo Gustavo (LPG) Comissão e Subcomissões Consulta Pública,lab,nao identificado,formacao_mentoria,cultura,,-16,,https://www.secult.mg.gov.br/editais/editais-02-ao-11/novo-cronograma-lpg,https://www.secult.mg.gov.br/editais/editais-02-ao-11/novo-cronograma-lpg,-6
Programa de Desenvolvimento do Audiovisual Mineiro,estadual,Brasil,oportunidade,Cultura Cultura Comissões de Cultura Cefic COPEFIC Cultura Viva Fundo Estadual de Cultura (FEC) Lei Estadual de Incentivo à Cultura (LEIC) Lei Aldir Blanc (LAB) Sobre Editais Lei Paulo Gustavo (LPG) Comissão e Subcomissões Consulta Pública Simplificada Contato Dúvidas Legislação Readequa Cultura Comissões de Cultura Cefic COPEFIC Cultura Viva Fundo Estadual de Cultura (FEC) Lei Estadual de Incentivo à Cultura (LEIC) Lei Aldir Blanc (LAB) Sobre Editais Lei Paulo Gustavo (LPG) Comissão e Subcomissões Consulta Pública,lab,nao identificado,formacao_mentoria,cultura,,-16,,https://www.secult.mg.gov.br/documentos/lei-paulo-gustavo-lpg/readequacao-prestacao-de-contas,https://www.secult.mg.gov.br/documentos/lei-paulo-gustavo-lpg/readequacao-prestacao-de-contas,-6
Programa de Desenvolvimento do Audiovisual Mineiro,estadual,Brasil,oportunidade,Cultura Cultura Comissões de Cultura Cefic COPEFIC Cultura Viva Fundo Estadual de Cultura (FEC) Lei Estadual de Incentivo à Cultura (LEIC) Lei Aldir Blanc (LAB) Sobre Editais Lei Paulo Gustavo (LPG) Comissão e Subcomissões Consulta Pública Simplificada Contato Dúvidas Legislação Readequa Cultura Comissões de Cultura Cefic COPEFIC Cultura Viva Fundo Estadual de Cultura (FEC) Lei Estadual de Incentivo à Cultura (LEIC) Lei Aldir Blanc (LAB) Sobre Editais Lei Paulo Gustavo (LPG) Comissão e Subcomissões Consulta Pública,lab,nao identificado,formacao_mentoria,cultura,,-16,,https://www.secult.mg.gov.br/editais/editais-02-ao-11/resultado-final,https://www.secult.mg.gov.br/editais/editais-02-ao-11/resultado-final,-6
Programa de Desenvolvimento do Audiovisual Mineiro,estadual,Brasil,oportunidade,Cultura Cultura Comissões de Cultura Cefic COPEFIC Cultura Viva Fundo Estadual de Cultura (FEC) Lei Estadual de Incentivo à Cultura (LEIC) Lei Aldir Blanc (LAB) Sobre Editais Lei Paulo Gustavo (LPG) Comissão e Subcomissões Consulta Pública Simplificada Contato Dúvidas Legislação Readequa Cultura Comissões de Cultura Cefic COPEFIC Cultura Viva Fundo Estadual de Cultura (FEC) Lei Estadual de Incentivo à Cultura (LEIC) Lei Aldir Blanc (LAB) Sobre Editais Lei Paulo Gustavo (LPG) Comissão e Subcomissões Consulta Pública,lab,nao identificado,formacao_mentoria,cultura,,-16,,https://www.secult.mg.gov.br/documentos/lei-paulo-gustavo-lpg/legislacao,https://www.secult.mg.gov.br/documentos/lei-paulo-gustavo-lpg/legislacao,-6
Programa de Desenvolvimento do Audiovisual Mineiro,estadual,Brasil,oportunidade,Cultura Cultura Comissões de Cultura Cefic COPEFIC Cultura Viva Fundo Estadual de Cultura (FEC) Lei Estadual de Incentivo à Cultura (LEIC) Lei Aldir Blanc (LAB) Sobre Editais Lei Paulo Gustavo (LPG) Comissão e Subcomissões Consulta Pública Simplificada Contato Dúvidas Legislação Readequa Cultura Comissões de Cultura Cefic COPEFIC Cultura Viva Fundo Estadual de Cultura (FEC) Lei Estadual de Incentivo à Cultura (LEIC) Lei Aldir Blanc (LAB) Sobre Editais Lei Paulo Gustavo (LPG) Comissão e Subcomissões Consulta Pública,lab,nao identificado,formacao_mentoria,cultura,,-16,,https://www.secult.mg.gov.br/documentos/lei-paulo-gustavo-lpg/consulta-simplificada,https://www.secult.mg.gov.br/documentos/lei-paulo-gustavo-lpg/consulta-simplificada,-6
Programa de Desenvolvimento do Audiovisual Mineiro,estadual,Brasil,oportunidade,Cultura Cultura Comissões de Cultura Cefic COPEFIC Cultura Viva Fundo Estadual de Cultura (FEC) Lei Estadual de Incentivo à Cultura (LEIC) Lei Aldir Blanc (LAB) Sobre Editais Lei Paulo Gustavo (LPG) Comissão e Subcomissões Consulta Pública Simplificada Contato Dúvidas Legislação Readequa Cultura Comissões de Cultura Cefic COPEFIC Cultura Viva Fundo Estadual de Cultura (FEC) Lei Estadual de Incentivo à Cultura (LEIC) Lei Aldir Blanc (LAB) Sobre Editais Lei Paulo Gustavo (LPG) Comissão e Subcomissões Consulta Pública,lab,nao identificado,formacao_mentoria,cultura,,-16,,https://www.secult.mg.gov.br/documentos/lei-paulo-gustavo-lpg/subcomissoes,https://www.secult.mg.gov.br/documentos/lei-paulo-gustavo-lpg/subcomissoes,-6
Programa de Desenvolvimento do Audiovisual Mineiro,estadual,Brasil,oportunidade,Cultura Cultura Comissões de Cultura Cefic COPEFIC Cultura Viva Fundo Estadual de Cultura (FEC) Lei Estadual de Incentivo à Cultura (LEIC) Lei Aldir Blanc (LAB) Sobre Editais Lei Paulo Gustavo (LPG) Comissão e Subcomissões Consulta Pública Simplificada Contato Dúvidas Legislação Readequa Cultura Comissões de Cultura Cefic COPEFIC Cultura Viva Fundo Estadual de Cultura (FEC) Lei Estadual de Incentivo à Cultura (LEIC) Lei Aldir Blanc (LAB) Sobre Editais Lei Paulo Gustavo (LPG) Comissão e Subcomissões Consulta Pública,lab,nao identificado,formacao_mentoria,cultura,,-16,,https://www.secult.mg.gov.br/editais/editais-pnab/cronograma-pnab,https://www.secult.mg.gov.br/editais/editais-pnab/cronograma-pnab,-6
Programa de Desenvolvimento do Audiovisual Mineiro,estadual,Brasil,oportunidade,Cultura Cultura Comissões de Cultura Cefic COPEFIC Cultura Viva Fundo Estadual de Cultura (FEC) Lei Estadual de Incentivo à Cultura (LEIC) Lei Aldir Blanc (LAB) Sobre Editais Lei Paulo Gustavo (LPG) Comissão e Subcomissões Consulta Pública Simplificada Contato Dúvidas Legislação Readequa Cultura Comissões de Cultura Cefic COPEFIC Cultura Viva Fundo Estadual de Cultura (FEC) Lei Estadual de Incentivo à Cultura (LEIC) Lei Aldir Blanc (LAB) Sobre Editais Lei Paulo Gustavo (LPG) Comissão e Subcomissões Consulta Pública,lab,nao identificado,formacao_mentoria,cultura,,-16,,https://www.secult.mg.gov.br/editais/editais-pnab/documentacao,https://www.secult.mg.gov.br/editais/editais-pnab/documentacao,-6
Programa de Desenvolvimento do Audiovisual Mineiro,estadual,Brasil,oportunidade,Cultura Cultura Comissões de Cultura Cefic COPEFIC Cultura Viva Fundo Estadual de Cultura (FEC) Lei Estadual de Incentivo à Cultura (LEIC) Lei Aldir Blanc (LAB) Sobre Editais Lei Paulo Gustavo (LPG) Comissão e Subcomissões Consulta Pública Simplificada Contato Dúvidas Legislação Readequa Cultura Comissões de Cultura Cefic COPEFIC Cultura Viva Fundo Estadual de Cultura (FEC) Lei Estadual de Incentivo à Cultura (LEIC) Lei Aldir Blanc (LAB) Sobre Editais Lei Paulo Gustavo (LPG) Comissão e Subcomissões Consulta Pública,lab,nao identificado,formacao_mentoria,cultura,,-16,,https://www.secult.mg.gov.br/editais/editais-pnab/manual-fase-de-habilitacao,https://www.secult.mg.gov.br/editais/editais-pnab/manual-fase-de-habilitacao,-6
Programa de Desenvolvimento do Audiovisual Mineiro,estadual,Brasil,oportunidade,Cultura Cultura Comissões de Cultura Cefic COPEFIC Cultura Viva Fundo Estadual de Cultura (FEC) Lei Estadual de Incentivo à Cultura (LEIC) Lei Aldir Blanc (LAB) Sobre Editais Lei Paulo Gustavo (LPG) Comissão e Subcomissões Consulta Pública Simplificada Contato Dúvidas Legislação Readequa Cultura Comissões de Cultura Cefic COPEFIC Cultura Viva Fundo Estadual de Cultura (FEC) Lei Estadual de Incentivo à Cultura (LEIC) Lei Aldir Blanc (LAB) Sobre Editais Lei Paulo Gustavo (LPG) Comissão e Subcomissões Consulta Pública,lab,nao identificado,formacao_mentoria,cultura,,-16,,https://www.secult.mg.gov.br/documentos/lei-paulo-gustavo-lpg/contatos,https://www.secult.mg.gov.br/documentos/lei-paulo-gustavo-lpg/contatos,-6
Secult MG,estadual,Brasil,oportunidade,Cultura Cultura Comissões de Cultura Cefic COPEFIC Cultura Viva Fundo Estadual de Cultura (FEC) Lei Estadual de Incentivo à Cultura (LEIC) Lei Aldir Blanc (LAB) Sobre Editais Lei Paulo Gustavo (LPG) Comissão e Subcomissões Consulta Pública Simplificada Contato Dúvidas Legislação Readequa Cultura Comissões de Cultura Cefic COPEFIC Cultura Viva Fundo Estadual de Cultura (FEC) Lei Estadual de Incentivo à Cultura (LEIC) Lei Aldir Blanc (LAB) Sobre Editais Lei Paulo Gustavo (LPG) Comissão e Subcomissões Consulta Pública,lab,nao identificado,formacao_mentoria,cultura,,-16,,https://secult.mg.gov.br,https://secult.mg.gov.br,-6
Programa de Desenvolvimento do Audiovisual Mineiro,estadual,Brasil,oportunidade,Documentos Administrativos Documentos Administrativos Acordos de Cooperação Contratos Administrativos Contrato de Gestão Grupos de Trabalho Licitações Patrimônio PMI Circuito Liberdade Termos de Fomento,outro,nao identificado,nao identificado,cultura,,-8,,https://www.secult.mg.gov.br/editais/editais-02-ao-11/resultado-preliminar-dos-editais-da-lpg-de-02-a-11,https://www.secult.mg.gov.br/editais/editais-02-ao-11/resultado-preliminar-dos-editais-da-lpg-de-02-a-11,-8
Programa de Desenvolvimento do Audiovisual Mineiro,estadual,Brasil,oportunidade,Editais Editais Fundo Estadual de Cultura (FEC) Editais Dúvidas Frequentes Política Nacional Aldir Blanc (PNAB) Cronograma Documentação Editais Fase de Habilitação Painel de Consulta - Resultados Lei Paulo Gustavo (LPG) Cronograma Editais Resultado Preliminar Resultado Final Suplentes,outro,nao identificado,nao identificado,cultura,,-8,,https://www.secult.mg.gov.br/documentos/lei-paulo-gustavo-lpg/duvidas,https://www.secult.mg.gov.br/documentos/lei-paulo-gustavo-lpg/duvidas,-8
Programa de Desenvolvimento do Audiovisual Mineiro,estadual,Brasil,oportunidade,Editais Editais Fundo Estadual de Cultura (FEC) Editais Dúvidas Frequentes Política Nacional Aldir Blanc (PNAB) Cronograma Documentação Editais Fase de Habilitação Painel de Consulta - Resultados Lei Paulo Gustavo (LPG) Cronograma Editais Resultado Preliminar Resultado Final Suplentes,outro,nao identificado,nao identificado,cultura,,-8,,https://www.secult.mg.gov.br/editais/editais-pnab/editais-pnab,https://www.secult.mg.gov.br/editais/editais-pnab/editais-pnab,-8
Programa de Desenvolvimento do Audiovisual Mineiro,estadual,Brasil,oportunidade,Editais Editais Fundo Estadual de Cultura (FEC) Editais Dúvidas Frequentes Política Nacional Aldir Blanc (PNAB) Cronograma Documentação Editais Fase de Habilitação Painel de Consulta - Resultados Lei Paulo Gustavo (LPG) Cronograma Editais Resultado Preliminar Resultado Final Suplentes,outro,nao identificado,nao identificado,cultura,,-8,,https://www.secult.mg.gov.br/editais/fundo-estadual-de-cultura-fec/duvidas-frequentes,https://www.secult.mg.gov.br/editais/fundo-estadual-de-cultura-fec/duvidas-frequentes,-8
Programa de Desenvolvimento do Audiovisual Mineiro,estadual,Brasil,oportunidade,Editais Editais Fundo Estadual de Cultura (FEC) Editais Dúvidas Frequentes Política Nacional Aldir Blanc (PNAB) Cronograma Documentação Editais Fase de Habilitação Painel de Consulta - Resultados Lei Paulo Gustavo (LPG) Cronograma Editais Resultado Preliminar Resultado Final Suplentes,outro,nao identificado,nao identificado,cultura,,-8,,https://www.secult.mg.gov.br/editais/fundo-estadual-de-cultura-fec/editais-fec,https://www.secult.mg.gov.br/editais/fundo-estadual-de-cultura-fec/editais-fec,-8
Programa de Desenvolvimento do Audiovisual Mineiro,estadual,Brasil,oportunidade,Editais Editais Fundo Estadual de Cultura (FEC) Editais Dúvidas Frequentes Política Nacional Aldir Blanc (PNAB) Cronograma Documentação Editais Fase de Habilitação Painel de Consulta - Resultados Lei Paulo Gustavo (LPG) Cronograma Editais Resultado Preliminar Resultado Final Suplentes,outro,nao identificado,nao identificado,cultura,,-8,,https://www.secult.mg.gov.br/editais/editais-02-ao-11/editais-lpg,https://www.secult.mg.gov.br/editais/editais-02-ao-11/editais-lpg,-8
Programa de Desenvolvimento do Audiovisual Mineiro,estadual,Brasil,oportunidade,Editais Editais Fundo Estadual de Cultura (FEC) Editais Dúvidas Frequentes Política Nacional Aldir Blanc (PNAB) Cronograma Documentação Editais Fase de Habilitação Painel de Consulta - Resultados Lei Paulo Gustavo (LPG) Cronograma Editais Resultado Preliminar Resultado Final Suplentes,outro,nao identificado,nao identificado,cultura,,-8,,https://www.secult.mg.gov.br/editais/editais-02-ao-11/suplentes,https://www.secult.mg.gov.br/editais/editais-02-ao-11/suplentes,-8
Programa de Desenvolvimento do Audiovisual Mineiro,estadual,Brasil,oportunidade,Editais Editais Fundo Estadual de Cultura (FEC) Editais Dúvidas Frequentes Política Nacional Aldir Blanc (PNAB) Cronograma Documentação Editais Fase de Habilitação Painel de Consulta - Resultados Lei Paulo Gustavo (LPG) Cronograma Editais Resultado Preliminar Resultado Final Suplentes,outro,nao identificado,nao identificado,cultura,,-8,,https://www.secult.mg.gov.br/documentos/lei-estadual-de-incentivo-a-cultura-leic,https://www.secult.mg.gov.br/documentos/lei-estadual-de-incentivo-a-cultura-leic,-8
Programa de Desenvolvimento do Audiovisual Mineiro,estadual,Brasil,oportunidade,Editais Editais Fundo Estadual de Cultura (FEC) Editais Dúvidas Frequentes Política Nacional Aldir Blanc (PNAB) Cronograma Documentação Editais Fase de Habilitação Painel de Consulta - Resultados Lei Paulo Gustavo (LPG) Cronograma Editais Resultado Preliminar Resultado Final Suplentes,outro,nao identificado,nao identificado,cultura,,-8,,https://www.secult.mg.gov.br/editais/editais-02-ao-11/novo-cronograma-lpg,https://www.secult.mg.gov.br/editais/editais-02-ao-11/novo-cronograma-lpg,-8
Programa de Desenvolvimento do Audiovisual Mineiro,estadual,Brasil,oportunidade,Editais Editais Fundo Estadual de Cultura (FEC) Editais Dúvidas Frequentes Política Nacional Aldir Blanc (PNAB) Cronograma Documentação Editais Fase de Habilitação Painel de Consulta - Resultados Lei Paulo Gustavo (LPG) Cronograma Editais Resultado Preliminar Resultado Final Suplentes,outro,nao identificado,nao identificado,cultura,,-8,,https://www.secult.mg.gov.br/documentos/lei-paulo-gustavo-lpg/readequacao-prestacao-de-contas,https://www.secult.mg.gov.br/documentos/lei-paulo-gustavo-lpg/readequacao-prestacao-de-contas,-8
Programa de Desenvolvimento do Audiovisual Mineiro,estadual,Brasil,oportunidade,Editais Editais Fundo Estadual de Cultura (FEC) Editais Dúvidas Frequentes Política Nacional Aldir Blanc (PNAB) Cronograma Documentação Editais Fase de Habilitação Painel de Consulta - Resultados Lei Paulo Gustavo (LPG) Cronograma Editais Resultado Preliminar Resultado Final Suplentes,outro,nao identificado,nao identificado,cultura,,-8,,https://www.secult.mg.gov.br/editais/editais-02-ao-11/resultado-preliminar-dos-editais-da-lpg-de-02-a-11,https://www.secult.mg.gov.br/editais/editais-02-ao-11/resultado-preliminar-dos-editais-da-lpg-de-02-a-11,-8
Programa de Desenvolvimento do Audiovisual Mineiro,estadual,Brasil,oportunidade,Editais Editais Fundo Estadual de Cultura (FEC) Editais Dúvidas Frequentes Política Nacional Aldir Blanc (PNAB) Cronograma Documentação Editais Fase de Habilitação Painel de Consulta - Resultados Lei Paulo Gustavo (LPG) Cronograma Editais Resultado Preliminar Resultado Final Suplentes,outro,nao identificado,nao identificado,cultura,,-8,,https://www.secult.mg.gov.br/editais/editais-02-ao-11/resultado-final,https://www.secult.mg.gov.br/editais/editais-02-ao-11/resultado-final,-8
Programa de Desenvolvimento do Audiovisual Mineiro,estadual,Brasil,oportunidade,Editais Editais Fundo Estadual de Cultura (FEC) Editais Dúvidas Frequentes Política Nacional Aldir Blanc (PNAB) Cronograma Documentação Editais Fase de Habilitação Painel de Consulta - Resultados Lei Paulo Gustavo (LPG) Cronograma Editais Resultado Preliminar Resultado Final Suplentes,outro,nao identificado,nao identificado,cultura,,-8,,https://www.secult.mg.gov.br/documentos/lei-paulo-gustavo-lpg/legislacao,https://www.secult.mg.gov.br/documentos/lei-paulo-gustavo-lpg/legislacao,-8
Programa de Desenvolvimento do Audiovisual Mineiro,estadual,Brasil,oportunidade,Editais Editais Fundo Estadual de Cultura (FEC) Editais Dúvidas Frequentes Política Nacional Aldir Blanc (PNAB) Cronograma Documentação Editais Fase de Habilitação Painel de Consulta - Resultados Lei Paulo Gustavo (LPG) Cronograma Editais Resultado Preliminar Resultado Final Suplentes,outro,nao identificado,nao identificado,cultura,,-8,,https://www.secult.mg.gov.br/documentos/lei-paulo-gustavo-lpg/consulta-simplificada,https://www.secult.mg.gov.br/documentos/lei-paulo-gustavo-lpg/consulta-simplificada,-8
Programa de Desenvolvimento do Audiovisual Mineiro,estadual,Brasil,oportunidade,Editais Editais Fundo Estadual de Cultura (FEC) Editais Dúvidas Frequentes Política Nacional Aldir Blanc (PNAB) Cronograma Documentação Editais Fase de Habilitação Painel de Consulta - Resultados Lei Paulo Gustavo (LPG) Cronograma Editais Resultado Preliminar Resultado Final Suplentes,outro,nao identificado,nao identificado,cultura,,-8,,https://www.secult.mg.gov.br/documentos/lei-paulo-gustavo-lpg/subcomissoes,https://www.secult.mg.gov.br/documentos/lei-paulo-gustavo-lpg/subcomissoes,-8
Programa de Desenvolvimento do Audiovisual Mineiro,estadual,Brasil,oportunidade,Editais Editais Fundo Estadual de Cultura (FEC) Editais Dúvidas Frequentes Política Nacional Aldir Blanc (PNAB) Cronograma Documentação Editais Fase de Habilitação Painel de Consulta - Resultados Lei Paulo Gustavo (LPG) Cronograma Editais Resultado Preliminar Resultado Final Suplentes,outro,nao identificado,nao identificado,cultura,,-8,,https://www.secult.mg.gov.br/editais/editais-pnab/cronograma-pnab,https://www.secult.mg.gov.br/editais/editais-pnab/cronograma-pnab,-8
Programa de Desenvolvimento do Audiovisual Mineiro,estadual,Brasil,oportunidade,Editais Editais Fundo Estadual de Cultura (FEC) Editais Dúvidas Frequentes Política Nacional Aldir Blanc (PNAB) Cronograma Documentação Editais Fase de Habilitação Painel de Consulta - Resultados Lei Paulo Gustavo (LPG) Cronograma Editais Resultado Preliminar Resultado Final Suplentes,outro,nao identificado,nao identificado,cultura,,-8,,https://www.secult.mg.gov.br/editais/editais-pnab/documentacao,https://www.secult.mg.gov.br/editais/editais-pnab/documentacao,-8
Programa de Desenvolvimento do Audiovisual Mineiro,estadual,Brasil,oportunidade,Editais Editais Fundo Estadual de Cultura (FEC) Editais Dúvidas Frequentes Política Nacional Aldir Blanc (PNAB) Cronograma Documentação Editais Fase de Habilitação Painel de Consulta - Resultados Lei Paulo Gustavo (LPG) Cronograma Editais Resultado Preliminar Resultado Final Suplentes,outro,nao identificado,nao identificado,cultura,,-8,,https://www.secult.mg.gov.br/editais/editais-pnab/manual-fase-de-habilitacao,https://www.secult.mg.gov.br/editais/editais-pnab/manual-fase-de-habilitacao,-8
Programa de Desenvolvimento do Audiovisual Mineiro,estadual,Brasil,oportunidade,Editais Editais Fundo Estadual de Cultura (FEC) Editais Dúvidas Frequentes Política Nacional Aldir Blanc (PNAB) Cronograma Documentação Editais Fase de Habilitação Painel de Consulta - Resultados Lei Paulo Gustavo (LPG) Cronograma Editais Resultado Preliminar Resultado Final Suplentes,outro,nao identificado,nao identificado,cultura,,-8,,https://www.secult.mg.gov.br/aplicacao-de-marcas/lei-estadual-de-incentivo-a-cultura,https://www.secult.mg.gov.br/aplicacao-de-marcas/lei-estadual-de-incentivo-a-cultura,-8
Programa de Desenvolvimento do Audiovisual Mineiro,estadual,Brasil,oportunidade,Editais Editais Fundo Estadual de Cultura (FEC) Editais Dúvidas Frequentes Política Nacional Aldir Blanc (PNAB) Cronograma Documentação Editais Fase de Habilitação Painel de Consulta - Resultados Lei Paulo Gustavo (LPG) Cronograma Editais Resultado Preliminar Resultado Final Suplentes,outro,nao identificado,nao identificado,cultura,,-8,,https://www.secult.mg.gov.br/aplicacao-de-marcas/politica-nacional-aldir-blanc-pnab,https://www.secult.mg.gov.br/aplicacao-de-marcas/politica-nacional-aldir-blanc-pnab,-8
Programa de Desenvolvimento do Audiovisual Mineiro,estadual,Brasil,oportunidade,Editais Editais Fundo Estadual de Cultura (FEC) Editais Dúvidas Frequentes Política Nacional Aldir Blanc (PNAB) Cronograma Documentação Editais Fase de Habilitação Painel de Consulta - Resultados Lei Paulo Gustavo (LPG) Cronograma Editais Resultado Preliminar Resultado Final Suplentes,outro,nao identificado,nao identificado,cultura,,-8,,https://www.secult.mg.gov.br/aplicacao-de-marcas/aplicacao-de-marcas-2,https://www.secult.mg.gov.br/aplicacao-de-marcas/aplicacao-de-marcas-2,-8
Programa de Desenvolvimento do Audiovisual Mineiro,estadual,Brasil,oportunidade,Fundo Estadual de Cultura (FEC) Fundo Estadual de Cultura (FEC) Editais Dúvidas Frequentes,outro,nao identificado,nao identificado,cultura,,-8,,https://www.secult.mg.gov.br/editais/editais-02-ao-11/resultado-preliminar-dos-editais-da-lpg-de-02-a-11,https://www.secult.mg.gov.br/editais/editais-02-ao-11/resultado-preliminar-dos-editais-da-lpg-de-02-a-11,-8
Programa de Desenvolvimento do Audiovisual Mineiro,estadual,Brasil,oportunidade,Instituições Instituições Arquivo Público Mineiro Biblioteca Pública Estadual Circuito Liberdade Museus Centro de Arte Popular Museu Casa Alphonsus de Guimaraens Museu Casa Guignard Museu Casa Guimarães Rosa Museu do Crédito Real Museu dos Militares Mineiros Museu Mineiro Rádio Inconfidência Instituições Arquivo Público Mineiro Biblioteca Pública Estadual Circuito Liberdade Museus Centro de Arte Popular Museu Casa Alphonsus de Guimaraens Museu Casa Guignard Museu Casa Guimarães Rosa Museu do Crédito Real Museu dos,outro,nao identificado,nao identificado,cultura,,-8,,https://www.secult.mg.gov.br/editais/fundo-estadual-de-cultura-fec/duvidas-frequentes,https://www.secult.mg.gov.br/editais/fundo-estadual-de-cultura-fec/duvidas-frequentes,-8
Programa de Desenvolvimento do Audiovisual Mineiro,estadual,Brasil,oportunidade,Instituições Instituições Arquivo Público Mineiro Biblioteca Pública Estadual Circuito Liberdade Museus Centro de Arte Popular Museu Casa Alphonsus de Guimaraens Museu Casa Guignard Museu Casa Guimarães Rosa Museu do Crédito Real Museu dos Militares Mineiros Museu Mineiro Rádio Inconfidência Instituições Arquivo Público Mineiro Biblioteca Pública Estadual Circuito Liberdade Museus Centro de Arte Popular Museu Casa Alphonsus de Guimaraens Museu Casa Guignard Museu Casa Guimarães Rosa Museu do Crédito Real Museu dos,outro,nao identificado,nao identificado,cultura,,-8,,https://www.secult.mg.gov.br/editais/fundo-estadual-de-cultura-fec/editais-fec,https://www.secult.mg.gov.br/editais/fundo-estadual-de-cultura-fec/editais-fec,-8
Programa de Desenvolvimento do Audiovisual Mineiro,estadual,Brasil,oportunidade,Lei Paulo Gustavo (LPG) Lei Paulo Gustavo (LPG) Cronograma Editais Resultado Preliminar Resultado Final Suplentes,outro,nao identificado,nao identificado,cultura,,-8,,https://www.secult.mg.gov.br/editais/fundo-estadual-de-cultura-fec/duvidas-frequentes,https://www.secult.mg.gov.br/editais/fundo-estadual-de-cultura-fec/duvidas-frequentes,-8
Programa de Desenvolvimento do Audiovisual Mineiro,estadual,Brasil,oportunidade,Lei Paulo Gustavo (LPG) Lei Paulo Gustavo (LPG) Cronograma Editais Resultado Preliminar Resultado Final Suplentes,outro,nao identificado,nao identificado,cultura,,-8,,https://www.secult.mg.gov.br/editais/fundo-estadual-de-cultura-fec/editais-fec,https://www.secult.mg.gov.br/editais/fundo-estadual-de-cultura-fec/editais-fec,-8
Programa de Desenvolvimento do Audiovisual Mineiro,estadual,Brasil,oportunidade,Lei Paulo Gustavo (LPG) Lei Paulo Gustavo (LPG) Cronograma Editais Resultado Preliminar Resultado Final Suplentes,outro,nao identificado,nao identificado,cultura,,-8,,https://www.secult.mg.gov.br/documentos/plataformas/plataforma-digital-fomento-e-incentivo-a-cultura,https://www.secult.mg.gov.br/documentos/plataformas/plataforma-digital-fomento-e-incentivo-a-cultura,-8
Programa de Desenvolvimento do Audiovisual Mineiro,estadual,Brasil,oportunidade,Orgãos Vinculados Orgãos Vinculados Fundação Clóvis Salgado Fundação de Arte de Ouro Preto IEPHA,outro,nao identificado,nao identificado,cultura,,-8,,https://www.secult.mg.gov.br/editais/editais-02-ao-11/resultado-preliminar-dos-editais-da-lpg-de-02-a-11,https://www.secult.mg.gov.br/editais/editais-02-ao-11/resultado-preliminar-dos-editais-da-lpg-de-02-a-11,-8
Programa de Desenvolvimento do Audiovisual Mineiro,estadual,Brasil,oportunidade,Orgãos Vinculados Orgãos Vinculados Fundação Clóvis Salgado Fundação de Arte de Ouro Preto IEPHA,outro,nao identificado,nao identificado,cultura,,-8,,https://www.secult.mg.gov.br/editais/editais-02-ao-11/resultado-final,https://www.secult.mg.gov.br/editais/editais-02-ao-11/resultado-final,-8
Programa de Desenvolvimento do Audiovisual Mineiro,estadual,Brasil,oportunidade,Plataformas Plataformas Plataforma Digital Fomento e Incentivo à Cultura Plataforma Descentra Plataforma Minas Criativa,outro,nao identificado,nao identificado,cultura,,-8,,https://www.secult.mg.gov.br/editais/editais-02-ao-11/resultado-preliminar-dos-editais-da-lpg-de-02-a-11,https://www.secult.mg.gov.br/editais/editais-02-ao-11/resultado-preliminar-dos-editais-da-lpg-de-02-a-11,-8
SELEÇÃO DE REALIZADORES AUDIOVISUAIS PARA RESIDÊNCIA EM CINEMA DIRETO INTEGRANDO A PROGRAMAÇÃO DA CARTEIRA DE PROJETOS DA PARAÍBA NO ÂMBITO DA TEMPORADA BRASIL-FRANÇA 2025,estadual,Brasil,oportunidade,Chamadas Públicas,outro,nao identificado,nao identificado,inovacao,,-8,,https://paraiba.pb.gov.br/diretas/secretaria-de-planejamento-orcamento-e-gestao/chamadas-publicas,https://paraiba.pb.gov.br/diretas/secretaria-de-planejamento-orcamento-e-gestao,-8
Secult MG,estadual,Brasil,oportunidade,Editais Editais Fundo Estadual de Cultura (FEC) Editais Dúvidas Frequentes Política Nacional Aldir Blanc (PNAB) Cronograma Documentação Editais Fase de Habilitação Painel de Consulta - Resultados Lei Paulo Gustavo (LPG) Cronograma Editais Resultado Preliminar Resultado Final Suplentes,outro,nao identificado,nao identificado,cultura,,-8,,https://secult.mg.gov.br,https://secult.mg.gov.br,-8
Programa de Desenvolvimento do Audiovisual Mineiro,federal,Brasil,oportunidade,"Portal da Transparência Em Minas Gerais, os pedidos de informação são feitos por meio do Sistema Eletrônico de Acesso à Informação (e-SIC), que permite a elaboração e o acompanhamento dos pedidos e recursos. Para informações complementares sobre a Lei de Acesso à Informação e sobre sua regulamentação no Transparencia 29 Setembro 2020 Transparência Neste menu estão disponíveis as informações sobre serviços de informação ao cidadão, informações classificadas e desclassificadas, ações e programas, receitas e despesas,",lab,nao identificado,formacao_mentoria,inovacao,,-18,2020,http://www.transparencia.mg.gov.br,https://www.secult.mg.gov.br/a-secretaria/audiovisual/prog-de-desenvolv-do-audiovisual-mineiro/94-transparencia/6265-transparencia,-8
"Education and Training financiamentoFind out more about national and international bursaries, bolsas e apoios for training providers and our in-house training programmes.",internacional,Não identificado,oportunidade,About About About Us About the SAFTAs Latest News,mercado,distribuicao,distribuicao_circulacao,inovacao,,-28,,https://www.nfvf.co.za/marketing-and-distribution,https://www.nfvf.co.za/marketing-and-distribution,-8
Reveja as Imersões,estadual,Brasil,oportunidade,"Anexo I - Ficha de Inscrição 016/2018 - Produção e Difusão Musical Projetos de criação, produção, difusão, distribuição e lançamento de shows musicais, no gênero popular ou erudito, estimulando e popularizando a música capixaba, visando ao desenvolvimento e à divulgação do trabalho produzido por Músicos e Grupos Musicais do Espírito Santo, com repertório autoral ou não. Valor: 10 prêmios de R$ 8.800,00; 7 prêmios de R$ 20.000,00; 9 prêmios de R$",premio,desenvolvimento,desenvolvimento_roteiro,inovacao,"R$ 8.800,00",48,2018,https://secult.es.gov.br/media/2018/EDITAIS%202018/016/Anexo%20I%20-%20Ficha%20de%20Inscri%C3%A7%C3%A3o.pdf,https://secult.es.gov.br/editais-2018,-12
"Education and Training financiamentoFind out more about national and international bursaries, bolsas e apoios for training providers and our in-house training programmes.",internacional,Não identificado,oportunidade,twitter facebook youtube Online Funding Application Portal Follow us Hit enter to search or ESC to close Close Search search Menu Home About About Us About the SAFTAs Latest News Gallery Videos Funding – Funding Overview and Criteria The NFVF provides funding for film and video-r,festival,exibicao,festival_inscricao,audiovisual,,-22,,https://www.nfvf.co.za/festival-hosting,https://www.nfvf.co.za/festival-hosting,-12
festival AttendanceThe NFVF provides financiamento to filmmakers to attend screenings of their work.,outro,Não identificado,oportunidade,twitter facebook youtube Online Funding Application Portal Follow us Hit enter to search or ESC to close Close Search search Menu Home About About Us About the SAFTAs Latest News Gallery Videos Funding – Funding Overview and Criteria The NFVF provides funding for film and video-r,festival,exibicao,festival_inscricao,audiovisual,,-22,,https://www.nfvf.co.za/festival-attendance,https://www.nfvf.co.za/festival-attendance,-12
"Education and Training financiamentoFind out more about national and international bursaries, bolsas e apoios for training providers and our in-house training programmes.",internacional,Não identificado,oportunidade,twitter facebook youtube Online Funding Application Portal Follow us Hit enter to search or ESC to close Close Search search Menu Home About About Us About the SAFTAs Latest News Gallery Videos Funding – Funding Overview and Criteria The NFVF provides funding for film and video-r,mercado,producao,producao_obra,audiovisual,,-34,,https://www.nfvf.co.za/co-productions,https://www.nfvf.co.za/co-productions,-14
Programa de Desenvolvimento do Audiovisual Mineiro,estadual,Brasil,oportunidade,Fundo Estadual de Cultura (FEC) Fundo Estadual de Cultura (FEC) Editais Dúvidas Frequentes,outro,nao identificado,nao identificado,cultura,,-18,,https://www.secult.mg.gov.br/editais/editais-02-ao-11/resultado-final,https://www.secult.mg.gov.br/editais/editais-02-ao-11/resultado-final,-18
MinC,federal,Brasil,oportunidade,Labic Aldeias abre inscrições para formação on-line em cultura digital,edital,festival_inscricao,formacao_mentoria,cultura,,-28,,https://www.gov.br/cultura/pt-br/assuntos/noticias/labic-aldeias-abre-inscricoes-para-formacao-on-line-em-cultura-digital,https://gov.br/cultura,-18
MinC,federal,Brasil,oportunidade,OPORTUNIDADE Labic Aldeias abre inscrições para formação on-line em cultura digital,edital,festival_inscricao,formacao_mentoria,cultura,,-28,,https://www.gov.br/cultura/pt-br/assuntos/noticias/labic-aldeias-abre-inscricoes-para-formacao-on-line-em-cultura-digital,https://gov.br/cultura,-18
Fundação Cultural Palmares,federal,Brasil,oportunidade,Ações e Programas Ações e Programas Carta de Serviços Editais Concluídos Execução dos Programas e Ações da FCP Indicadores de Resultado e Impacto Principais Metas Manual sobre Tratamento de Conflito de Interesses Planejamento Estratégico Plano Geral de Iniciativas Plano de Gestão de Logística Sust Ações e Programas Carta de Serviços Editais Concluídos Execução dos Programas e Ações da FCP Indicadores de Resultado e Impacto Principais Metas Manual sobre Tratamento de Conflito de Interesses Planejamento Estratégico P,formacao,nao identificado,formacao_mentoria,inovacao,,-20,,https://www.gov.br/palmares/pt-br/acesso-a-informacao/acoes-e-programas,https://gov.br/palmares,-20
Fundação Cultural Palmares,federal,Brasil,oportunidade,Editais Concluídos,formacao,nao identificado,formacao_mentoria,inovacao,,-20,,https://www.gov.br/palmares/pt-br/acesso-a-informacao/acoes-e-programas/editais-concluidos-1,https://gov.br/palmares,-20
Programa de Desenvolvimento do Audiovisual Mineiro,estadual,Brasil,oportunidade,Capacitação de Servidores Capacitação de Servidores Administrativo Disciplinar Administrativo Financeiro,formacao,nao identificado,formacao_mentoria,inovacao,,-20,,https://www.secult.mg.gov.br/editais/editais-02-ao-11/resultado-preliminar-dos-editais-da-lpg-de-02-a-11,https://www.secult.mg.gov.br/editais/editais-02-ao-11/resultado-preliminar-dos-editais-da-lpg-de-02-a-11,-20
Programa de Desenvolvimento do Audiovisual Mineiro,estadual,Brasil,oportunidade,Capacitação de Servidores Capacitação de Servidores Administrativo Disciplinar Administrativo Financeiro,formacao,nao identificado,formacao_mentoria,inovacao,,-20,,https://www.secult.mg.gov.br/editais/editais-02-ao-11/resultado-final,https://www.secult.mg.gov.br/editais/editais-02-ao-11/resultado-final,-20
Programa de Desenvolvimento do Audiovisual Mineiro,estadual,Brasil,oportunidade,RESULTADO COMPLEMENTAR DOS RECURSOS - LISTA I,formacao,nao identificado,formacao_mentoria,inovacao,,-20,,https://www.secult.mg.gov.br/download/category/27-outros-editais?download=2312:2512-1,https://www.secult.mg.gov.br/documentos/lab/editais-lei-aldir-blanc,-20
Programa de Desenvolvimento do Audiovisual Mineiro,estadual,Brasil,oportunidade,RESULTADO COMPLEMENTAR DOS RECURSOS - LISTA II,formacao,nao identificado,formacao_mentoria,inovacao,,-20,,https://www.secult.mg.gov.br/download/category/27-outros-editais?download=2313:2512-2,https://www.secult.mg.gov.br/documentos/lab/editais-lei-aldir-blanc,-20
Programa de Desenvolvimento do Audiovisual Mineiro,estadual,Brasil,oportunidade,RESULTADO COMPLEMENTAR DOS RECURSOS - LISTA III,formacao,nao identificado,formacao_mentoria,inovacao,,-20,,https://www.secult.mg.gov.br/download/category/27-outros-editais?download=2314:2512-3,https://www.secult.mg.gov.br/documentos/lab/editais-lei-aldir-blanc,-20
Programa de Desenvolvimento do Audiovisual Mineiro,estadual,Brasil,oportunidade,"+ - Em quantos editais posso me inscrever? Click to collapse Lei Paulo Gustavo 21 Julho 2023 Dúvidas A Secretaria de Estado de Cultura e Turismo esclarece as principais dúvidas para manter a transparência do processo relacionado à Lei Paulo Gustavo em Minas Gerais. Reunimos abaixo lives de esclarecimentos e os questionamentos mais frequentes com as respectivas respostas, a fim de sanar as principais dúvidas e compartilhar com o público as informações necessárias, reforçando a",outro,nao identificado,nao identificado,cultura,,-20,2023,https://www.secult.mg.gov.br/documentos/lei-paulo-gustavo-lpg/duvidas,https://www.secult.mg.gov.br/documentos/lei-paulo-gustavo-lpg/duvidas,-20
Programa de Desenvolvimento do Audiovisual Mineiro,estadual,Brasil,oportunidade,"+ - Os editais falam em ""comprovantes"" de domicílio, no plural. É preciso enviar mais do que 1 comprovante? Click to collapse Lei Paulo Gustavo 21 Julho 2023 Dúvidas A Secretaria de Estado de Cultura e Turismo esclarece as principais dúvidas para manter a transparência do processo relacionado à Lei Paulo Gustavo em Minas Gerais. Reunimos abaixo lives de esclarecimentos e os questionamentos mais frequentes com as respectivas respostas, a fim de sanar as principais dúvidas e compartilhar com o público as informações",outro,nao identificado,nao identificado,cultura,,-20,2023,https://www.secult.mg.gov.br/documentos/lei-paulo-gustavo-lpg/duvidas,https://www.secult.mg.gov.br/documentos/lei-paulo-gustavo-lpg/duvidas,-20
Programa de Desenvolvimento do Audiovisual Mineiro,estadual,Brasil,oportunidade,"+ - Os valores excedentes dos editais, como serão utilizados? Click to collapse Lei Paulo Gustavo 21 Julho 2023 Dúvidas A Secretaria de Estado de Cultura e Turismo esclarece as principais dúvidas para manter a transparência do processo relacionado à Lei Paulo Gustavo em Minas Gerais. Reunimos abaixo lives de esclarecimentos e os questionamentos mais frequentes com as respectivas respostas, a fim de sanar as principais dúvidas e compartilhar com o público as informações necessárias, reforçando a",outro,nao identificado,nao identificado,cultura,,-20,2023,https://www.secult.mg.gov.br/documentos/lei-paulo-gustavo-lpg/duvidas,https://www.secult.mg.gov.br/documentos/lei-paulo-gustavo-lpg/duvidas,-20
Programa de Desenvolvimento do Audiovisual Mineiro,estadual,Brasil,oportunidade,"+ - Posso ser contemplado em mais de dois editais? Click to collapse Lei Paulo Gustavo 21 Julho 2023 Dúvidas A Secretaria de Estado de Cultura e Turismo esclarece as principais dúvidas para manter a transparência do processo relacionado à Lei Paulo Gustavo em Minas Gerais. Reunimos abaixo lives de esclarecimentos e os questionamentos mais frequentes com as respectivas respostas, a fim de sanar as principais dúvidas e compartilhar com o público as informações necessárias, reforçando a",outro,nao identificado,nao identificado,cultura,,-20,2023,https://www.secult.mg.gov.br/documentos/lei-paulo-gustavo-lpg/duvidas,https://www.secult.mg.gov.br/documentos/lei-paulo-gustavo-lpg/duvidas,-20
Programa de Desenvolvimento do Audiovisual Mineiro,estadual,Brasil,oportunidade,"A Secretaria A Secretaria Institucional Missão, Visão e Valores Comissão de Ética Programa de Integridade Organograma Quem é Quem Lei Geral de Proteção de Dados Assessorias Técnicas Assessoria para Arquivos Assessoria para Bibliotecas Assessoria para Museus Serviços ao Cidadão Processo Seleti A Secretaria Institucional Missão, Visão e Valores Comissão de Ética Programa de Integridade Organograma Quem é Quem Lei Geral de Proteção de Dados Assessorias Técnicas Assessoria para Arquivos Assessoria para Bibliotecas Asse",outro,nao identificado,nao identificado,inovacao,,-20,,https://www.secult.mg.gov.br/editais/editais-02-ao-11/resultado-preliminar-dos-editais-da-lpg-de-02-a-11,https://www.secult.mg.gov.br/editais/editais-02-ao-11/resultado-preliminar-dos-editais-da-lpg-de-02-a-11,-20
Programa de Desenvolvimento do Audiovisual Mineiro,estadual,Brasil,oportunidade,"A Secretaria A Secretaria Institucional Missão, Visão e Valores Comissão de Ética Programa de Integridade Organograma Quem é Quem Lei Geral de Proteção de Dados Assessorias Técnicas Assessoria para Arquivos Assessoria para Bibliotecas Assessoria para Museus Serviços ao Cidadão Processo Seleti A Secretaria Institucional Missão, Visão e Valores Comissão de Ética Programa de Integridade Organograma Quem é Quem Lei Geral de Proteção de Dados Assessorias Técnicas Assessoria para Arquivos Assessoria para Bibliotecas Asse",outro,nao identificado,nao identificado,inovacao,,-20,,https://www.secult.mg.gov.br/editais/editais-02-ao-11/resultado-final,https://www.secult.mg.gov.br/editais/editais-02-ao-11/resultado-final,-20
Programa de Desenvolvimento do Audiovisual Mineiro,estadual,Brasil,oportunidade,"A Secretaria Institucional Missão, Visão e Valores Comissão de Ética Programa de Integridade Organograma Quem é Quem Lei Geral de Proteção de Dados Assessorias Técnicas Assessoria para Arquivos Assessoria para Bibliotecas Assessoria para Museus Serviços ao Cidadão Processo Seleti",outro,nao identificado,nao identificado,inovacao,,-20,,https://www.secult.mg.gov.br/editais/editais-02-ao-11/resultado-preliminar-dos-editais-da-lpg-de-02-a-11,https://www.secult.mg.gov.br/editais/editais-02-ao-11/resultado-preliminar-dos-editais-da-lpg-de-02-a-11,-20
Programa de Desenvolvimento do Audiovisual Mineiro,estadual,Brasil,oportunidade,"A Secretaria Institucional Missão, Visão e Valores Comissão de Ética Programa de Integridade Organograma Quem é Quem Lei Geral de Proteção de Dados Assessorias Técnicas Assessoria para Arquivos Assessoria para Bibliotecas Assessoria para Museus Serviços ao Cidadão Processo Seleti",outro,nao identificado,nao identificado,inovacao,,-20,,https://www.secult.mg.gov.br/editais/editais-02-ao-11/resultado-final,https://www.secult.mg.gov.br/editais/editais-02-ao-11/resultado-final,-20
Programa de Desenvolvimento do Audiovisual Mineiro,estadual,Brasil,oportunidade,Aplicação de Marcas Aplicação de Marcas Política Nacional Aldir Blanc Lei Estadual de Incentivo à Cultura Lei Paulo Gustavo Marca Minas Marcas Secult-MG Descentra Cultura Governo de Minas Cordilheira do Espinhaço Marcas Campanhas Promocionais Secult-MG,outro,nao identificado,nao identificado,cultura,,-20,,https://www.secult.mg.gov.br/editais/editais-02-ao-11/resultado-preliminar-dos-editais-da-lpg-de-02-a-11,https://www.secult.mg.gov.br/editais/editais-02-ao-11/resultado-preliminar-dos-editais-da-lpg-de-02-a-11,-20
Programa de Desenvolvimento do Audiovisual Mineiro,estadual,Brasil,oportunidade,Aplicação de Marcas Aplicação de Marcas Política Nacional Aldir Blanc Lei Estadual de Incentivo à Cultura Lei Paulo Gustavo Marca Minas Marcas Secult-MG Descentra Cultura Governo de Minas Cordilheira do Espinhaço Marcas Campanhas Promocionais Secult-MG,outro,nao identificado,nao identificado,cultura,,-20,,https://www.secult.mg.gov.br/editais/editais-02-ao-11/resultado-final,https://www.secult.mg.gov.br/editais/editais-02-ao-11/resultado-final,-20
Programa de Desenvolvimento do Audiovisual Mineiro,estadual,Brasil,oportunidade,Assessorias Técnicas Assessorias Técnicas Assessoria para Arquivos Assessoria para Bibliotecas Assessoria para Museus,outro,nao identificado,nao identificado,inovacao,,-20,,https://www.secult.mg.gov.br/editais/editais-02-ao-11/resultado-preliminar-dos-editais-da-lpg-de-02-a-11,https://www.secult.mg.gov.br/editais/editais-02-ao-11/resultado-preliminar-dos-editais-da-lpg-de-02-a-11,-20
Programa de Desenvolvimento do Audiovisual Mineiro,estadual,Brasil,oportunidade,Assessorias Técnicas Assessorias Técnicas Assessoria para Arquivos Assessoria para Bibliotecas Assessoria para Museus,outro,nao identificado,nao identificado,inovacao,,-20,,https://www.secult.mg.gov.br/editais/editais-02-ao-11/resultado-final,https://www.secult.mg.gov.br/editais/editais-02-ao-11/resultado-final,-20
Programa de Desenvolvimento do Audiovisual Mineiro,estadual,Brasil,oportunidade,Ato Copefic 45/2020 - Resultado Preliminar,outro,nao identificado,nao identificado,inovacao,,-20,2020,https://www.secult.mg.gov.br/download/category/27-outros-editais?download=1992:ato-45,https://www.secult.mg.gov.br/editais/fundo-estadual-de-cultura-fec/editais-fec,-20
Programa de Desenvolvimento do Audiovisual Mineiro,estadual,Brasil,oportunidade,Comissões de Cultura Comissões de Cultura Cefic COPEFIC,outro,nao identificado,nao identificado,cultura,,-20,,https://www.secult.mg.gov.br/editais/editais-02-ao-11/resultado-preliminar-dos-editais-da-lpg-de-02-a-11,https://www.secult.mg.gov.br/editais/editais-02-ao-11/resultado-preliminar-dos-editais-da-lpg-de-02-a-11,-20
Programa de Desenvolvimento do Audiovisual Mineiro,estadual,Brasil,oportunidade,Conselhos Conselhos Conselho Estadual de Arquivos Conselho Estadual de Patrimônio Cultural Conselho Estadual de Política Cultural Conselho Estadual de Turismo,outro,nao identificado,nao identificado,cultura,,-20,,https://www.secult.mg.gov.br/editais/editais-02-ao-11/resultado-preliminar-dos-editais-da-lpg-de-02-a-11,https://www.secult.mg.gov.br/editais/editais-02-ao-11/resultado-preliminar-dos-editais-da-lpg-de-02-a-11,-20
Programa de Desenvolvimento do Audiovisual Mineiro,estadual,Brasil,oportunidade,Conselhos Conselhos Conselho Estadual de Arquivos Conselho Estadual de Patrimônio Cultural Conselho Estadual de Política Cultural Conselho Estadual de Turismo,outro,nao identificado,nao identificado,cultura,,-20,,https://www.secult.mg.gov.br/editais/editais-02-ao-11/resultado-final,https://www.secult.mg.gov.br/editais/editais-02-ao-11/resultado-final,-20
Programa de Desenvolvimento do Audiovisual Mineiro,estadual,Brasil,oportunidade,ERRATA AO RESULTADO PRELIMINAR DE INVALIDADOS (LISTA II),outro,nao identificado,nao identificado,inovacao,,-20,,https://www.secult.mg.gov.br/download/category/27-outros-editais?download=2240:27-errata,https://www.secult.mg.gov.br/documentos/lab/editais-lei-aldir-blanc,-20
Programa de Desenvolvimento do Audiovisual Mineiro,estadual,Brasil,oportunidade,ERRATA I - RESULTADO FINAL DE PARECERISTAS VALIDADOS E INVALIDADOS - Lista I e II,outro,nao identificado,nao identificado,inovacao,,-20,2002,https://www.secult.mg.gov.br/download/category/27-outros-editais?download=2002:errata-resultado-final-de-pareceristas-validados-e-invalidados-lista-i-e-ii,https://www.secult.mg.gov.br/documentos/lab/editais-lei-aldir-blanc,-20
Programa de Desenvolvimento do Audiovisual Mineiro,estadual,Brasil,oportunidade,ERRATA I RESULTADO PRELIMINAR - LISTA DE VALIDADOS,outro,nao identificado,nao identificado,inovacao,,-20,,https://www.secult.mg.gov.br/download/category/27-outros-editais?download=2106:errata-resultado-preliminar-09,https://www.secult.mg.gov.br/documentos/lab/editais-lei-aldir-blanc,-20
Programa de Desenvolvimento do Audiovisual Mineiro,estadual,Brasil,oportunidade,ERRATA II - RESULTADO FINAL DE PARECERISTAS VALIDADOS E INVALIDADOS,outro,nao identificado,nao identificado,inovacao,,-20,2018,https://www.secult.mg.gov.br/download/category/27-outros-editais?download=2018:errata-ii-resultado-final-de-pareceristas-validados-e-invalidados,https://www.secult.mg.gov.br/documentos/lab/editais-lei-aldir-blanc,-20
Programa de Desenvolvimento do Audiovisual Mineiro,estadual,Brasil,oportunidade,ERRATA II RESULTADO PRELIMINAR - LISTA DE VALIDADOS,outro,nao identificado,nao identificado,inovacao,,-20,,https://www.secult.mg.gov.br/download/category/27-outros-editais?download=2108:errata-2-classificados,https://www.secult.mg.gov.br/documentos/lab/editais-lei-aldir-blanc,-20
Programa de Desenvolvimento do Audiovisual Mineiro,estadual,Brasil,oportunidade,ERRATA RESULTADO PRELIMINAR - LISTA DE INVALIDADOS,outro,nao identificado,nao identificado,inovacao,,-20,,https://www.secult.mg.gov.br/download/category/27-outros-editais?download=2109:errata-1-desclassificados,https://www.secult.mg.gov.br/documentos/lab/editais-lei-aldir-blanc,-20
Programa de Desenvolvimento do Audiovisual Mineiro,estadual,Brasil,oportunidade,ERRATA RESULTADO PRELIMINAR - LISTA DE VALIDADOS E INVALIDADOS,outro,nao identificado,nao identificado,inovacao,,-20,,https://www.secult.mg.gov.br/download/category/27-outros-editais?download=2101:errata-resultado-preliminar-20,https://www.secult.mg.gov.br/documentos/lab/editais-lei-aldir-blanc,-20
Programa de Desenvolvimento do Audiovisual Mineiro,estadual,Brasil,oportunidade,ERRATA RESULTADO PRELIMINAR DE INVALIDADOS (LISTA I),outro,nao identificado,nao identificado,inovacao,,-20,,https://www.secult.mg.gov.br/download/category/27-outros-editais?download=2261:121-errata,https://www.secult.mg.gov.br/documentos/lab/editais-lei-aldir-blanc,-20
Programa de Desenvolvimento do Audiovisual Mineiro,estadual,Brasil,oportunidade,Encontro de Gestores Encontro de Gestores 9° Encontro 8° Encontro 7° Encontro 6° Encontro 5º Encontro 4º Encontro,outro,nao identificado,nao identificado,inovacao,,-20,,https://www.secult.mg.gov.br/editais/editais-02-ao-11/resultado-preliminar-dos-editais-da-lpg-de-02-a-11,https://www.secult.mg.gov.br/editais/editais-02-ao-11/resultado-preliminar-dos-editais-da-lpg-de-02-a-11,-20
Programa de Desenvolvimento do Audiovisual Mineiro,estadual,Brasil,oportunidade,"Institucional Institucional Missão, Visão e Valores Comissão de Ética Programa de Integridade",outro,nao identificado,nao identificado,inovacao,,-20,,https://www.secult.mg.gov.br/editais/editais-02-ao-11/resultado-preliminar-dos-editais-da-lpg-de-02-a-11,https://www.secult.mg.gov.br/editais/editais-02-ao-11/resultado-preliminar-dos-editais-da-lpg-de-02-a-11,-20
Programa de Desenvolvimento do Audiovisual Mineiro,estadual,Brasil,oportunidade,Instituições Instituições Arquivo Público Mineiro Biblioteca Pública Estadual Circuito Liberdade Museus Centro de Arte Popular Museu Casa Alphonsus de Guimaraens Museu Casa Guignard Museu Casa Guimarães Rosa Museu do Crédito Real Museu dos Militares Mineiros Museu Mineiro Rádio Inconfidência Instituições Arquivo Público Mineiro Biblioteca Pública Estadual Circuito Liberdade Museus Centro de Arte Popular Museu Casa Alphonsus de Guimaraens Museu Casa Guignard Museu Casa Guimarães Rosa Museu do Crédito Real Museu dos,outro,nao identificado,nao identificado,cultura,,-20,,https://www.secult.mg.gov.br/editais/editais-pnab/editais-pnab,https://www.secult.mg.gov.br/editais/editais-pnab/editais-pnab,-20
Programa de Desenvolvimento do Audiovisual Mineiro,estadual,Brasil,oportunidade,Instituições Instituições Arquivo Público Mineiro Biblioteca Pública Estadual Circuito Liberdade Museus Centro de Arte Popular Museu Casa Alphonsus de Guimaraens Museu Casa Guignard Museu Casa Guimarães Rosa Museu do Crédito Real Museu dos Militares Mineiros Museu Mineiro Rádio Inconfidência Instituições Arquivo Público Mineiro Biblioteca Pública Estadual Circuito Liberdade Museus Centro de Arte Popular Museu Casa Alphonsus de Guimaraens Museu Casa Guignard Museu Casa Guimarães Rosa Museu do Crédito Real Museu dos,outro,nao identificado,nao identificado,cultura,,-20,,https://www.secult.mg.gov.br/editais/editais-02-ao-11/editais-lpg,https://www.secult.mg.gov.br/editais/editais-02-ao-11/editais-lpg,-20
Programa de Desenvolvimento do Audiovisual Mineiro,estadual,Brasil,oportunidade,Instituições Instituições Arquivo Público Mineiro Biblioteca Pública Estadual Circuito Liberdade Museus Centro de Arte Popular Museu Casa Alphonsus de Guimaraens Museu Casa Guignard Museu Casa Guimarães Rosa Museu do Crédito Real Museu dos Militares Mineiros Museu Mineiro Rádio Inconfidência Instituições Arquivo Público Mineiro Biblioteca Pública Estadual Circuito Liberdade Museus Centro de Arte Popular Museu Casa Alphonsus de Guimaraens Museu Casa Guignard Museu Casa Guimarães Rosa Museu do Crédito Real Museu dos,outro,nao identificado,nao identificado,cultura,,-20,,https://www.secult.mg.gov.br/editais/editais-02-ao-11/suplentes,https://www.secult.mg.gov.br/editais/editais-02-ao-11/suplentes,-20
Programa de Desenvolvimento do Audiovisual Mineiro,estadual,Brasil,oportunidade,Instituições Instituições Arquivo Público Mineiro Biblioteca Pública Estadual Circuito Liberdade Museus Centro de Arte Popular Museu Casa Alphonsus de Guimaraens Museu Casa Guignard Museu Casa Guimarães Rosa Museu do Crédito Real Museu dos Militares Mineiros Museu Mineiro Rádio Inconfidência Instituições Arquivo Público Mineiro Biblioteca Pública Estadual Circuito Liberdade Museus Centro de Arte Popular Museu Casa Alphonsus de Guimaraens Museu Casa Guignard Museu Casa Guimarães Rosa Museu do Crédito Real Museu dos,outro,nao identificado,nao identificado,cultura,,-20,,https://www.secult.mg.gov.br/editais/editais-02-ao-11/novo-cronograma-lpg,https://www.secult.mg.gov.br/editais/editais-02-ao-11/novo-cronograma-lpg,-20
Programa de Desenvolvimento do Audiovisual Mineiro,estadual,Brasil,oportunidade,Instituições Instituições Arquivo Público Mineiro Biblioteca Pública Estadual Circuito Liberdade Museus Centro de Arte Popular Museu Casa Alphonsus de Guimaraens Museu Casa Guignard Museu Casa Guimarães Rosa Museu do Crédito Real Museu dos Militares Mineiros Museu Mineiro Rádio Inconfidência Instituições Arquivo Público Mineiro Biblioteca Pública Estadual Circuito Liberdade Museus Centro de Arte Popular Museu Casa Alphonsus de Guimaraens Museu Casa Guignard Museu Casa Guimarães Rosa Museu do Crédito Real Museu dos,outro,nao identificado,nao identificado,cultura,,-20,,https://www.secult.mg.gov.br/editais/editais-02-ao-11/resultado-preliminar-dos-editais-da-lpg-de-02-a-11,https://www.secult.mg.gov.br/editais/editais-02-ao-11/resultado-preliminar-dos-editais-da-lpg-de-02-a-11,-20
Programa de Desenvolvimento do Audiovisual Mineiro,estadual,Brasil,oportunidade,Instituições Instituições Arquivo Público Mineiro Biblioteca Pública Estadual Circuito Liberdade Museus Centro de Arte Popular Museu Casa Alphonsus de Guimaraens Museu Casa Guignard Museu Casa Guimarães Rosa Museu do Crédito Real Museu dos Militares Mineiros Museu Mineiro Rádio Inconfidência Instituições Arquivo Público Mineiro Biblioteca Pública Estadual Circuito Liberdade Museus Centro de Arte Popular Museu Casa Alphonsus de Guimaraens Museu Casa Guignard Museu Casa Guimarães Rosa Museu do Crédito Real Museu dos,outro,nao identificado,nao identificado,cultura,,-20,,https://www.secult.mg.gov.br/editais/editais-02-ao-11/resultado-final,https://www.secult.mg.gov.br/editais/editais-02-ao-11/resultado-final,-20
Programa de Desenvolvimento do Audiovisual Mineiro,estadual,Brasil,oportunidade,Instituições Instituições Arquivo Público Mineiro Biblioteca Pública Estadual Circuito Liberdade Museus Centro de Arte Popular Museu Casa Alphonsus de Guimaraens Museu Casa Guignard Museu Casa Guimarães Rosa Museu do Crédito Real Museu dos Militares Mineiros Museu Mineiro Rádio Inconfidência Instituições Arquivo Público Mineiro Biblioteca Pública Estadual Circuito Liberdade Museus Centro de Arte Popular Museu Casa Alphonsus de Guimaraens Museu Casa Guignard Museu Casa Guimarães Rosa Museu do Crédito Real Museu dos,outro,nao identificado,nao identificado,cultura,,-20,,https://www.secult.mg.gov.br/editais/editais-pnab/cronograma-pnab,https://www.secult.mg.gov.br/editais/editais-pnab/cronograma-pnab,-20
Programa de Desenvolvimento do Audiovisual Mineiro,estadual,Brasil,oportunidade,Instituições Instituições Arquivo Público Mineiro Biblioteca Pública Estadual Circuito Liberdade Museus Centro de Arte Popular Museu Casa Alphonsus de Guimaraens Museu Casa Guignard Museu Casa Guimarães Rosa Museu do Crédito Real Museu dos Militares Mineiros Museu Mineiro Rádio Inconfidência Instituições Arquivo Público Mineiro Biblioteca Pública Estadual Circuito Liberdade Museus Centro de Arte Popular Museu Casa Alphonsus de Guimaraens Museu Casa Guignard Museu Casa Guimarães Rosa Museu do Crédito Real Museu dos,outro,nao identificado,nao identificado,cultura,,-20,,https://www.secult.mg.gov.br/editais/editais-pnab/documentacao,https://www.secult.mg.gov.br/editais/editais-pnab/documentacao,-20
Programa de Desenvolvimento do Audiovisual Mineiro,estadual,Brasil,oportunidade,Instituições Instituições Arquivo Público Mineiro Biblioteca Pública Estadual Circuito Liberdade Museus Centro de Arte Popular Museu Casa Alphonsus de Guimaraens Museu Casa Guignard Museu Casa Guimarães Rosa Museu do Crédito Real Museu dos Militares Mineiros Museu Mineiro Rádio Inconfidência Instituições Arquivo Público Mineiro Biblioteca Pública Estadual Circuito Liberdade Museus Centro de Arte Popular Museu Casa Alphonsus de Guimaraens Museu Casa Guignard Museu Casa Guimarães Rosa Museu do Crédito Real Museu dos,outro,nao identificado,nao identificado,cultura,,-20,,https://www.secult.mg.gov.br/editais/editais-pnab/manual-fase-de-habilitacao,https://www.secult.mg.gov.br/editais/editais-pnab/manual-fase-de-habilitacao,-20
Programa de Desenvolvimento do Audiovisual Mineiro,estadual,Brasil,oportunidade,Lei Paulo Gustavo (LPG) Lei Paulo Gustavo (LPG) Cronograma Editais Resultado Preliminar Resultado Final Suplentes,outro,nao identificado,nao identificado,inovacao,,-20,,https://www.secult.mg.gov.br/documentos/lei-paulo-gustavo-lpg/duvidas,https://www.secult.mg.gov.br/documentos/lei-paulo-gustavo-lpg/duvidas,-20
Programa de Desenvolvimento do Audiovisual Mineiro,estadual,Brasil,oportunidade,Lei Paulo Gustavo (LPG) Lei Paulo Gustavo (LPG) Cronograma Editais Resultado Preliminar Resultado Final Suplentes,outro,nao identificado,nao identificado,inovacao,,-20,,https://www.secult.mg.gov.br/editais/editais-pnab/editais-pnab,https://www.secult.mg.gov.br/editais/editais-pnab/editais-pnab,-20
Programa de Desenvolvimento do Audiovisual Mineiro,estadual,Brasil,oportunidade,Lei Paulo Gustavo (LPG) Lei Paulo Gustavo (LPG) Cronograma Editais Resultado Preliminar Resultado Final Suplentes,outro,nao identificado,nao identificado,inovacao,,-20,,https://www.secult.mg.gov.br/editais/editais-02-ao-11/editais-lpg,https://www.secult.mg.gov.br/editais/editais-02-ao-11/editais-lpg,-20
Programa de Desenvolvimento do Audiovisual Mineiro,estadual,Brasil,oportunidade,Lei Paulo Gustavo (LPG) Lei Paulo Gustavo (LPG) Cronograma Editais Resultado Preliminar Resultado Final Suplentes,outro,nao identificado,nao identificado,inovacao,,-20,,https://www.secult.mg.gov.br/editais/editais-02-ao-11/suplentes,https://www.secult.mg.gov.br/editais/editais-02-ao-11/suplentes,-20
Programa de Desenvolvimento do Audiovisual Mineiro,estadual,Brasil,oportunidade,Lei Paulo Gustavo (LPG) Lei Paulo Gustavo (LPG) Cronograma Editais Resultado Preliminar Resultado Final Suplentes,outro,nao identificado,nao identificado,cultura,,-20,,https://www.secult.mg.gov.br/documentos/lei-estadual-de-incentivo-a-cultura-leic,https://www.secult.mg.gov.br/documentos/lei-estadual-de-incentivo-a-cultura-leic,-20
Programa de Desenvolvimento do Audiovisual Mineiro,estadual,Brasil,oportunidade,Lei Paulo Gustavo (LPG) Lei Paulo Gustavo (LPG) Cronograma Editais Resultado Preliminar Resultado Final Suplentes,outro,nao identificado,nao identificado,inovacao,,-20,,https://www.secult.mg.gov.br/editais/editais-02-ao-11/novo-cronograma-lpg,https://www.secult.mg.gov.br/editais/editais-02-ao-11/novo-cronograma-lpg,-20
Programa de Desenvolvimento do Audiovisual Mineiro,estadual,Brasil,oportunidade,Lei Paulo Gustavo (LPG) Lei Paulo Gustavo (LPG) Cronograma Editais Resultado Preliminar Resultado Final Suplentes,outro,nao identificado,nao identificado,inovacao,,-20,,https://www.secult.mg.gov.br/documentos/lei-paulo-gustavo-lpg/readequacao-prestacao-de-contas,https://www.secult.mg.gov.br/documentos/lei-paulo-gustavo-lpg/readequacao-prestacao-de-contas,-20
Programa de Desenvolvimento do Audiovisual Mineiro,estadual,Brasil,oportunidade,Lei Paulo Gustavo (LPG) Lei Paulo Gustavo (LPG) Cronograma Editais Resultado Preliminar Resultado Final Suplentes,outro,nao identificado,nao identificado,inovacao,,-20,,https://www.secult.mg.gov.br/editais/editais-02-ao-11/resultado-preliminar-dos-editais-da-lpg-de-02-a-11,https://www.secult.mg.gov.br/editais/editais-02-ao-11/resultado-preliminar-dos-editais-da-lpg-de-02-a-11,-20
Programa de Desenvolvimento do Audiovisual Mineiro,estadual,Brasil,oportunidade,Lei Paulo Gustavo (LPG) Lei Paulo Gustavo (LPG) Cronograma Editais Resultado Preliminar Resultado Final Suplentes,outro,nao identificado,nao identificado,inovacao,,-20,,https://www.secult.mg.gov.br/editais/editais-02-ao-11/resultado-final,https://www.secult.mg.gov.br/editais/editais-02-ao-11/resultado-final,-20
Programa de Desenvolvimento do Audiovisual Mineiro,estadual,Brasil,oportunidade,Lei Paulo Gustavo (LPG) Lei Paulo Gustavo (LPG) Cronograma Editais Resultado Preliminar Resultado Final Suplentes,outro,nao identificado,nao identificado,inovacao,,-20,,https://www.secult.mg.gov.br/documentos/lei-paulo-gustavo-lpg/legislacao,https://www.secult.mg.gov.br/documentos/lei-paulo-gustavo-lpg/legislacao,-20
Programa de Desenvolvimento do Audiovisual Mineiro,estadual,Brasil,oportunidade,Lei Paulo Gustavo (LPG) Lei Paulo Gustavo (LPG) Cronograma Editais Resultado Preliminar Resultado Final Suplentes,outro,nao identificado,nao identificado,inovacao,,-20,,https://www.secult.mg.gov.br/documentos/lei-paulo-gustavo-lpg/consulta-simplificada,https://www.secult.mg.gov.br/documentos/lei-paulo-gustavo-lpg/consulta-simplificada,-20
Programa de Desenvolvimento do Audiovisual Mineiro,estadual,Brasil,oportunidade,Lei Paulo Gustavo (LPG) Lei Paulo Gustavo (LPG) Cronograma Editais Resultado Preliminar Resultado Final Suplentes,outro,nao identificado,nao identificado,inovacao,,-20,,https://www.secult.mg.gov.br/documentos/lei-paulo-gustavo-lpg/subcomissoes,https://www.secult.mg.gov.br/documentos/lei-paulo-gustavo-lpg/subcomissoes,-20
Programa de Desenvolvimento do Audiovisual Mineiro,estadual,Brasil,oportunidade,Lei Paulo Gustavo (LPG) Lei Paulo Gustavo (LPG) Cronograma Editais Resultado Preliminar Resultado Final Suplentes,outro,nao identificado,nao identificado,inovacao,,-20,,https://www.secult.mg.gov.br/editais/editais-pnab/cronograma-pnab,https://www.secult.mg.gov.br/editais/editais-pnab/cronograma-pnab,-20
Programa de Desenvolvimento do Audiovisual Mineiro,estadual,Brasil,oportunidade,Lei Paulo Gustavo (LPG) Lei Paulo Gustavo (LPG) Cronograma Editais Resultado Preliminar Resultado Final Suplentes,outro,nao identificado,nao identificado,inovacao,,-20,,https://www.secult.mg.gov.br/editais/editais-pnab/documentacao,https://www.secult.mg.gov.br/editais/editais-pnab/documentacao,-20
Programa de Desenvolvimento do Audiovisual Mineiro,estadual,Brasil,oportunidade,Lei Paulo Gustavo (LPG) Lei Paulo Gustavo (LPG) Cronograma Editais Resultado Preliminar Resultado Final Suplentes,outro,nao identificado,nao identificado,inovacao,,-20,,https://www.secult.mg.gov.br/editais/editais-pnab/manual-fase-de-habilitacao,https://www.secult.mg.gov.br/editais/editais-pnab/manual-fase-de-habilitacao,-20
Programa de Desenvolvimento do Audiovisual Mineiro,estadual,Brasil,oportunidade,Lei Paulo Gustavo (LPG) Lei Paulo Gustavo (LPG) Cronograma Editais Resultado Preliminar Resultado Final Suplentes,outro,nao identificado,nao identificado,cultura,,-20,,https://www.secult.mg.gov.br/aplicacao-de-marcas/lei-estadual-de-incentivo-a-cultura,https://www.secult.mg.gov.br/aplicacao-de-marcas/lei-estadual-de-incentivo-a-cultura,-20
Programa de Desenvolvimento do Audiovisual Mineiro,estadual,Brasil,oportunidade,Lei Paulo Gustavo (LPG) Lei Paulo Gustavo (LPG) Cronograma Editais Resultado Preliminar Resultado Final Suplentes,outro,nao identificado,nao identificado,inovacao,,-20,,https://www.secult.mg.gov.br/aplicacao-de-marcas/politica-nacional-aldir-blanc-pnab,https://www.secult.mg.gov.br/aplicacao-de-marcas/politica-nacional-aldir-blanc-pnab,-20
Programa de Desenvolvimento do Audiovisual Mineiro,estadual,Brasil,oportunidade,Lei Paulo Gustavo (LPG) Lei Paulo Gustavo (LPG) Cronograma Editais Resultado Preliminar Resultado Final Suplentes,outro,nao identificado,nao identificado,inovacao,,-20,,https://www.secult.mg.gov.br/aplicacao-de-marcas/aplicacao-de-marcas-2,https://www.secult.mg.gov.br/aplicacao-de-marcas/aplicacao-de-marcas-2,-20
Programa de Desenvolvimento do Audiovisual Mineiro,estadual,Brasil,oportunidade,Política Nacional Aldir Blanc (PNAB) Política Nacional Aldir Blanc (PNAB) Consulta Pública Simplificada Fóruns Setoriais Legislação Valores e Materiais,outro,nao identificado,nao identificado,inovacao,,-20,,https://www.secult.mg.gov.br/editais/editais-02-ao-11/resultado-preliminar-dos-editais-da-lpg-de-02-a-11,https://www.secult.mg.gov.br/editais/editais-02-ao-11/resultado-preliminar-dos-editais-da-lpg-de-02-a-11,-20
Programa de Desenvolvimento do Audiovisual Mineiro,estadual,Brasil,oportunidade,Política Nacional Aldir Blanc (PNAB) Política Nacional Aldir Blanc (PNAB) Cronograma Documentação Editais Fase de Habilitação Painel de Consulta - Resultados,outro,nao identificado,nao identificado,inovacao,,-20,,https://www.secult.mg.gov.br/editais/editais-02-ao-11/resultado-preliminar-dos-editais-da-lpg-de-02-a-11,https://www.secult.mg.gov.br/editais/editais-02-ao-11/resultado-preliminar-dos-editais-da-lpg-de-02-a-11,-20
Programa de Desenvolvimento do Audiovisual Mineiro,estadual,Brasil,oportunidade,Política Nacional Aldir Blanc (PNAB) Política Nacional Aldir Blanc (PNAB) Cronograma Documentação Editais Fase de Habilitação Painel de Consulta - Resultados,outro,nao identificado,nao identificado,cultura,,-20,,https://www.secult.mg.gov.br/aplicacao-de-marcas/lei-estadual-de-incentivo-a-cultura,https://www.secult.mg.gov.br/aplicacao-de-marcas/lei-estadual-de-incentivo-a-cultura,-20
Programa de Desenvolvimento do Audiovisual Mineiro,estadual,Brasil,oportunidade,Política Nacional Aldir Blanc (PNAB) Política Nacional Aldir Blanc (PNAB) Cronograma Documentação Editais Fase de Habilitação Painel de Consulta - Resultados,outro,nao identificado,nao identificado,inovacao,,-20,,https://www.secult.mg.gov.br/aplicacao-de-marcas/politica-nacional-aldir-blanc-pnab,https://www.secult.mg.gov.br/aplicacao-de-marcas/politica-nacional-aldir-blanc-pnab,-20
Programa de Desenvolvimento do Audiovisual Mineiro,estadual,Brasil,oportunidade,Política Nacional Aldir Blanc (PNAB) Política Nacional Aldir Blanc (PNAB) Cronograma Documentação Editais Fase de Habilitação Painel de Consulta - Resultados,outro,nao identificado,nao identificado,inovacao,,-20,,https://www.secult.mg.gov.br/aplicacao-de-marcas/aplicacao-de-marcas-2,https://www.secult.mg.gov.br/aplicacao-de-marcas/aplicacao-de-marcas-2,-20
Programa de Desenvolvimento do Audiovisual Mineiro,estadual,Brasil,oportunidade,RESULTADO FINAL,outro,nao identificado,nao identificado,inovacao,,-20,,https://www.secult.mg.gov.br/download/category/27-outros-editais?download=2113:lista-final-pareceristas,https://www.secult.mg.gov.br/documentos/lab/editais-lei-aldir-blanc,-20
Programa de Desenvolvimento do Audiovisual Mineiro,estadual,Brasil,oportunidade,RESULTADO FINAL DE PARECERISTAS VALIDADOS E INVALIDADOS - Lista I,outro,nao identificado,nao identificado,inovacao,,-20,1985,https://www.secult.mg.gov.br/download/category/27-outros-editais?download=1985:resultado-final-lista-1,https://www.secult.mg.gov.br/documentos/lab/editais-lei-aldir-blanc,-20
Programa de Desenvolvimento do Audiovisual Mineiro,estadual,Brasil,oportunidade,RESULTADO FINAL DE PARECERISTAS VALIDADOS E INVALIDADOS - Lista II,outro,nao identificado,nao identificado,inovacao,,-20,1988,https://www.secult.mg.gov.br/download/category/27-outros-editais?download=1988:resultado-final-lista-2,https://www.secult.mg.gov.br/documentos/lab/editais-lei-aldir-blanc,-20
Programa de Desenvolvimento do Audiovisual Mineiro,estadual,Brasil,oportunidade,RESULTADO FINAL DE PARECERISTAS VALIDADOS E INVALIDADOS - Lista III,outro,nao identificado,nao identificado,inovacao,,-20,2003,https://www.secult.mg.gov.br/download/category/27-outros-editais?download=2003:resultado-final-de-pareceristas-validados-e-invalidados-lista-3,https://www.secult.mg.gov.br/documentos/lab/editais-lei-aldir-blanc,-20
Programa de Desenvolvimento do Audiovisual Mineiro,estadual,Brasil,oportunidade,RESULTADO PRELIMINAR - INVALIDADOS (LISTA III),outro,nao identificado,nao identificado,inovacao,,-20,,https://www.secult.mg.gov.br/download/category/27-outros-editais?download=2219:18-resultado-preliminar-de-desclassificados-lista-3,https://www.secult.mg.gov.br/documentos/lab/editais-lei-aldir-blanc,-20
Programa de Desenvolvimento do Audiovisual Mineiro,estadual,Brasil,oportunidade,RESULTADO PRELIMINAR - INVALIDADOS (LISTA IV),outro,nao identificado,nao identificado,inovacao,,-20,,https://www.secult.mg.gov.br/download/category/27-outros-editais?download=2241:005-valdados,https://www.secult.mg.gov.br/documentos/lab/editais-lei-aldir-blanc,-20
Programa de Desenvolvimento do Audiovisual Mineiro,estadual,Brasil,oportunidade,RESULTADO PRELIMINAR - LISTA DE INVALIDADOS,outro,nao identificado,nao identificado,inovacao,,-20,2028,https://www.secult.mg.gov.br/download/category/27-outros-editais?download=2028:desclassificados-4,https://www.secult.mg.gov.br/documentos/lab/editais-lei-aldir-blanc,-20
Programa de Desenvolvimento do Audiovisual Mineiro,estadual,Brasil,oportunidade,RESULTADO PRELIMINAR - LISTA DE INVALIDADOS (LISTA I),outro,nao identificado,nao identificado,inovacao,,-20,2090,https://www.secult.mg.gov.br/download/category/27-outros-editais?download=2090:desclassificado-27,https://www.secult.mg.gov.br/documentos/lab/editais-lei-aldir-blanc,-20
Programa de Desenvolvimento do Audiovisual Mineiro,estadual,Brasil,oportunidade,RESULTADO PRELIMINAR - LISTA DE VALIDADOS,outro,nao identificado,nao identificado,inovacao,,-20,2027,https://www.secult.mg.gov.br/download/category/27-outros-editais?download=2027:classificados-4,https://www.secult.mg.gov.br/documentos/lab/editais-lei-aldir-blanc,-20
Programa de Desenvolvimento do Audiovisual Mineiro,estadual,Brasil,oportunidade,RESULTADO PRELIMINAR - LISTA DE VALIDADOS (LISTA I),outro,nao identificado,nao identificado,inovacao,,-20,2089,https://www.secult.mg.gov.br/download/category/27-outros-editais?download=2089:classificados-27,https://www.secult.mg.gov.br/documentos/lab/editais-lei-aldir-blanc,-20
Programa de Desenvolvimento do Audiovisual Mineiro,estadual,Brasil,oportunidade,RESULTADO PRELIMINAR - LISTA DE VALIDADOS I,outro,nao identificado,nao identificado,inovacao,,-20,2012,https://www.secult.mg.gov.br/download/category/27-outros-editais?download=2012:resultado-preliminar-lista-de-classificados-correto,https://www.secult.mg.gov.br/documentos/lab/editais-lei-aldir-blanc,-20
Programa de Desenvolvimento do Audiovisual Mineiro,estadual,Brasil,oportunidade,RESULTADO PRELIMINAR - LISTA DE VALIDADOS II,outro,nao identificado,nao identificado,inovacao,,-20,2014,https://www.secult.mg.gov.br/download/category/27-outros-editais?download=2014:resultado-preliminar-lista-de-classificados-ii,https://www.secult.mg.gov.br/documentos/lab/editais-lei-aldir-blanc,-20
Programa de Desenvolvimento do Audiovisual Mineiro,estadual,Brasil,oportunidade,RESULTADO PRELIMINAR - VALIDADOS (LISTA III),outro,nao identificado,nao identificado,inovacao,,-20,,https://www.secult.mg.gov.br/download/category/27-outros-editais?download=2218:18-resultado-preliminar-de-classificados-lista-3,https://www.secult.mg.gov.br/documentos/lab/editais-lei-aldir-blanc,-20
Programa de Desenvolvimento do Audiovisual Mineiro,estadual,Brasil,oportunidade,RESULTADO PRELIMINAR - VALIDADOS (LISTA IV),outro,nao identificado,nao identificado,inovacao,,-20,,https://www.secult.mg.gov.br/download/category/27-outros-editais?download=2242:005-invali,https://www.secult.mg.gov.br/documentos/lab/editais-lei-aldir-blanc,-20
Programa de Desenvolvimento do Audiovisual Mineiro,estadual,Brasil,oportunidade,RESULTADO PRELIMINAR DE INVALIDADOS (LISTA IV),outro,nao identificado,nao identificado,inovacao,,-20,,https://www.secult.mg.gov.br/download/category/27-outros-editais?download=2249:invalidados-277,https://www.secult.mg.gov.br/documentos/lab/editais-lei-aldir-blanc,-20
Programa de Desenvolvimento do Audiovisual Mineiro,estadual,Brasil,oportunidade,RESULTADO PRELIMINAR DE INVALIDADOS (LISTA V),outro,nao identificado,nao identificado,inovacao,,-20,,https://www.secult.mg.gov.br/download/category/27-outros-editais?download=2301:2412-9,https://www.secult.mg.gov.br/documentos/lab/editais-lei-aldir-blanc,-20
Programa de Desenvolvimento do Audiovisual Mineiro,estadual,Brasil,oportunidade,RESULTADO PRELIMINAR DE INVALIDADOS (LISTA lll),outro,nao identificado,nao identificado,inovacao,,-20,,https://www.secult.mg.gov.br/download/category/27-outros-editais?download=2236:188-invalidados-02,https://www.secult.mg.gov.br/documentos/lab/editais-lei-aldir-blanc,-20
Programa de Desenvolvimento do Audiovisual Mineiro,estadual,Brasil,oportunidade,RESULTADO PRELIMINAR DE INVALIDADOS - LISTA lII,outro,nao identificado,nao identificado,inovacao,,-20,,https://www.secult.mg.gov.br/download/category/27-outros-editais?download=2217:18-resultado-preliminar-de-invalidados-lista-3,https://www.secult.mg.gov.br/documentos/lab/editais-lei-aldir-blanc,-20
Programa de Desenvolvimento do Audiovisual Mineiro,estadual,Brasil,oportunidade,RESULTADO PRELIMINAR DE PARECERISTAS VALIDADOS E INVALIDADOS - Lista I,outro,nao identificado,nao identificado,inovacao,,-20,1946,https://www.secult.mg.gov.br/download/category/27-outros-editais?download=1946:pareceristas-pdf,https://www.secult.mg.gov.br/documentos/lab/editais-lei-aldir-blanc,-20
Programa de Desenvolvimento do Audiovisual Mineiro,estadual,Brasil,oportunidade,RESULTADO PRELIMINAR DE PARECERISTAS VALIDADOS E INVALIDADOS - Lista II,outro,nao identificado,nao identificado,inovacao,,-20,1965,https://www.secult.mg.gov.br/download/category/27-outros-editais?download=1965:lista-2-pareceristas,https://www.secult.mg.gov.br/documentos/lab/editais-lei-aldir-blanc,-20
Programa de Desenvolvimento do Audiovisual Mineiro,estadual,Brasil,oportunidade,RESULTADO PRELIMINAR DE PARECERISTAS VALIDADOS E INVALIDADOS - Lista III,outro,nao identificado,nao identificado,inovacao,,-20,1975,https://www.secult.mg.gov.br/download/category/27-outros-editais?download=1975:lista3-pareceriastas,https://www.secult.mg.gov.br/documentos/lab/editais-lei-aldir-blanc,-20
Programa de Desenvolvimento do Audiovisual Mineiro,estadual,Brasil,oportunidade,RESULTADO PRELIMINAR DE PARECERISTAS VALIDADOS E INVALIDADOS - Lista IV,outro,nao identificado,nao identificado,inovacao,,-20,1984,https://www.secult.mg.gov.br/download/category/27-outros-editais?download=1984:resultado-pre-lista-4,https://www.secult.mg.gov.br/documentos/lab/editais-lei-aldir-blanc,-20
Programa de Desenvolvimento do Audiovisual Mineiro,estadual,Brasil,oportunidade,RESULTADO PRELIMINAR DE PARECERISTAS VALIDADOS E INVALIDADOS - Lista V,outro,nao identificado,nao identificado,inovacao,,-20,1989,https://www.secult.mg.gov.br/download/category/27-outros-editais?download=1989:resultado-preliminar-5,https://www.secult.mg.gov.br/documentos/lab/editais-lei-aldir-blanc,-20
Programa de Desenvolvimento do Audiovisual Mineiro,estadual,Brasil,oportunidade,RESULTADO PRELIMINAR DE VALIDADOS (LISTA IV),outro,nao identificado,nao identificado,inovacao,,-20,,https://www.secult.mg.gov.br/download/category/27-outros-editais?download=2248:validados-277,https://www.secult.mg.gov.br/documentos/lab/editais-lei-aldir-blanc,-20
Programa de Desenvolvimento do Audiovisual Mineiro,estadual,Brasil,oportunidade,RESULTADO PRELIMINAR DE VALIDADOS (LISTA V),outro,nao identificado,nao identificado,inovacao,,-20,,https://www.secult.mg.gov.br/download/category/27-outros-editais?download=2265:121-resultado-05-vali,https://www.secult.mg.gov.br/documentos/lab/editais-lei-aldir-blanc,-20
Programa de Desenvolvimento do Audiovisual Mineiro,estadual,Brasil,oportunidade,RESULTADO PRELIMINAR DE VALIDADOS (LISTA lll),outro,nao identificado,nao identificado,inovacao,,-20,,https://www.secult.mg.gov.br/download/category/27-outros-editais?download=2235:188-validados-02,https://www.secult.mg.gov.br/documentos/lab/editais-lei-aldir-blanc,-20
Programa de Desenvolvimento do Audiovisual Mineiro,estadual,Brasil,oportunidade,RESULTADO PRELIMINAR DE VALIDADOS - (LISTA III),outro,nao identificado,nao identificado,inovacao,,-20,,https://www.secult.mg.gov.br/download/category/27-outros-editais?download=2234:06-k,https://www.secult.mg.gov.br/documentos/lab/editais-lei-aldir-blanc,-20
Programa de Desenvolvimento do Audiovisual Mineiro,estadual,Brasil,oportunidade,RESULTADO PRELIMINAR DE VALIDADOS - LISTA III,outro,nao identificado,nao identificado,inovacao,,-20,,https://www.secult.mg.gov.br/download/category/27-outros-editais?download=2233:lista-03-p,https://www.secult.mg.gov.br/documentos/lab/editais-lei-aldir-blanc,-20
Programa de Desenvolvimento do Audiovisual Mineiro,estadual,Brasil,oportunidade,RESULTADO PRELIMINAR DE VALIDADOS - LISTA lI,outro,nao identificado,nao identificado,inovacao,,-20,,https://www.secult.mg.gov.br/download/category/27-outros-editais?download=2215:18-resultado-preliminar-de-validados-lista-2,https://www.secult.mg.gov.br/documentos/lab/editais-lei-aldir-blanc,-20
Programa de Desenvolvimento do Audiovisual Mineiro,estadual,Brasil,oportunidade,RESULTADO PRELIMINAR INVALIDADOS (LISTA II),outro,nao identificado,nao identificado,inovacao,,-20,,https://www.secult.mg.gov.br/download/category/27-outros-editais?download=2208:16-12-6-1,https://www.secult.mg.gov.br/documentos/lab/editais-lei-aldir-blanc,-20
Programa de Desenvolvimento do Audiovisual Mineiro,estadual,Brasil,oportunidade,RESULTADO PRELIMINAR INVALIDADOS (LISTA III),outro,nao identificado,nao identificado,inovacao,,-20,,https://www.secult.mg.gov.br/download/category/27-outros-editais?download=2223:18-resultado-preliminar-invalidados-lista-3,https://www.secult.mg.gov.br/documentos/lab/editais-lei-aldir-blanc,-20
Programa de Desenvolvimento do Audiovisual Mineiro,estadual,Brasil,oportunidade,RESULTADO PRELIMINAR INVALIDADOS (LISTA Il),outro,nao identificado,nao identificado,inovacao,,-20,,https://www.secult.mg.gov.br/download/category/27-outros-editais?download=2206:16-12-2-1,https://www.secult.mg.gov.br/documentos/lab/editais-lei-aldir-blanc,-20
Programa de Desenvolvimento do Audiovisual Mineiro,estadual,Brasil,oportunidade,RESULTADO PRELIMINAR INVALIDADOS LISTA II,outro,nao identificado,nao identificado,inovacao,,-20,,https://www.secult.mg.gov.br/download/category/27-outros-editais?download=2205:16-12-3,https://www.secult.mg.gov.br/documentos/lab/editais-lei-aldir-blanc,-20
Programa de Desenvolvimento do Audiovisual Mineiro,estadual,Brasil,oportunidade,RESULTADO PRELIMINAR VALIDADOS (LISTA II),outro,nao identificado,nao identificado,inovacao,,-20,,https://www.secult.mg.gov.br/download/category/27-outros-editais?download=2209:16-12-6-2,https://www.secult.mg.gov.br/documentos/lab/editais-lei-aldir-blanc,-20
Programa de Desenvolvimento do Audiovisual Mineiro,estadual,Brasil,oportunidade,RESULTADO PRELIMINAR VALIDADOS (LISTA Il),outro,nao identificado,nao identificado,inovacao,,-20,,https://www.secult.mg.gov.br/download/category/27-outros-editais?download=2207:16-12-2-2,https://www.secult.mg.gov.br/documentos/lab/editais-lei-aldir-blanc,-20
Programa de Desenvolvimento do Audiovisual Mineiro,estadual,Brasil,oportunidade,RESULTADO PRELIMINAR VALIDADOS (LISTA lll),outro,nao identificado,nao identificado,inovacao,,-20,,https://www.secult.mg.gov.br/download/category/27-outros-editais?download=2222:18-resultado-preliminar-validados-lista-3,https://www.secult.mg.gov.br/documentos/lab/editais-lei-aldir-blanc,-20
Programa de Desenvolvimento do Audiovisual Mineiro,estadual,Brasil,oportunidade,Resultado Preliminar,outro,nao identificado,nao identificado,inovacao,,-20,,https://www.secult.mg.gov.br/editais/editais-02-ao-11/resultado-preliminar-dos-editais-da-lpg-de-02-a-11,https://www.secult.mg.gov.br/documentos/lei-paulo-gustavo-lpg/duvidas,-20
Programa de Desenvolvimento do Audiovisual Mineiro,estadual,Brasil,oportunidade,Resultado Preliminar,outro,nao identificado,nao identificado,inovacao,,-20,,https://www.secult.mg.gov.br/download/category/13-editais-fec?download=3735:resultado-preliminar-fec-06-211124,https://www.secult.mg.gov.br/editais/fundo-estadual-de-cultura-fec/editais-fec,-20
Programa de Desenvolvimento do Audiovisual Mineiro,estadual,Brasil,oportunidade,Resultado Preliminar - Ato Copefic 46/2020,outro,nao identificado,nao identificado,inovacao,,-20,2020,https://www.secult.mg.gov.br/download/category/27-outros-editais?download=1993:ato-46,https://www.secult.mg.gov.br/editais/fundo-estadual-de-cultura-fec/editais-fec,-20
Programa de Desenvolvimento do Audiovisual Mineiro,estadual,Brasil,oportunidade,Resultado Preliminar - Publicado em 21/10/25,outro,nao identificado,nao identificado,inovacao,,-20,,https://www.secult.mg.gov.br/download/category/13-editais-fec?download=4395:resultado-preliminar-afro-25,https://www.secult.mg.gov.br/editais/fundo-estadual-de-cultura-fec/editais-fec,-20
Programa de Desenvolvimento do Audiovisual Mineiro,estadual,Brasil,oportunidade,Resultado Preliminar - Publicado em 22/10/25,outro,nao identificado,nao identificado,inovacao,,-20,2025,https://www.secult.mg.gov.br/download/category/13-editais-fec?download=4399:resultado-preliminar-12-2025,https://www.secult.mg.gov.br/editais/fundo-estadual-de-cultura-fec/editais-fec,-20
Programa de Desenvolvimento do Audiovisual Mineiro,estadual,Brasil,oportunidade,"+ - Sobre os Editais de Premiação e Bolsas 6, 7 e 11 e os impostos, já temos alguma definição? Click to collapse Lei Paulo Gustavo 21 Julho 2023 Dúvidas A Secretaria de Estado de Cultura e Turismo esclarece as principais dúvidas para manter a transparência do processo relacionado à Lei Paulo Gustavo em Minas Gerais. Reunimos abaixo lives de esclarecimentos e os questionamentos mais frequentes com as respectivas respostas, a fim de sanar as principais dúvidas e compartilhar com o público as informações necessárias,",premio,nao identificado,nao identificado,cultura,,-20,2023,https://www.secult.mg.gov.br/documentos/lei-paulo-gustavo-lpg/duvidas,https://www.secult.mg.gov.br/documentos/lei-paulo-gustavo-lpg/duvidas,-20
Reveja as Imersões,estadual,Brasil,oportunidade,"Anexo IX - Informações sobre a Comunidade Tradicional 002/2018 - Diversidade Cultural Capixaba Projetos com ações de promoção, formação, manutenção, ampliação e difusão do patrimônio cultural do Espírito Santo, devem contemplar uma ou mais das áreas: Manifestações das culturas populares e de povos tradicionais; Promoção de ações que valorizem a expressão cultural de grupos identitários vulneráveis e/ou invisibilizados; formação e qualificação artística em diferentes lin",formacao,nao identificado,formacao_mentoria,cultura,,-20,2018,https://secult.es.gov.br/media/2018/EDITAIS%202018/002/Anexo%20IX%20-%20Informa%C3%A7%C3%B5es%20sobre%20a%20Comunidade%20Tradicional.pdf,https://secult.es.gov.br/editais-2018,-20
Reveja as Imersões,estadual,Brasil,oportunidade,"Baixar 002/2018 - Diversidade Cultural Capixaba Projetos com ações de promoção, formação, manutenção, ampliação e difusão do patrimônio cultural do Espírito Santo, devem contemplar uma ou mais das áreas: Manifestações das culturas populares e de povos tradicionais; Promoção de ações que valorizem a expressão cultural de grupos identitários vulneráveis e/ou invisibilizados; formação e qualificação artística em diferentes lin",formacao,nao identificado,formacao_mentoria,cultura,,-20,2018,https://secult.es.gov.br/media/2018/EDITAIS%202018/002/Anexo%20IX%20-%20Informa%C3%A7%C3%B5es%20sobre%20a%20Comunidade%20Tradicional.pdf,https://secult.es.gov.br/editais-2018,-20
Reveja as Imersões,estadual,Brasil,oportunidade,Parcerias Lei 13.019/2014 – Convênios Parcerias Lei 13.019/2014 – Convênios Documentação para Celebração Parcerias 2019 Parcerias 2020 Parcerias 2021 Parceria 2022 Parcerias 2023 Parcerias 2024 Parcerias 2025,outro,nao identificado,nao identificado,inovacao,,-20,2014,https://secult.es.gov.br/editais-2020,https://secult.es.gov.br/editais-2020,-20
Reveja as Imersões,estadual,Brasil,oportunidade,Parcerias Lei 13.019/2014 – Convênios Parcerias Lei 13.019/2014 – Convênios Documentação para Celebração Parcerias 2019 Parcerias 2020 Parcerias 2021 Parceria 2022 Parcerias 2023 Parcerias 2024 Parcerias 2025,outro,nao identificado,nao identificado,inovacao,,-20,2014,https://secult.es.gov.br/editais-2016-2,https://secult.es.gov.br/editais-2016-2,-20
Reveja as Imersões,estadual,Brasil,oportunidade,Parcerias Lei 13.019/2014 – Convênios Parcerias Lei 13.019/2014 – Convênios Documentação para Celebração Parcerias 2019 Parcerias 2020 Parcerias 2021 Parceria 2022 Parcerias 2023 Parcerias 2024 Parcerias 2025,outro,nao identificado,nao identificado,inovacao,,-20,2014,https://secult.es.gov.br/editais-lei-paulo-gustavo,https://secult.es.gov.br/editais-lei-paulo-gustavo,-20
Reveja as Imersões,estadual,Brasil,oportunidade,Parcerias Lei 13.019/2014 – Convênios Parcerias Lei 13.019/2014 – Convênios Documentação para Celebração Parcerias 2019 Parcerias 2020 Parcerias 2021 Parceria 2022 Parcerias 2023 Parcerias 2024 Parcerias 2025,outro,nao identificado,nao identificado,inovacao,,-20,2014,https://secult.es.gov.br/editais2019,https://secult.es.gov.br/editais2019,-20
Reveja as Imersões,estadual,Brasil,oportunidade,Parcerias Lei 13.019/2014 – Convênios Parcerias Lei 13.019/2014 – Convênios Documentação para Celebração Parcerias 2019 Parcerias 2020 Parcerias 2021 Parceria 2022 Parcerias 2023 Parcerias 2024 Parcerias 2025,outro,nao identificado,nao identificado,inovacao,,-20,2014,https://secult.es.gov.br/editais-2022,https://secult.es.gov.br/editais-2022,-20
Reveja as Imersões,estadual,Brasil,oportunidade,Parcerias Lei 13.019/2014 – Convênios Parcerias Lei 13.019/2014 – Convênios Documentação para Celebração Parcerias 2019 Parcerias 2020 Parcerias 2021 Parceria 2022 Parcerias 2023 Parcerias 2024 Parcerias 2025,outro,nao identificado,nao identificado,inovacao,,-20,2014,https://secult.es.gov.br/Editais-2023,https://secult.es.gov.br/Editais-2023,-20
Reveja as Imersões,estadual,Brasil,oportunidade,Parcerias Lei 13.019/2014 – Convênios Parcerias Lei 13.019/2014 – Convênios Documentação para Celebração Parcerias 2019 Parcerias 2020 Parcerias 2021 Parceria 2022 Parcerias 2023 Parcerias 2024 Parcerias 2025,outro,nao identificado,nao identificado,inovacao,,-20,2014,https://secult.es.gov.br/editais-2024,https://secult.es.gov.br/editais-2024,-20
Reveja as Imersões,estadual,Brasil,oportunidade,Parcerias Lei 13.019/2014 – Convênios Parcerias Lei 13.019/2014 – Convênios Documentação para Celebração Parcerias 2019 Parcerias 2020 Parcerias 2021 Parceria 2022 Parcerias 2023 Parcerias 2024 Parcerias 2025,outro,nao identificado,nao identificado,inovacao,,-20,2014,https://secult.es.gov.br/editaisdechamamento,https://secult.es.gov.br/editaisdechamamento,-20
Reveja as Imersões,estadual,Brasil,oportunidade,Parcerias Lei 13.019/2014 – Convênios Parcerias Lei 13.019/2014 – Convênios Documentação para Celebração Parcerias 2019 Parcerias 2020 Parcerias 2021 Parceria 2022 Parcerias 2023 Parcerias 2024 Parcerias 2025,outro,nao identificado,nao identificado,inovacao,,-20,2014,https://secult.es.gov.br/editais-2018,https://secult.es.gov.br/editais-2018,-20
Reveja as Imersões,estadual,Brasil,oportunidade,Parcerias Lei 13.019/2014 – Convênios Parcerias Lei 13.019/2014 – Convênios Documentação para Celebração Parcerias 2019 Parcerias 2020 Parcerias 2021 Parceria 2022 Parcerias 2023 Parcerias 2024 Parcerias 2025,outro,nao identificado,nao identificado,inovacao,,-20,2014,https://secult.es.gov.br/editais-2021,https://secult.es.gov.br/editais-2021,-20
Reveja as Imersões,estadual,Brasil,oportunidade,Parcerias Lei 13.019/2014 – Convênios Parcerias Lei 13.019/2014 – Convênios Documentação para Celebração Parcerias 2019 Parcerias 2020 Parcerias 2021 Parceria 2022 Parcerias 2023 Parcerias 2024 Parcerias 2025,outro,nao identificado,nao identificado,inovacao,,-20,2014,https://secult.es.gov.br/editais-2017,https://secult.es.gov.br/editais-2017,-20
Reveja as Imersões,estadual,Brasil,oportunidade,Parcerias Lei 13.019/2014 – Convênios Parcerias Lei 13.019/2014 – Convênios Documentação para Celebração Parcerias 2019 Parcerias 2020 Parcerias 2021 Parceria 2022 Parcerias 2023 Parcerias 2024 Parcerias 2025,outro,nao identificado,nao identificado,inovacao,,-20,2014,https://secult.es.gov.br/editais-2026,https://secult.es.gov.br/editais-2026,-20
Reveja as Imersões,estadual,Brasil,oportunidade,Parcerias Lei 13.019/2014 – Convênios Parcerias Lei 13.019/2014 – Convênios Documentação para Celebração Parcerias 2019 Parcerias 2020 Parcerias 2021 Parceria 2022 Parcerias 2023 Parcerias 2024 Parcerias 2025,outro,nao identificado,nao identificado,inovacao,,-20,2014,https://secult.es.gov.br/ciclo-2025-editais,https://secult.es.gov.br/ciclo-2025-editais,-20
Secult MG,estadual,Brasil,oportunidade,Lei Paulo Gustavo (LPG) Lei Paulo Gustavo (LPG) Cronograma Editais Resultado Preliminar Resultado Final Suplentes,outro,nao identificado,nao identificado,inovacao,,-20,,https://secult.mg.gov.br,https://secult.mg.gov.br,-20
Secult MG,estadual,Brasil,oportunidade,Resultado Preliminar,outro,nao identificado,nao identificado,inovacao,,-20,,https://secult.mg.gov.br/editais/editais-02-ao-11/resultado-preliminar-dos-editais-da-lpg-de-02-a-11,https://secult.mg.gov.br,-20
Reveja as Imersões,estadual,Brasil,oportunidade,Espaços Culturais Espaços Culturais Parque Cultural Casa do Governador Galeria Homero Massena Theatro Carlos Gomes Biblioteca Pública do Espírito Santo Bib Móvel Bib Transcol Casa da Música Sônia Cabral Museu de Arte do Espírito Santo Dionísio Del Santo Museu do Colono Legislação,outro,nao identificado,nao identificado,cultura,,-21,,https://secult.es.gov.br/GrupodeArquivos/selecao-de-os,https://secult.es.gov.br/GrupodeArquivos/selecao-de-os,-21
SELEÇÃO DE REALIZADORES AUDIOVISUAIS PARA RESIDÊNCIA EM CINEMA DIRETO INTEGRANDO A PROGRAMAÇÃO DA CARTEIRA DE PROJETOS DA PARAÍBA NO ÂMBITO DA TEMPORADA BRASIL-FRANÇA 2025,federal,Brasil,oportunidade,"http://primeirachance.see.pb.gov.br/ As inscrições dos estudantes deverão ser realizadas por meio de formulário eletrônico, disponível no endereço no link http://primeirachance.see.pb.gov.br/ . No momento da inscrição, os interessados devem ficar atentos ao preenchimento das seguintes informações: nome completo; dat Notícias Primeira Chance: estudantes e empresas concedentes já podem se inscrever na edição 2026 do programa Compartilhar publicado : 31/03/2026 09h18 , última modificação : 01/04/2026 16h49 A Secretari",edital,festival_inscricao,nao identificado,inovacao,,-31,2026,http://primeirachance.see.pb.gov.br/,https://paraiba.pb.gov.br/diretas/secretaria-da-educacao/noticias/primeira-chance-estudantes-e-empresas-concedentes-ja-podem-se-inscrever-na-edicao-2026-do-programa,-21
"Education and Training financiamentoFind out more about national and international bursaries, bolsas e apoios for training providers and our in-house training programmes.",internacional,Não identificado,oportunidade,twitter facebook youtube Online Funding Application Portal Follow us Hit enter to search or ESC to close Close Search search Menu Home About About Us About the SAFTAs Latest News Gallery Videos Funding – Funding Overview and Criteria The NFVF provides funding for film and video-r,formacao,nao identificado,formacao_mentoria,audiovisual,,-32,,https://www.nfvf.co.za/education-and-training-funding,https://www.nfvf.co.za/education-and-training-funding,-22
"Education and Training financiamentoFind out more about national and international bursaries, bolsas e apoios for training providers and our in-house training programmes.",internacional,Não identificado,oportunidade,twitter facebook youtube Online Funding Application Portal Follow us Hit enter to search or ESC to close Close Search search Menu Home About About Us About the SAFTAs Latest News Gallery Videos Funding – Funding Overview and Criteria The NFVF provides funding for film and video-r,outro,nao identificado,nao identificado,audiovisual,,-32,,https://www.nfvf.co.za/incentives,https://www.nfvf.co.za/incentives,-22
FCC - Fundação Catarinense de Cultura - HOME,federal,Brasil,oportunidade,Programa Cem Cópias Sem Custo: inscreva-se para publicar seu primeiro livro gratuitamente,edital,festival_inscricao,nao identificado,cultura,,-33,,https://cultura.sc.gov.br/noticias/25902-fundacao-catarinense-de-cultura-abre-inscricoes-para-programa-cem-copias-sem-custo,https://cultura.sc.gov.br,-23
"Education and Training financiamentoFind out more about national and international bursaries, bolsas e apoios for training providers and our in-house training programmes.",internacional,Não identificado,oportunidade,twitter facebook youtube Online Funding Application Portal Follow us Hit enter to search or ESC to close Close Search search Menu Home About About Us About the SAFTAs Latest News Gallery Videos Funding – Funding Overview and Criteria The NFVF provides funding for film and video-r,mercado,mercado,mercado_pitch_coproducao,audiovisual,,-44,,https://www.nfvf.co.za/industry-organisations,https://www.nfvf.co.za/industry-organisations,-24
SELEÇÃO DE REALIZADORES AUDIOVISUAIS PARA RESIDÊNCIA EM CINEMA DIRETO INTEGRANDO A PROGRAMAÇÃO DA CARTEIRA DE PROJETOS DA PARAÍBA NO ÂMBITO DA TEMPORADA BRASIL-FRANÇA 2025,estadual,Brasil,oportunidade,Seleção Paraibana de Robótica conquista seis troféus no International Tournament of Robots (ITR) Argentina 2026,outro,nao identificado,nao identificado,inovacao,,-31,2026,https://paraiba.pb.gov.br/diretas/secretaria-da-educacao/noticias/selecao-paraibana-de-robotica-conquista-seis-trofeus-no-international-tournament-of-robots-itr-argentina-2026,https://paraiba.pb.gov.br/diretas/secretaria-da-educacao,-31
Reveja as Imersões,estadual,Brasil,oportunidade,"Anexo I - Ficha de Inscrição 019/2018 - Exposições de Artes Visuais Seleção de Projetos de Exposições de Artes Visuais na Galeria Homero Massena - GHM e no Museu de Arte do Espírito santo Dionísio Del Santo - MAES, a artistas ou Grupos, oportunizando aos mesmos a divulgação, aprimoramento e desenvolvimento do seu trabalho. Valor: 2 prêmios de R$ 25.000,00 e 1 prêmio de R$ 20.000,00 (para GHM); 2 prêmios de R$ 70.000,00 (para o MAES). | Total: R$",premio,desenvolvimento,desenvolvimento_roteiro,cultura,"R$ 25.000,00",27,2018,https://secult.es.gov.br/media/2018/EDITAIS%202018/019/Anexo%20I%20-%20Ficha%20de%20Inscri%C3%A7%C3%A3o.pdf,https://secult.es.gov.br/editais-2018,-33
Programa de Desenvolvimento do Audiovisual Mineiro,estadual,Brasil,oportunidade,Editais Editais Fundo Estadual de Cultura (FEC) Editais Dúvidas Frequentes Política Nacional Aldir Blanc (PNAB) Cronograma Documentação Editais Fase de Habilitação Painel de Consulta - Resultados Lei Paulo Gustavo (LPG) Cronograma Editais Resultado Preliminar Resultado Final Suplentes,outro,nao identificado,nao identificado,cultura,,-33,,https://www.secult.mg.gov.br/documentos/lei-paulo-gustavo-lpg/contatos,https://www.secult.mg.gov.br/documentos/lei-paulo-gustavo-lpg/contatos,-33
"Education and Training financiamentoFind out more about national and international bursaries, bolsas e apoios for training providers and our in-house training programmes.",internacional,Não identificado,oportunidade,twitter facebook youtube Online Funding Application Portal Follow us Hit enter to search or ESC to close Close Search search Menu Home About About Us About the SAFTAs Latest News Gallery Videos Funding – Funding Overview and Criteria The NFVF provides funding for film and video-r,outro,nao identificado,nao identificado,audiovisual,,-44,,https://www.nfvf.co.za/faqs-about-nfvf-funding,https://www.nfvf.co.za/faqs-about-nfvf-funding,-34
"Education and Training financiamentoFind out more about national and international bursaries, bolsas e apoios for training providers and our in-house training programmes.",internacional,Não identificado,oportunidade,twitter facebook youtube Online Funding Application Portal Follow us Hit enter to search or ESC to close Close Search search Menu Home About About Us About the SAFTAs Latest News Gallery Videos Funding – Funding Overview and Criteria The NFVF provides funding for film and video-r,outro,nao identificado,nao identificado,audiovisual,,-44,,https://www.nfvf.co.za/latest-news,https://www.nfvf.co.za/latest-news,-34
"Education and Training financiamentoFind out more about national and international bursaries, bolsas e apoios for training providers and our in-house training programmes.",internacional,Não identificado,oportunidade,twitter facebook youtube Online Funding Application Portal Follow us Hit enter to search or ESC to close Close Search search Menu Home About About Us About the SAFTAs Latest News Gallery Videos Funding – Funding Overview and Criteria The NFVF provides funding for film and video-r,outro,nao identificado,nao identificado,audiovisual,,-44,2019,https://www.nfvf.co.za/funding-cycles-2019-20,https://www.nfvf.co.za/funding-cycles-2019-20,-34
"Education and Training financiamentoFind out more about national and international bursaries, bolsas e apoios for training providers and our in-house training programmes.",internacional,Não identificado,oportunidade,twitter facebook youtube Online Funding Application Portal Follow us Hit enter to search or ESC to close Close Search search Menu Home About About Us About the SAFTAs Latest News Gallery Videos Funding – Funding Overview and Criteria The NFVF provides funding for film and video-r,outro,nao identificado,nao identificado,audiovisual,,-44,,https://www.nfvf.co.za,https://www.nfvf.co.za,-34
"Education and Training financiamentoFind out more about national and international bursaries, bolsas e apoios for training providers and our in-house training programmes.",internacional,Não identificado,oportunidade,twitter facebook youtube Online Funding Application Portal Follow us Hit enter to search or ESC to close Close Search search Menu Home About About Us About the SAFTAs Latest News Gallery Videos Funding – Funding Overview and Criteria The NFVF provides funding for film and video-r,outro,producao,producao_obra,audiovisual,,-44,,https://www.nfvf.co.za/production-funding,https://www.nfvf.co.za/production-funding,-34
"Education and Training financiamentoFind out more about national and international bursaries, bolsas e apoios for training providers and our in-house training programmes.",internacional,Não identificado,oportunidade,twitter facebook youtube Online Funding Application Portal Follow us Hit enter to search or ESC to close Close Search search Menu Home About About Us About the SAFTAs Latest News Gallery Videos Funding – Funding Overview and Criteria The NFVF provides funding for film and video-r,outro,desenvolvimento,nao identificado,audiovisual,,-44,,https://www.nfvf.co.za/development-funding,https://www.nfvf.co.za/development-funding,-34
NFVF,outro,Não identificado,oportunidade,twitter facebook youtube Online Funding Application Portal Follow us Hit enter to search or ESC to close Close Search search Menu Home About About Us About the SAFTAs Latest News Gallery Videos Funding – Funding Overview and Criteria The NFVF provides funding for film and video-r,outro,nao identificado,nao identificado,audiovisual,,-44,,https://nfvf.co.za,https://nfvf.co.za,-34
Reveja as Imersões,estadual,Brasil,oportunidade,"Anexo IX - Formulário de recurso 016/2018 - Produção e Difusão Musical Projetos de criação, produção, difusão, distribuição e lançamento de shows musicais, no gênero popular ou erudito, estimulando e popularizando a música capixaba, visando ao desenvolvimento e à divulgação do trabalho produzido por Músicos e Grupos Musicais do Espírito Santo, com repertório autoral ou não. Valor: 10 prêmios de R$ 8.800,00; 7 prêmios de R$ 20.000,00; 9 prêmios de R$",formacao,desenvolvimento,desenvolvimento_roteiro,inovacao,"R$ 8.800,00",24,2018,https://secult.es.gov.br/media/2018/EDITAIS%202018/016/Anexo%20IX%20-%20Formul%C3%A1rio%20de%20recurso.doc,https://secult.es.gov.br/editais-2018,-36
Reveja as Imersões,estadual,Brasil,oportunidade,"Baixar 016/2018 - Produção e Difusão Musical Projetos de criação, produção, difusão, distribuição e lançamento de shows musicais, no gênero popular ou erudito, estimulando e popularizando a música capixaba, visando ao desenvolvimento e à divulgação do trabalho produzido por Músicos e Grupos Musicais do Espírito Santo, com repertório autoral ou não. Valor: 10 prêmios de R$ 8.800,00; 7 prêmios de R$ 20.000,00; 9 prêmios de R$",formacao,desenvolvimento,desenvolvimento_roteiro,inovacao,"R$ 8.800,00",24,2018,https://secult.es.gov.br/media/2018/EDITAIS%202018/016/Anexo%20IX%20-%20Formul%C3%A1rio%20de%20recurso.doc,https://secult.es.gov.br/editais-2018,-36
Reveja as Imersões,estadual,Brasil,oportunidade,"Anexo II - Declaração de participação 016/2018 - Produção e Difusão Musical Projetos de criação, produção, difusão, distribuição e lançamento de shows musicais, no gênero popular ou erudito, estimulando e popularizando a música capixaba, visando ao desenvolvimento e à divulgação do trabalho produzido por Músicos e Grupos Musicais do Espírito Santo, com repertório autoral ou não. Valor: 10 prêmios de R$ 8.800,00; 7 prêmios de R$ 20.000,00; 9 prêmios de R$",premio,desenvolvimento,desenvolvimento_roteiro,inovacao,"R$ 8.800,00",24,2018,https://secult.es.gov.br/media/2018/EDITAIS%202018/016/Anexo%20II%20-%20Declara%C3%A7%C3%A3o%20de%20participa%C3%A7%C3%A3o.pdf,https://secult.es.gov.br/editais-2018,-36
Reveja as Imersões,estadual,Brasil,oportunidade,"Anexo III - Formulário de Projeto 016/2018 - Produção e Difusão Musical Projetos de criação, produção, difusão, distribuição e lançamento de shows musicais, no gênero popular ou erudito, estimulando e popularizando a música capixaba, visando ao desenvolvimento e à divulgação do trabalho produzido por Músicos e Grupos Musicais do Espírito Santo, com repertório autoral ou não. Valor: 10 prêmios de R$ 8.800,00; 7 prêmios de R$ 20.000,00; 9 prêmios de R$",premio,desenvolvimento,desenvolvimento_roteiro,inovacao,"R$ 8.800,00",24,2018,https://secult.es.gov.br/media/2018/EDITAIS%202018/016/Anexo%20III%20-%20Formul%C3%A1rio%20de%20Projeto.pdf,https://secult.es.gov.br/editais-2018,-36
Reveja as Imersões,estadual,Brasil,oportunidade,"Anexo IV - Currículo 016/2018 - Produção e Difusão Musical Projetos de criação, produção, difusão, distribuição e lançamento de shows musicais, no gênero popular ou erudito, estimulando e popularizando a música capixaba, visando ao desenvolvimento e à divulgação do trabalho produzido por Músicos e Grupos Musicais do Espírito Santo, com repertório autoral ou não. Valor: 10 prêmios de R$ 8.800,00; 7 prêmios de R$ 20.000,00; 9 prêmios de R$",premio,desenvolvimento,desenvolvimento_roteiro,inovacao,"R$ 8.800,00",24,2018,https://secult.es.gov.br/media/2018/EDITAIS%202018/016/Anexo%20IV%20-%20Curr%C3%ADculo.pdf,https://secult.es.gov.br/editais-2018,-36
Reveja as Imersões,estadual,Brasil,oportunidade,"Anexo V - Planilha de Custos 016/2018 - Produção e Difusão Musical Projetos de criação, produção, difusão, distribuição e lançamento de shows musicais, no gênero popular ou erudito, estimulando e popularizando a música capixaba, visando ao desenvolvimento e à divulgação do trabalho produzido por Músicos e Grupos Musicais do Espírito Santo, com repertório autoral ou não. Valor: 10 prêmios de R$ 8.800,00; 7 prêmios de R$ 20.000,00; 9 prêmios de R$",premio,desenvolvimento,desenvolvimento_roteiro,inovacao,"R$ 8.800,00",24,2018,https://secult.es.gov.br/media/2018/EDITAIS%202018/016/Anexo%20V%20-%20Planilha%20de%20Custos.pdf,https://secult.es.gov.br/editais-2018,-36
Reveja as Imersões,estadual,Brasil,oportunidade,"Anexo VI - Minuta doTermo de Compromisso 016 016/2018 - Produção e Difusão Musical Projetos de criação, produção, difusão, distribuição e lançamento de shows musicais, no gênero popular ou erudito, estimulando e popularizando a música capixaba, visando ao desenvolvimento e à divulgação do trabalho produzido por Músicos e Grupos Musicais do Espírito Santo, com repertório autoral ou não. Valor: 10 prêmios de R$ 8.800,00; 7 prêmios de R$ 20.000,00; 9 prêmios de R$",premio,desenvolvimento,desenvolvimento_roteiro,inovacao,"R$ 8.800,00",24,2018,https://secult.es.gov.br/media/2018/EDITAIS%202018/016/Anexo%20VI%20-%20Minuta%20doTermo%20de%20Compromisso%20016.pdf,https://secult.es.gov.br/editais-2018,-36
Reveja as Imersões,estadual,Brasil,oportunidade,"Anexo VIII - Declaração de Representação 016/2018 - Produção e Difusão Musical Projetos de criação, produção, difusão, distribuição e lançamento de shows musicais, no gênero popular ou erudito, estimulando e popularizando a música capixaba, visando ao desenvolvimento e à divulgação do trabalho produzido por Músicos e Grupos Musicais do Espírito Santo, com repertório autoral ou não. Valor: 10 prêmios de R$ 8.800,00; 7 prêmios de R$ 20.000,00; 9 prêmios de R$",premio,desenvolvimento,desenvolvimento_roteiro,inovacao,"R$ 8.800,00",24,2018,https://secult.es.gov.br/media/2018/EDITAIS%202018/016/Anexo%20VIII%20-%20Declara%C3%A7%C3%A3o%20de%20Representa%C3%A7%C3%A3o.pdf,https://secult.es.gov.br/editais-2018,-36
Reveja as Imersões,estadual,Brasil,oportunidade,"Baixar 016/2018 - Produção e Difusão Musical Projetos de criação, produção, difusão, distribuição e lançamento de shows musicais, no gênero popular ou erudito, estimulando e popularizando a música capixaba, visando ao desenvolvimento e à divulgação do trabalho produzido por Músicos e Grupos Musicais do Espírito Santo, com repertório autoral ou não. Valor: 10 prêmios de R$ 8.800,00; 7 prêmios de R$ 20.000,00; 9 prêmios de R$",premio,desenvolvimento,desenvolvimento_roteiro,inovacao,"R$ 8.800,00",24,2018,https://secult.es.gov.br/media/2018/EDITAIS%202018/016/Anexo%20I%20-%20Ficha%20de%20Inscri%C3%A7%C3%A3o.pdf,https://secult.es.gov.br/editais-2018,-36
Reveja as Imersões,estadual,Brasil,oportunidade,"Baixar 016/2018 - Produção e Difusão Musical Projetos de criação, produção, difusão, distribuição e lançamento de shows musicais, no gênero popular ou erudito, estimulando e popularizando a música capixaba, visando ao desenvolvimento e à divulgação do trabalho produzido por Músicos e Grupos Musicais do Espírito Santo, com repertório autoral ou não. Valor: 10 prêmios de R$ 8.800,00; 7 prêmios de R$ 20.000,00; 9 prêmios de R$",premio,desenvolvimento,desenvolvimento_roteiro,inovacao,"R$ 8.800,00",24,2018,https://secult.es.gov.br/media/2018/EDITAIS%202018/016/Anexo%20II%20-%20Declara%C3%A7%C3%A3o%20de%20participa%C3%A7%C3%A3o.pdf,https://secult.es.gov.br/editais-2018,-36
Reveja as Imersões,estadual,Brasil,oportunidade,"Baixar 016/2018 - Produção e Difusão Musical Projetos de criação, produção, difusão, distribuição e lançamento de shows musicais, no gênero popular ou erudito, estimulando e popularizando a música capixaba, visando ao desenvolvimento e à divulgação do trabalho produzido por Músicos e Grupos Musicais do Espírito Santo, com repertório autoral ou não. Valor: 10 prêmios de R$ 8.800,00; 7 prêmios de R$ 20.000,00; 9 prêmios de R$",premio,desenvolvimento,desenvolvimento_roteiro,inovacao,"R$ 8.800,00",24,2018,https://secult.es.gov.br/media/2018/EDITAIS%202018/016/Anexo%20III%20-%20Formul%C3%A1rio%20de%20Projeto.pdf,https://secult.es.gov.br/editais-2018,-36
Reveja as Imersões,estadual,Brasil,oportunidade,"Baixar 016/2018 - Produção e Difusão Musical Projetos de criação, produção, difusão, distribuição e lançamento de shows musicais, no gênero popular ou erudito, estimulando e popularizando a música capixaba, visando ao desenvolvimento e à divulgação do trabalho produzido por Músicos e Grupos Musicais do Espírito Santo, com repertório autoral ou não. Valor: 10 prêmios de R$ 8.800,00; 7 prêmios de R$ 20.000,00; 9 prêmios de R$",premio,desenvolvimento,desenvolvimento_roteiro,inovacao,"R$ 8.800,00",24,2018,https://secult.es.gov.br/media/2018/EDITAIS%202018/016/Anexo%20IV%20-%20Curr%C3%ADculo.pdf,https://secult.es.gov.br/editais-2018,-36
Reveja as Imersões,estadual,Brasil,oportunidade,"Baixar 016/2018 - Produção e Difusão Musical Projetos de criação, produção, difusão, distribuição e lançamento de shows musicais, no gênero popular ou erudito, estimulando e popularizando a música capixaba, visando ao desenvolvimento e à divulgação do trabalho produzido por Músicos e Grupos Musicais do Espírito Santo, com repertório autoral ou não. Valor: 10 prêmios de R$ 8.800,00; 7 prêmios de R$ 20.000,00; 9 prêmios de R$",premio,desenvolvimento,desenvolvimento_roteiro,inovacao,"R$ 8.800,00",24,2018,https://secult.es.gov.br/media/2018/EDITAIS%202018/016/Anexo%20V%20-%20Planilha%20de%20Custos.pdf,https://secult.es.gov.br/editais-2018,-36
Reveja as Imersões,estadual,Brasil,oportunidade,"Baixar 016/2018 - Produção e Difusão Musical Projetos de criação, produção, difusão, distribuição e lançamento de shows musicais, no gênero popular ou erudito, estimulando e popularizando a música capixaba, visando ao desenvolvimento e à divulgação do trabalho produzido por Músicos e Grupos Musicais do Espírito Santo, com repertório autoral ou não. Valor: 10 prêmios de R$ 8.800,00; 7 prêmios de R$ 20.000,00; 9 prêmios de R$",premio,desenvolvimento,desenvolvimento_roteiro,inovacao,"R$ 8.800,00",24,2018,https://secult.es.gov.br/media/2018/EDITAIS%202018/016/Anexo%20VI%20-%20Minuta%20doTermo%20de%20Compromisso%20016.pdf,https://secult.es.gov.br/editais-2018,-36
Reveja as Imersões,estadual,Brasil,oportunidade,"Baixar 016/2018 - Produção e Difusão Musical Projetos de criação, produção, difusão, distribuição e lançamento de shows musicais, no gênero popular ou erudito, estimulando e popularizando a música capixaba, visando ao desenvolvimento e à divulgação do trabalho produzido por Músicos e Grupos Musicais do Espírito Santo, com repertório autoral ou não. Valor: 10 prêmios de R$ 8.800,00; 7 prêmios de R$ 20.000,00; 9 prêmios de R$",premio,desenvolvimento,desenvolvimento_roteiro,inovacao,"R$ 8.800,00",24,2018,https://secult.es.gov.br/media/2018/EDITAIS%202018/016/Anexo%20VII%20-Minuta%20modelo%20relat%C3%B3rio%20final.pdf,https://secult.es.gov.br/editais-2018,-36
Reveja as Imersões,estadual,Brasil,oportunidade,"Baixar 016/2018 - Produção e Difusão Musical Projetos de criação, produção, difusão, distribuição e lançamento de shows musicais, no gênero popular ou erudito, estimulando e popularizando a música capixaba, visando ao desenvolvimento e à divulgação do trabalho produzido por Músicos e Grupos Musicais do Espírito Santo, com repertório autoral ou não. Valor: 10 prêmios de R$ 8.800,00; 7 prêmios de R$ 20.000,00; 9 prêmios de R$",premio,desenvolvimento,desenvolvimento_roteiro,inovacao,"R$ 8.800,00",24,2018,https://secult.es.gov.br/media/2018/EDITAIS%202018/016/Anexo%20VIII%20-%20Declara%C3%A7%C3%A3o%20de%20Representa%C3%A7%C3%A3o.pdf,https://secult.es.gov.br/editais-2018,-36
Reveja as Imersões,estadual,Brasil,oportunidade,"Baixar 016/2018 - Produção e Difusão Musical Projetos de criação, produção, difusão, distribuição e lançamento de shows musicais, no gênero popular ou erudito, estimulando e popularizando a música capixaba, visando ao desenvolvimento e à divulgação do trabalho produzido por Músicos e Grupos Musicais do Espírito Santo, com repertório autoral ou não. Valor: 10 prêmios de R$ 8.800,00; 7 prêmios de R$ 20.000,00; 9 prêmios de R$",premio,desenvolvimento,desenvolvimento_roteiro,inovacao,"R$ 8.800,00",24,2018,https://secult.es.gov.br/media/EDITAIS/INSCRITOSS/Lista%20de%20Inscritos%20-%20016.pdf,https://secult.es.gov.br/editais-2018,-36
Reveja as Imersões,estadual,Brasil,oportunidade,"Lista de Inscritos - 016 016/2018 - Produção e Difusão Musical Projetos de criação, produção, difusão, distribuição e lançamento de shows musicais, no gênero popular ou erudito, estimulando e popularizando a música capixaba, visando ao desenvolvimento e à divulgação do trabalho produzido por Músicos e Grupos Musicais do Espírito Santo, com repertório autoral ou não. Valor: 10 prêmios de R$ 8.800,00; 7 prêmios de R$ 20.000,00; 9 prêmios de R$",premio,desenvolvimento,desenvolvimento_roteiro,inovacao,"R$ 8.800,00",24,2018,https://secult.es.gov.br/media/EDITAIS/INSCRITOSS/Lista%20de%20Inscritos%20-%20016.pdf,https://secult.es.gov.br/editais-2018,-36
Programa de Desenvolvimento do Audiovisual Mineiro,estadual,Brasil,oportunidade,Lei Paulo Gustavo (LPG) Lei Paulo Gustavo (LPG) Cronograma Editais Resultado Preliminar Resultado Final Suplentes,outro,nao identificado,nao identificado,inovacao,,-45,,https://www.secult.mg.gov.br/documentos/lei-paulo-gustavo-lpg/contatos,https://www.secult.mg.gov.br/documentos/lei-paulo-gustavo-lpg/contatos,-45
Reveja as Imersões,estadual,Brasil,oportunidade,Espaços Culturais Espaços Culturais Parque Cultural Casa do Governador Galeria Homero Massena Theatro Carlos Gomes Biblioteca Pública do Espírito Santo Bib Móvel Bib Transcol Casa da Música Sônia Cabral Museu de Arte do Espírito Santo Dionísio Del Santo Museu do Colono Legislação,outro,nao identificado,nao identificado,cultura,,-45,2020,https://secult.es.gov.br/editais-2020,https://secult.es.gov.br/editais-2020,-45
Reveja as Imersões,estadual,Brasil,oportunidade,Espaços Culturais Espaços Culturais Parque Cultural Casa do Governador Galeria Homero Massena Theatro Carlos Gomes Biblioteca Pública do Espírito Santo Bib Móvel Bib Transcol Casa da Música Sônia Cabral Museu de Arte do Espírito Santo Dionísio Del Santo Museu do Colono Legislação,outro,nao identificado,nao identificado,cultura,,-45,2016,https://secult.es.gov.br/editais-2016-2,https://secult.es.gov.br/editais-2016-2,-45
Reveja as Imersões,estadual,Brasil,oportunidade,Espaços Culturais Espaços Culturais Parque Cultural Casa do Governador Galeria Homero Massena Theatro Carlos Gomes Biblioteca Pública do Espírito Santo Bib Móvel Bib Transcol Casa da Música Sônia Cabral Museu de Arte do Espírito Santo Dionísio Del Santo Museu do Colono Legislação,outro,nao identificado,nao identificado,cultura,,-45,,https://secult.es.gov.br/editais-lei-paulo-gustavo,https://secult.es.gov.br/editais-lei-paulo-gustavo,-45
Reveja as Imersões,estadual,Brasil,oportunidade,Espaços Culturais Espaços Culturais Parque Cultural Casa do Governador Galeria Homero Massena Theatro Carlos Gomes Biblioteca Pública do Espírito Santo Bib Móvel Bib Transcol Casa da Música Sônia Cabral Museu de Arte do Espírito Santo Dionísio Del Santo Museu do Colono Legislação,outro,nao identificado,nao identificado,cultura,,-45,,https://secult.es.gov.br/editais2019,https://secult.es.gov.br/editais2019,-45
Reveja as Imersões,estadual,Brasil,oportunidade,Espaços Culturais Espaços Culturais Parque Cultural Casa do Governador Galeria Homero Massena Theatro Carlos Gomes Biblioteca Pública do Espírito Santo Bib Móvel Bib Transcol Casa da Música Sônia Cabral Museu de Arte do Espírito Santo Dionísio Del Santo Museu do Colono Legislação,outro,nao identificado,nao identificado,cultura,,-45,2022,https://secult.es.gov.br/editais-2022,https://secult.es.gov.br/editais-2022,-45
Reveja as Imersões,estadual,Brasil,oportunidade,Espaços Culturais Espaços Culturais Parque Cultural Casa do Governador Galeria Homero Massena Theatro Carlos Gomes Biblioteca Pública do Espírito Santo Bib Móvel Bib Transcol Casa da Música Sônia Cabral Museu de Arte do Espírito Santo Dionísio Del Santo Museu do Colono Legislação,outro,nao identificado,nao identificado,cultura,,-45,2023,https://secult.es.gov.br/Editais-2023,https://secult.es.gov.br/Editais-2023,-45
Reveja as Imersões,estadual,Brasil,oportunidade,Espaços Culturais Espaços Culturais Parque Cultural Casa do Governador Galeria Homero Massena Theatro Carlos Gomes Biblioteca Pública do Espírito Santo Bib Móvel Bib Transcol Casa da Música Sônia Cabral Museu de Arte do Espírito Santo Dionísio Del Santo Museu do Colono Legislação,outro,nao identificado,nao identificado,cultura,,-45,2024,https://secult.es.gov.br/editais-2024,https://secult.es.gov.br/editais-2024,-45
Reveja as Imersões,estadual,Brasil,oportunidade,Espaços Culturais Espaços Culturais Parque Cultural Casa do Governador Galeria Homero Massena Theatro Carlos Gomes Biblioteca Pública do Espírito Santo Bib Móvel Bib Transcol Casa da Música Sônia Cabral Museu de Arte do Espírito Santo Dionísio Del Santo Museu do Colono Legislação,outro,nao identificado,nao identificado,cultura,,-45,,https://secult.es.gov.br/editaisdechamamento,https://secult.es.gov.br/editaisdechamamento,-45
Reveja as Imersões,estadual,Brasil,oportunidade,Espaços Culturais Espaços Culturais Parque Cultural Casa do Governador Galeria Homero Massena Theatro Carlos Gomes Biblioteca Pública do Espírito Santo Bib Móvel Bib Transcol Casa da Música Sônia Cabral Museu de Arte do Espírito Santo Dionísio Del Santo Museu do Colono Legislação,outro,nao identificado,nao identificado,cultura,,-45,2018,https://secult.es.gov.br/editais-2018,https://secult.es.gov.br/editais-2018,-45
Reveja as Imersões,estadual,Brasil,oportunidade,Espaços Culturais Espaços Culturais Parque Cultural Casa do Governador Galeria Homero Massena Theatro Carlos Gomes Biblioteca Pública do Espírito Santo Bib Móvel Bib Transcol Casa da Música Sônia Cabral Museu de Arte do Espírito Santo Dionísio Del Santo Museu do Colono Legislação,outro,nao identificado,nao identificado,cultura,,-45,2021,https://secult.es.gov.br/editais-2021,https://secult.es.gov.br/editais-2021,-45
Reveja as Imersões,estadual,Brasil,oportunidade,Espaços Culturais Espaços Culturais Parque Cultural Casa do Governador Galeria Homero Massena Theatro Carlos Gomes Biblioteca Pública do Espírito Santo Bib Móvel Bib Transcol Casa da Música Sônia Cabral Museu de Arte do Espírito Santo Dionísio Del Santo Museu do Colono Legislação,outro,nao identificado,nao identificado,cultura,,-45,2017,https://secult.es.gov.br/editais-2017,https://secult.es.gov.br/editais-2017,-45
Reveja as Imersões,estadual,Brasil,oportunidade,Espaços Culturais Espaços Culturais Parque Cultural Casa do Governador Galeria Homero Massena Theatro Carlos Gomes Biblioteca Pública do Espírito Santo Bib Móvel Bib Transcol Casa da Música Sônia Cabral Museu de Arte do Espírito Santo Dionísio Del Santo Museu do Colono Legislação,outro,nao identificado,nao identificado,cultura,,-45,2026,https://secult.es.gov.br/editais-2026,https://secult.es.gov.br/editais-2026,-45
Reveja as Imersões,estadual,Brasil,oportunidade,Espaços Culturais Espaços Culturais Parque Cultural Casa do Governador Galeria Homero Massena Theatro Carlos Gomes Biblioteca Pública do Espírito Santo Bib Móvel Bib Transcol Casa da Música Sônia Cabral Museu de Arte do Espírito Santo Dionísio Del Santo Museu do Colono Legislação,outro,nao identificado,nao identificado,cultura,,-45,2025,https://secult.es.gov.br/ciclo-2025-editais,https://secult.es.gov.br/ciclo-2025-editais,-45
FCC - Fundação Catarinense de Cultura - HOME,federal,Brasil,oportunidade,Inscrições para o Santa Catarina Canta 2026 são prorrogadas até 20 de maio,edital,festival_inscricao,nao identificado,cultura,,-55,2026,https://cultura.sc.gov.br/noticias/26421-inscricoes-para-o-santa-catarina-canta-2026-sao-prorrogadas-ate-20-de-maio,https://cultura.sc.gov.br,-45
Início | IPAC - Instituto do Patrimônio Artístico e Cultural da Bahia,federal,Brasil,oportunidade,Equipe do IPAC monitora 137ª edição do Bembé do Mercado para revalidação do bem cultural Equipe do IPAC monitora 137ª edição do Bembé do Mercado para revalidação do bem cultural,mercado,nao identificado,mercado_pitch_coproducao,cultura,,-55,2026,https://ipac.ba.gov.br/ipac/noticias/2026-05/10109/equipe-do-ipac-monitora-137a-edicao-do-bembe-do-mercado-para-revalidacao-do,https://ipac.ba.gov.br,-45
Início | IPAC - Instituto do Patrimônio Artístico e Cultural da Bahia,federal,Brasil,oportunidade,Equipe do IPAC monitora 137ª edição do Bembé do Mercado para revalidação do bem cultural Equipe do IPAC monitora 137ª edição do Bembé do Mercado para revalidação do bem cultural,mercado,nao identificado,mercado_pitch_coproducao,cultura,,-55,2026,http://www.ba.gov.br/ipac/noticias/2026-05/10109/equipe-do-ipac-monitora-137a-edicao-do-bembe-do-mercado-para-revalidacao-do,https://ipac.ba.gov.br,-45
festivals and mercados Build audiences for your projects,outro,Não identificado,oportunidade,"Insights For research, data or industry resources , please visit Insights or the Resource Library . For media enquiries, head to our News section for the latest announcements and contact details. Contact Us We welcome your questions and are here to help connect you with the right information or department. There are a number of ways to contact Screen Australia, depending on your enquiry. Home Contact Us Before getting in touch, you may find what you need on our website. If your enquiry relates to funding and suppor",mercado,mercado,mercado_pitch_coproducao,audiovisual,,-66,,https://www.screenaustralia.gov.au/insights-and-trends/,https://www.screenaustralia.gov.au/contact-us,-46
festivals and mercados Build audiences for your projects,outro,Não identificado,oportunidade,"News For research, data or industry resources , please visit Insights or the Resource Library . For media enquiries, head to our News section for the latest announcements and contact details. Contact Us We welcome your questions and are here to help connect you with the right information or department. There are a number of ways to contact Screen Australia, depending on your enquiry. Home Contact Us Before getting in touch, you may find what you need on our website. If your enquiry relates to funding and support ,",mercado,mercado,mercado_pitch_coproducao,audiovisual,,-66,,https://www.screenaustralia.gov.au/news/,https://www.screenaustralia.gov.au/contact-us,-46
festivals and mercados Build audiences for your projects,outro,Não identificado,oportunidade,"Resource Library For research, data or industry resources , please visit Insights or the Resource Library . For media enquiries, head to our News section for the latest announcements and contact details. Contact Us We welcome your questions and are here to help connect you with the right information or department. There are a number of ways to contact Screen Australia, depending on your enquiry. Home Contact Us Before getting in touch, you may find what you need on our website. If your enquiry relates to funding an",mercado,mercado,mercado_pitch_coproducao,audiovisual,,-66,,https://www.screenaustralia.gov.au/resource-library/,https://www.screenaustralia.gov.au/contact-us,-46
FCC - Fundação Catarinense de Cultura - HOME,estadual,Brasil,oportunidade,Sistema Estadual de Museus oferece oficina virtual sobre sustentabilidade e financiamento para museus,formacao,nao identificado,formacao_mentoria,cultura,,-55,,https://cultura.sc.gov.br/noticias/26361-sistema-estadual-de-museus-oferece-oficina-virtual-sobre-sustentabilidade-e-financiamento-para-museus,https://cultura.sc.gov.br,-55
MinC,federal,Brasil,oportunidade,Governo da Bahia abre quatro editais culturais para o São João 2026,outro,nao identificado,nao identificado,cultura,,-55,2026,http://www.ba.gov.br/cultura/noticias/2026-05/63996/governo-da-bahia-abre-quatro-editais-culturais-para-o-sao-joao-2026,https://ba.gov.br/cultura,-55
Programa de Desenvolvimento do Audiovisual Mineiro,estadual,Brasil,oportunidade,Agenda Agenda Secretário de Estado de Cultura e Turismo,outro,nao identificado,nao identificado,cultura,,-55,,https://www.secult.mg.gov.br/editais/editais-02-ao-11/resultado-preliminar-dos-editais-da-lpg-de-02-a-11,https://www.secult.mg.gov.br/editais/editais-02-ao-11/resultado-preliminar-dos-editais-da-lpg-de-02-a-11,-55
Programa de Desenvolvimento do Audiovisual Mineiro,estadual,Brasil,oportunidade,Agenda Agenda Secretário de Estado de Cultura e Turismo,outro,nao identificado,nao identificado,cultura,,-55,,https://www.secult.mg.gov.br/editais/editais-02-ao-11/resultado-final,https://www.secult.mg.gov.br/editais/editais-02-ao-11/resultado-final,-55
Programa de Desenvolvimento do Audiovisual Mineiro,estadual,Brasil,oportunidade,CONTRASTE CONTRASTE | ACESSIBILIDADE | AGENDA DO SECRETÁRIO | FALE CONOSCO | TRANSPARÊNCIA,outro,nao identificado,nao identificado,inovacao,,-55,,https://www.secult.mg.gov.br/editais/editais-02-ao-11/resultado-preliminar-dos-editais-da-lpg-de-02-a-11,https://www.secult.mg.gov.br/editais/editais-02-ao-11/resultado-preliminar-dos-editais-da-lpg-de-02-a-11,-55
Programa de Desenvolvimento do Audiovisual Mineiro,estadual,Brasil,oportunidade,CONTRASTE CONTRASTE | ACESSIBILIDADE | AGENDA DO SECRETÁRIO | FALE CONOSCO | TRANSPARÊNCIA,outro,nao identificado,nao identificado,inovacao,,-55,,https://www.secult.mg.gov.br/editais/editais-02-ao-11/resultado-final,https://www.secult.mg.gov.br/editais/editais-02-ao-11/resultado-final,-55
Programa de Desenvolvimento do Audiovisual Mineiro,estadual,Brasil,oportunidade,"Fale Conosco Agenda Secretário de Estado de Cultura e Turismo A Secretaria Institucional Missão, Visão e Valores Comissão de Ética Programa de Integridade Organograma Quem é Quem Lei Geral de Proteção de Dados Assessorias Técnicas Assessoria para Arquivos Assessoria para Bibliote",outro,nao identificado,nao identificado,cultura,,-55,,https://www.secult.mg.gov.br/editais/editais-02-ao-11/resultado-preliminar-dos-editais-da-lpg-de-02-a-11,https://www.secult.mg.gov.br/editais/editais-02-ao-11/resultado-preliminar-dos-editais-da-lpg-de-02-a-11,-55
Programa de Desenvolvimento do Audiovisual Mineiro,estadual,Brasil,oportunidade,"Fale Conosco Agenda Secretário de Estado de Cultura e Turismo A Secretaria Institucional Missão, Visão e Valores Comissão de Ética Programa de Integridade Organograma Quem é Quem Lei Geral de Proteção de Dados Assessorias Técnicas Assessoria para Arquivos Assessoria para Bibliote",outro,nao identificado,nao identificado,cultura,,-55,,https://www.secult.mg.gov.br/editais/editais-02-ao-11/resultado-final,https://www.secult.mg.gov.br/editais/editais-02-ao-11/resultado-final,-55
Programa de Desenvolvimento do Audiovisual Mineiro,estadual,Brasil,oportunidade,TRANSPARÊNCIA CONTRASTE | ACESSIBILIDADE | AGENDA DO SECRETÁRIO | FALE CONOSCO | TRANSPARÊNCIA,outro,nao identificado,nao identificado,inovacao,,-55,,https://www.secult.mg.gov.br/editais/editais-02-ao-11/resultado-preliminar-dos-editais-da-lpg-de-02-a-11/94-transparencia/6265-transparencia,https://www.secult.mg.gov.br/editais/editais-02-ao-11/resultado-preliminar-dos-editais-da-lpg-de-02-a-11,-55
Programa de Desenvolvimento do Audiovisual Mineiro,estadual,Brasil,oportunidade,TRANSPARÊNCIA CONTRASTE | ACESSIBILIDADE | AGENDA DO SECRETÁRIO | FALE CONOSCO | TRANSPARÊNCIA,outro,nao identificado,nao identificado,inovacao,,-55,,https://www.secult.mg.gov.br/editais/editais-02-ao-11/resultado-final/94-transparencia/6265-transparencia,https://www.secult.mg.gov.br/editais/editais-02-ao-11/resultado-final,-55
SELEÇÃO DE REALIZADORES AUDIOVISUAIS PARA RESIDÊNCIA EM CINEMA DIRETO INTEGRANDO A PROGRAMAÇÃO DA CARTEIRA DE PROJETOS DA PARAÍBA NO ÂMBITO DA TEMPORADA BRASIL-FRANÇA 2025,estadual,Brasil,oportunidade,Governo abre inscrições para vagas remanescentes do Projeto Limite do Visível no campus de Patos,trabalho,festival_inscricao,nao identificado,inovacao,,-55,,https://paraiba.pb.gov.br/diretas/secretaria-da-ciencia-tecnologia-inovacao-e-ensino-superior/noticias/governo-abre-inscricoes-para-vagas-remanescentes-do-projeto-limite-do-visivel-no-campus-de-patos,https://paraiba.pb.gov.br/diretas/secretaria-da-ciencia-tecnologia-inovacao-e-ensino-superior,-55
FCC - Fundação Catarinense de Cultura - HOME,federal,Brasil,oportunidade,PNAB SC: Conheça os editais em andamento no segundo ciclo,edital,festival_inscricao,nao identificado,cultura,,-65,,https://cultura.sc.gov.br/noticias/26351-pnab-sc-conheca-os-editais-com-inscricoes-abertas-no-segundo-ciclo-da-polot,https://cultura.sc.gov.br,-55
MinC,federal,Brasil,oportunidade,Prorrogado a divulgação do resultado preliminar da seleção de shows do Fica 2026,outro,nao identificado,nao identificado,cultura,,4,2026,https://goias.gov.br/cultura/prorrogado-a-divulgacao-do-resultado-preliminar-da-selecao-de-shows-do-fica-2026/,https://goias.gov.br/cultura,-56
Reveja as Imersões,estadual,Brasil,oportunidade,"Anexo X - Formulário de recurso 019/2018 - Exposições de Artes Visuais Seleção de Projetos de Exposições de Artes Visuais na Galeria Homero Massena - GHM e no Museu de Arte do Espírito santo Dionísio Del Santo - MAES, a artistas ou Grupos, oportunizando aos mesmos a divulgação, aprimoramento e desenvolvimento do seu trabalho. Valor: 2 prêmios de R$ 25.000,00 e 1 prêmio de R$ 20.000,00 (para GHM); 2 prêmios de R$ 70.000,00 (para o MAES). | Total: R$",formacao,desenvolvimento,desenvolvimento_roteiro,cultura,"R$ 25.000,00",3,2018,https://secult.es.gov.br/media/2018/EDITAIS%202018/019/Anexo%20X%20-%20Formul%C3%A1rio%20de%20recurso.doc,https://secult.es.gov.br/editais-2018,-57
Reveja as Imersões,estadual,Brasil,oportunidade,"Baixar 019/2018 - Exposições de Artes Visuais Seleção de Projetos de Exposições de Artes Visuais na Galeria Homero Massena - GHM e no Museu de Arte do Espírito santo Dionísio Del Santo - MAES, a artistas ou Grupos, oportunizando aos mesmos a divulgação, aprimoramento e desenvolvimento do seu trabalho. Valor: 2 prêmios de R$ 25.000,00 e 1 prêmio de R$ 20.000,00 (para GHM); 2 prêmios de R$ 70.000,00 (para o MAES). | Total: R$",formacao,desenvolvimento,desenvolvimento_roteiro,cultura,"R$ 25.000,00",3,2018,https://secult.es.gov.br/media/2018/EDITAIS%202018/019/Anexo%20X%20-%20Formul%C3%A1rio%20de%20recurso.doc,https://secult.es.gov.br/editais-2018,-57
Reveja as Imersões,estadual,Brasil,oportunidade,"ANEXO VIII - Formulário de Projeto 019/2018 - Exposições de Artes Visuais Seleção de Projetos de Exposições de Artes Visuais na Galeria Homero Massena - GHM e no Museu de Arte do Espírito santo Dionísio Del Santo - MAES, a artistas ou Grupos, oportunizando aos mesmos a divulgação, aprimoramento e desenvolvimento do seu trabalho. Valor: 2 prêmios de R$ 25.000,00 e 1 prêmio de R$ 20.000,00 (para GHM); 2 prêmios de R$ 70.000,00 (para o MAES). | Total: R$",premio,desenvolvimento,desenvolvimento_roteiro,cultura,"R$ 25.000,00",3,2018,https://secult.es.gov.br/media/2018/EDITAIS%202018/019/ANEXO%20VIII%20-%20Formul%C3%A1rio%20de%20Projeto.pdf,https://secult.es.gov.br/editais-2018,-57
Reveja as Imersões,estadual,Brasil,oportunidade,"ATA COMISSÃO JULGADORA 019 019/2018 - Exposições de Artes Visuais Seleção de Projetos de Exposições de Artes Visuais na Galeria Homero Massena - GHM e no Museu de Arte do Espírito santo Dionísio Del Santo - MAES, a artistas ou Grupos, oportunizando aos mesmos a divulgação, aprimoramento e desenvolvimento do seu trabalho. Valor: 2 prêmios de R$ 25.000,00 e 1 prêmio de R$ 20.000,00 (para GHM); 2 prêmios de R$ 70.000,00 (para o MAES). | Total: R$",premio,desenvolvimento,desenvolvimento_roteiro,cultura,"R$ 25.000,00",3,2018,https://secult.es.gov.br/media/2018/ATA%20COMISS%C3%83O%20JULGADORA%20019.pdf,https://secult.es.gov.br/editais-2018,-57
Reveja as Imersões,estadual,Brasil,oportunidade,"ATO DE CONFIRMAÇÃO DE DOCUMENTAÇÃO 019 (1) 019/2018 - Exposições de Artes Visuais Seleção de Projetos de Exposições de Artes Visuais na Galeria Homero Massena - GHM e no Museu de Arte do Espírito santo Dionísio Del Santo - MAES, a artistas ou Grupos, oportunizando aos mesmos a divulgação, aprimoramento e desenvolvimento do seu trabalho. Valor: 2 prêmios de R$ 25.000,00 e 1 prêmio de R$ 20.000,00 (para GHM); 2 prêmios de R$ 70.000,00 (para o MAES). | Total: R$",premio,desenvolvimento,desenvolvimento_roteiro,cultura,"R$ 25.000,00",3,2018,https://secult.es.gov.br/media/2018/ATO%20DE%20CONFIRMA%C3%87%C3%83O%20DE%20DOCUMENTA%C3%87%C3%83O%20019%20%281%29.pdf,https://secult.es.gov.br/editais-2018,-57
Reveja as Imersões,estadual,Brasil,oportunidade,"Anexo II - Declaração de Participação 019/2018 - Exposições de Artes Visuais Seleção de Projetos de Exposições de Artes Visuais na Galeria Homero Massena - GHM e no Museu de Arte do Espírito santo Dionísio Del Santo - MAES, a artistas ou Grupos, oportunizando aos mesmos a divulgação, aprimoramento e desenvolvimento do seu trabalho. Valor: 2 prêmios de R$ 25.000,00 e 1 prêmio de R$ 20.000,00 (para GHM); 2 prêmios de R$ 70.000,00 (para o MAES). | Total: R$",premio,desenvolvimento,desenvolvimento_roteiro,cultura,"R$ 25.000,00",3,2018,https://secult.es.gov.br/media/2018/EDITAIS%202018/019/Anexo%20II%20-%20Declara%C3%A7%C3%A3o%20de%20Participa%C3%A7%C3%A3o.pdf,https://secult.es.gov.br/editais-2018,-57
Reveja as Imersões,estadual,Brasil,oportunidade,"Anexo III - Orientações para apresentação de Portfólio em Artes Visuais 019/2018 - Exposições de Artes Visuais Seleção de Projetos de Exposições de Artes Visuais na Galeria Homero Massena - GHM e no Museu de Arte do Espírito santo Dionísio Del Santo - MAES, a artistas ou Grupos, oportunizando aos mesmos a divulgação, aprimoramento e desenvolvimento do seu trabalho. Valor: 2 prêmios de R$ 25.000,00 e 1 prêmio de R$ 20.000,00 (para GHM); 2 prêmios de R$ 70.000,00 (para o MAES). | Total: R$",premio,desenvolvimento,desenvolvimento_roteiro,cultura,"R$ 25.000,00",3,2018,https://secult.es.gov.br/media/2018/EDITAIS%202018/019/Anexo%20III%20-%20Orienta%C3%A7%C3%B5es%20para%20apresenta%C3%A7%C3%A3o%20de%20Portf%C3%B3lio%20em%20Artes%20Visuais.pdf,https://secult.es.gov.br/editais-2018,-57
Reveja as Imersões,estadual,Brasil,oportunidade,"Anexo IV - Currículo 019/2018 - Exposições de Artes Visuais Seleção de Projetos de Exposições de Artes Visuais na Galeria Homero Massena - GHM e no Museu de Arte do Espírito santo Dionísio Del Santo - MAES, a artistas ou Grupos, oportunizando aos mesmos a divulgação, aprimoramento e desenvolvimento do seu trabalho. Valor: 2 prêmios de R$ 25.000,00 e 1 prêmio de R$ 20.000,00 (para GHM); 2 prêmios de R$ 70.000,00 (para o MAES). | Total: R$",premio,desenvolvimento,desenvolvimento_roteiro,cultura,"R$ 25.000,00",3,2018,https://secult.es.gov.br/media/2018/EDITAIS%202018/019/Anexo%20IV%20-%20Curr%C3%ADculo.pdf,https://secult.es.gov.br/editais-2018,-57
Reveja as Imersões,estadual,Brasil,oportunidade,"Anexo V - Carta de Intenção 019/2018 - Exposições de Artes Visuais Seleção de Projetos de Exposições de Artes Visuais na Galeria Homero Massena - GHM e no Museu de Arte do Espírito santo Dionísio Del Santo - MAES, a artistas ou Grupos, oportunizando aos mesmos a divulgação, aprimoramento e desenvolvimento do seu trabalho. Valor: 2 prêmios de R$ 25.000,00 e 1 prêmio de R$ 20.000,00 (para GHM); 2 prêmios de R$ 70.000,00 (para o MAES). | Total: R$",premio,desenvolvimento,desenvolvimento_roteiro,cultura,"R$ 25.000,00",3,2018,https://secult.es.gov.br/media/2018/EDITAIS%202018/019/Anexo%20V%20-%20Carta%20de%20Inten%C3%A7%C3%A3o.pdf,https://secult.es.gov.br/editais-2018,-57
Reveja as Imersões,estadual,Brasil,oportunidade,"Anexo VI - Declaração de Artista Estreante 019/2018 - Exposições de Artes Visuais Seleção de Projetos de Exposições de Artes Visuais na Galeria Homero Massena - GHM e no Museu de Arte do Espírito santo Dionísio Del Santo - MAES, a artistas ou Grupos, oportunizando aos mesmos a divulgação, aprimoramento e desenvolvimento do seu trabalho. Valor: 2 prêmios de R$ 25.000,00 e 1 prêmio de R$ 20.000,00 (para GHM); 2 prêmios de R$ 70.000,00 (para o MAES). | Total: R$",premio,desenvolvimento,desenvolvimento_roteiro,cultura,"R$ 25.000,00",3,2018,https://secult.es.gov.br/media/2018/EDITAIS%202018/019/Anexo%20VI%20-%20Declara%C3%A7%C3%A3o%20de%20Artista%20Estreante.pdf,https://secult.es.gov.br/editais-2018,-57
Reveja as Imersões,estadual,Brasil,oportunidade,"Anexo VII - Minuta Termo Compromisso 019/2018 - Exposições de Artes Visuais Seleção de Projetos de Exposições de Artes Visuais na Galeria Homero Massena - GHM e no Museu de Arte do Espírito santo Dionísio Del Santo - MAES, a artistas ou Grupos, oportunizando aos mesmos a divulgação, aprimoramento e desenvolvimento do seu trabalho. Valor: 2 prêmios de R$ 25.000,00 e 1 prêmio de R$ 20.000,00 (para GHM); 2 prêmios de R$ 70.000,00 (para o MAES). | Total: R$",premio,desenvolvimento,desenvolvimento_roteiro,cultura,"R$ 25.000,00",3,2018,https://secult.es.gov.br/media/2018/EDITAIS%202018/019/Anexo%20VII%20-%20Minuta%20Termo%20Compromisso.pdf,https://secult.es.gov.br/editais-2018,-57
Reveja as Imersões,estadual,Brasil,oportunidade,"Anexo XI - PLANTA GHM 019/2018 - Exposições de Artes Visuais Seleção de Projetos de Exposições de Artes Visuais na Galeria Homero Massena - GHM e no Museu de Arte do Espírito santo Dionísio Del Santo - MAES, a artistas ou Grupos, oportunizando aos mesmos a divulgação, aprimoramento e desenvolvimento do seu trabalho. Valor: 2 prêmios de R$ 25.000,00 e 1 prêmio de R$ 20.000,00 (para GHM); 2 prêmios de R$ 70.000,00 (para o MAES). | Total: R$",premio,desenvolvimento,desenvolvimento_roteiro,cultura,"R$ 25.000,00",3,2018,https://secult.es.gov.br/media/2018/EDITAIS%202018/019/Anexo%20XI%20-%20PLANTA%20GHM.pdf,https://secult.es.gov.br/editais-2018,-57
Reveja as Imersões,estadual,Brasil,oportunidade,"Anexo XII - PLANTA MAES 019/2018 - Exposições de Artes Visuais Seleção de Projetos de Exposições de Artes Visuais na Galeria Homero Massena - GHM e no Museu de Arte do Espírito santo Dionísio Del Santo - MAES, a artistas ou Grupos, oportunizando aos mesmos a divulgação, aprimoramento e desenvolvimento do seu trabalho. Valor: 2 prêmios de R$ 25.000,00 e 1 prêmio de R$ 20.000,00 (para GHM); 2 prêmios de R$ 70.000,00 (para o MAES). | Total: R$",premio,desenvolvimento,desenvolvimento_roteiro,cultura,"R$ 25.000,00",3,2018,https://secult.es.gov.br/media/2018/EDITAIS%202018/019/Anexo%20XII%20-%20PLANTA%20MAES.pdf,https://secult.es.gov.br/editais-2018,-57
Reveja as Imersões,estadual,Brasil,oportunidade,"Baixar 019/2018 - Exposições de Artes Visuais Seleção de Projetos de Exposições de Artes Visuais na Galeria Homero Massena - GHM e no Museu de Arte do Espírito santo Dionísio Del Santo - MAES, a artistas ou Grupos, oportunizando aos mesmos a divulgação, aprimoramento e desenvolvimento do seu trabalho. Valor: 2 prêmios de R$ 25.000,00 e 1 prêmio de R$ 20.000,00 (para GHM); 2 prêmios de R$ 70.000,00 (para o MAES). | Total: R$",premio,desenvolvimento,desenvolvimento_roteiro,cultura,"R$ 25.000,00",3,2018,https://secult.es.gov.br/media/2018/EDITAIS%202018/019/Anexo%20I%20-%20Ficha%20de%20Inscri%C3%A7%C3%A3o.pdf,https://secult.es.gov.br/editais-2018,-57
Reveja as Imersões,estadual,Brasil,oportunidade,"Baixar 019/2018 - Exposições de Artes Visuais Seleção de Projetos de Exposições de Artes Visuais na Galeria Homero Massena - GHM e no Museu de Arte do Espírito santo Dionísio Del Santo - MAES, a artistas ou Grupos, oportunizando aos mesmos a divulgação, aprimoramento e desenvolvimento do seu trabalho. Valor: 2 prêmios de R$ 25.000,00 e 1 prêmio de R$ 20.000,00 (para GHM); 2 prêmios de R$ 70.000,00 (para o MAES). | Total: R$",premio,desenvolvimento,desenvolvimento_roteiro,cultura,"R$ 25.000,00",3,2018,https://secult.es.gov.br/media/2018/EDITAIS%202018/019/Anexo%20II%20-%20Declara%C3%A7%C3%A3o%20de%20Participa%C3%A7%C3%A3o.pdf,https://secult.es.gov.br/editais-2018,-57
Reveja as Imersões,estadual,Brasil,oportunidade,"Baixar 019/2018 - Exposições de Artes Visuais Seleção de Projetos de Exposições de Artes Visuais na Galeria Homero Massena - GHM e no Museu de Arte do Espírito santo Dionísio Del Santo - MAES, a artistas ou Grupos, oportunizando aos mesmos a divulgação, aprimoramento e desenvolvimento do seu trabalho. Valor: 2 prêmios de R$ 25.000,00 e 1 prêmio de R$ 20.000,00 (para GHM); 2 prêmios de R$ 70.000,00 (para o MAES). | Total: R$",premio,desenvolvimento,desenvolvimento_roteiro,cultura,"R$ 25.000,00",3,2018,https://secult.es.gov.br/media/2018/EDITAIS%202018/019/Anexo%20III%20-%20Orienta%C3%A7%C3%B5es%20para%20apresenta%C3%A7%C3%A3o%20de%20Portf%C3%B3lio%20em%20Artes%20Visuais.pdf,https://secult.es.gov.br/editais-2018,-57
Reveja as Imersões,estadual,Brasil,oportunidade,"Baixar 019/2018 - Exposições de Artes Visuais Seleção de Projetos de Exposições de Artes Visuais na Galeria Homero Massena - GHM e no Museu de Arte do Espírito santo Dionísio Del Santo - MAES, a artistas ou Grupos, oportunizando aos mesmos a divulgação, aprimoramento e desenvolvimento do seu trabalho. Valor: 2 prêmios de R$ 25.000,00 e 1 prêmio de R$ 20.000,00 (para GHM); 2 prêmios de R$ 70.000,00 (para o MAES). | Total: R$",premio,desenvolvimento,desenvolvimento_roteiro,cultura,"R$ 25.000,00",3,2018,https://secult.es.gov.br/media/2018/EDITAIS%202018/019/Anexo%20IV%20-%20Curr%C3%ADculo.pdf,https://secult.es.gov.br/editais-2018,-57
Reveja as Imersões,estadual,Brasil,oportunidade,"Baixar 019/2018 - Exposições de Artes Visuais Seleção de Projetos de Exposições de Artes Visuais na Galeria Homero Massena - GHM e no Museu de Arte do Espírito santo Dionísio Del Santo - MAES, a artistas ou Grupos, oportunizando aos mesmos a divulgação, aprimoramento e desenvolvimento do seu trabalho. Valor: 2 prêmios de R$ 25.000,00 e 1 prêmio de R$ 20.000,00 (para GHM); 2 prêmios de R$ 70.000,00 (para o MAES). | Total: R$",premio,desenvolvimento,desenvolvimento_roteiro,cultura,"R$ 25.000,00",3,2018,https://secult.es.gov.br/media/2018/EDITAIS%202018/019/Anexo%20V%20-%20Carta%20de%20Inten%C3%A7%C3%A3o.pdf,https://secult.es.gov.br/editais-2018,-57
Reveja as Imersões,estadual,Brasil,oportunidade,"Baixar 019/2018 - Exposições de Artes Visuais Seleção de Projetos de Exposições de Artes Visuais na Galeria Homero Massena - GHM e no Museu de Arte do Espírito santo Dionísio Del Santo - MAES, a artistas ou Grupos, oportunizando aos mesmos a divulgação, aprimoramento e desenvolvimento do seu trabalho. Valor: 2 prêmios de R$ 25.000,00 e 1 prêmio de R$ 20.000,00 (para GHM); 2 prêmios de R$ 70.000,00 (para o MAES). | Total: R$",premio,desenvolvimento,desenvolvimento_roteiro,cultura,"R$ 25.000,00",3,2018,https://secult.es.gov.br/media/2018/EDITAIS%202018/019/Anexo%20VI%20-%20Declara%C3%A7%C3%A3o%20de%20Artista%20Estreante.pdf,https://secult.es.gov.br/editais-2018,-57
Reveja as Imersões,estadual,Brasil,oportunidade,"Baixar 019/2018 - Exposições de Artes Visuais Seleção de Projetos de Exposições de Artes Visuais na Galeria Homero Massena - GHM e no Museu de Arte do Espírito santo Dionísio Del Santo - MAES, a artistas ou Grupos, oportunizando aos mesmos a divulgação, aprimoramento e desenvolvimento do seu trabalho. Valor: 2 prêmios de R$ 25.000,00 e 1 prêmio de R$ 20.000,00 (para GHM); 2 prêmios de R$ 70.000,00 (para o MAES). | Total: R$",premio,desenvolvimento,desenvolvimento_roteiro,cultura,"R$ 25.000,00",3,2018,https://secult.es.gov.br/media/2018/EDITAIS%202018/019/Anexo%20VII%20-%20Minuta%20Termo%20Compromisso.pdf,https://secult.es.gov.br/editais-2018,-57
Reveja as Imersões,estadual,Brasil,oportunidade,"Baixar 019/2018 - Exposições de Artes Visuais Seleção de Projetos de Exposições de Artes Visuais na Galeria Homero Massena - GHM e no Museu de Arte do Espírito santo Dionísio Del Santo - MAES, a artistas ou Grupos, oportunizando aos mesmos a divulgação, aprimoramento e desenvolvimento do seu trabalho. Valor: 2 prêmios de R$ 25.000,00 e 1 prêmio de R$ 20.000,00 (para GHM); 2 prêmios de R$ 70.000,00 (para o MAES). | Total: R$",premio,desenvolvimento,desenvolvimento_roteiro,cultura,"R$ 25.000,00",3,2018,https://secult.es.gov.br/media/2018/EDITAIS%202018/019/ANEXO%20VIII%20-%20Formul%C3%A1rio%20de%20Projeto.pdf,https://secult.es.gov.br/editais-2018,-57
Reveja as Imersões,estadual,Brasil,oportunidade,"Baixar 019/2018 - Exposições de Artes Visuais Seleção de Projetos de Exposições de Artes Visuais na Galeria Homero Massena - GHM e no Museu de Arte do Espírito santo Dionísio Del Santo - MAES, a artistas ou Grupos, oportunizando aos mesmos a divulgação, aprimoramento e desenvolvimento do seu trabalho. Valor: 2 prêmios de R$ 25.000,00 e 1 prêmio de R$ 20.000,00 (para GHM); 2 prêmios de R$ 70.000,00 (para o MAES). | Total: R$",premio,desenvolvimento,desenvolvimento_roteiro,cultura,"R$ 25.000,00",3,2018,https://secult.es.gov.br/media/2018/EDITAIS%202018/019/Anexo%20IX%20-%20Minuta%20de%20Relat%C3%B3rio.pdf,https://secult.es.gov.br/editais-2018,-57
Reveja as Imersões,estadual,Brasil,oportunidade,"Baixar 019/2018 - Exposições de Artes Visuais Seleção de Projetos de Exposições de Artes Visuais na Galeria Homero Massena - GHM e no Museu de Arte do Espírito santo Dionísio Del Santo - MAES, a artistas ou Grupos, oportunizando aos mesmos a divulgação, aprimoramento e desenvolvimento do seu trabalho. Valor: 2 prêmios de R$ 25.000,00 e 1 prêmio de R$ 20.000,00 (para GHM); 2 prêmios de R$ 70.000,00 (para o MAES). | Total: R$",premio,desenvolvimento,desenvolvimento_roteiro,cultura,"R$ 25.000,00",3,2018,https://secult.es.gov.br/media/2018/EDITAIS%202018/019/Anexo%20XI%20-%20PLANTA%20GHM.pdf,https://secult.es.gov.br/editais-2018,-57
Reveja as Imersões,estadual,Brasil,oportunidade,"Baixar 019/2018 - Exposições de Artes Visuais Seleção de Projetos de Exposições de Artes Visuais na Galeria Homero Massena - GHM e no Museu de Arte do Espírito santo Dionísio Del Santo - MAES, a artistas ou Grupos, oportunizando aos mesmos a divulgação, aprimoramento e desenvolvimento do seu trabalho. Valor: 2 prêmios de R$ 25.000,00 e 1 prêmio de R$ 20.000,00 (para GHM); 2 prêmios de R$ 70.000,00 (para o MAES). | Total: R$",premio,desenvolvimento,desenvolvimento_roteiro,cultura,"R$ 25.000,00",3,2018,https://secult.es.gov.br/media/2018/EDITAIS%202018/019/Anexo%20XII%20-%20PLANTA%20MAES.pdf,https://secult.es.gov.br/editais-2018,-57
Reveja as Imersões,estadual,Brasil,oportunidade,"Baixar 019/2018 - Exposições de Artes Visuais Seleção de Projetos de Exposições de Artes Visuais na Galeria Homero Massena - GHM e no Museu de Arte do Espírito santo Dionísio Del Santo - MAES, a artistas ou Grupos, oportunizando aos mesmos a divulgação, aprimoramento e desenvolvimento do seu trabalho. Valor: 2 prêmios de R$ 25.000,00 e 1 prêmio de R$ 20.000,00 (para GHM); 2 prêmios de R$ 70.000,00 (para o MAES). | Total: R$",premio,desenvolvimento,desenvolvimento_roteiro,cultura,"R$ 25.000,00",3,2018,https://secult.es.gov.br/media/2018/Portarias/Portaria%20Comiss%C3%A3o%20Julgadora%20019.pdf,https://secult.es.gov.br/editais-2018,-57
Reveja as Imersões,estadual,Brasil,oportunidade,"Baixar 019/2018 - Exposições de Artes Visuais Seleção de Projetos de Exposições de Artes Visuais na Galeria Homero Massena - GHM e no Museu de Arte do Espírito santo Dionísio Del Santo - MAES, a artistas ou Grupos, oportunizando aos mesmos a divulgação, aprimoramento e desenvolvimento do seu trabalho. Valor: 2 prêmios de R$ 25.000,00 e 1 prêmio de R$ 20.000,00 (para GHM); 2 prêmios de R$ 70.000,00 (para o MAES). | Total: R$",premio,desenvolvimento,desenvolvimento_roteiro,cultura,"R$ 25.000,00",3,2018,https://secult.es.gov.br/media/2018/Lista%20de%20Inscritos%20019.pdf,https://secult.es.gov.br/editais-2018,-57
Reveja as Imersões,estadual,Brasil,oportunidade,"Baixar 019/2018 - Exposições de Artes Visuais Seleção de Projetos de Exposições de Artes Visuais na Galeria Homero Massena - GHM e no Museu de Arte do Espírito santo Dionísio Del Santo - MAES, a artistas ou Grupos, oportunizando aos mesmos a divulgação, aprimoramento e desenvolvimento do seu trabalho. Valor: 2 prêmios de R$ 25.000,00 e 1 prêmio de R$ 20.000,00 (para GHM); 2 prêmios de R$ 70.000,00 (para o MAES). | Total: R$",premio,desenvolvimento,desenvolvimento_roteiro,cultura,"R$ 25.000,00",3,2018,https://secult.es.gov.br/media/2018/ATA%20COMISS%C3%83O%20JULGADORA%20019.pdf,https://secult.es.gov.br/editais-2018,-57
Reveja as Imersões,estadual,Brasil,oportunidade,"Baixar 019/2018 - Exposições de Artes Visuais Seleção de Projetos de Exposições de Artes Visuais na Galeria Homero Massena - GHM e no Museu de Arte do Espírito santo Dionísio Del Santo - MAES, a artistas ou Grupos, oportunizando aos mesmos a divulgação, aprimoramento e desenvolvimento do seu trabalho. Valor: 2 prêmios de R$ 25.000,00 e 1 prêmio de R$ 20.000,00 (para GHM); 2 prêmios de R$ 70.000,00 (para o MAES). | Total: R$",premio,desenvolvimento,desenvolvimento_roteiro,cultura,"R$ 25.000,00",3,2018,https://secult.es.gov.br/media/2018/ATO%20DE%20CONVOCA%C3%87%C3%83O%20SELECIONADOS%20019.pdf,https://secult.es.gov.br/editais-2018,-57
Reveja as Imersões,estadual,Brasil,oportunidade,"Baixar 019/2018 - Exposições de Artes Visuais Seleção de Projetos de Exposições de Artes Visuais na Galeria Homero Massena - GHM e no Museu de Arte do Espírito santo Dionísio Del Santo - MAES, a artistas ou Grupos, oportunizando aos mesmos a divulgação, aprimoramento e desenvolvimento do seu trabalho. Valor: 2 prêmios de R$ 25.000,00 e 1 prêmio de R$ 20.000,00 (para GHM); 2 prêmios de R$ 70.000,00 (para o MAES). | Total: R$",premio,desenvolvimento,desenvolvimento_roteiro,cultura,"R$ 25.000,00",3,2018,https://secult.es.gov.br/media/2018/ATO%20DE%20CONFIRMA%C3%87%C3%83O%20DE%20DOCUMENTA%C3%87%C3%83O%20019%20%281%29.pdf,https://secult.es.gov.br/editais-2018,-57
Reveja as Imersões,estadual,Brasil,oportunidade,"Lista de Inscritos 019 019/2018 - Exposições de Artes Visuais Seleção de Projetos de Exposições de Artes Visuais na Galeria Homero Massena - GHM e no Museu de Arte do Espírito santo Dionísio Del Santo - MAES, a artistas ou Grupos, oportunizando aos mesmos a divulgação, aprimoramento e desenvolvimento do seu trabalho. Valor: 2 prêmios de R$ 25.000,00 e 1 prêmio de R$ 20.000,00 (para GHM); 2 prêmios de R$ 70.000,00 (para o MAES). | Total: R$",premio,desenvolvimento,desenvolvimento_roteiro,cultura,"R$ 25.000,00",3,2018,https://secult.es.gov.br/media/2018/Lista%20de%20Inscritos%20019.pdf,https://secult.es.gov.br/editais-2018,-57
Reveja as Imersões,estadual,Brasil,oportunidade,"Portaria Comissão Julgadora 019 019/2018 - Exposições de Artes Visuais Seleção de Projetos de Exposições de Artes Visuais na Galeria Homero Massena - GHM e no Museu de Arte do Espírito santo Dionísio Del Santo - MAES, a artistas ou Grupos, oportunizando aos mesmos a divulgação, aprimoramento e desenvolvimento do seu trabalho. Valor: 2 prêmios de R$ 25.000,00 e 1 prêmio de R$ 20.000,00 (para GHM); 2 prêmios de R$ 70.000,00 (para o MAES). | Total: R$",premio,desenvolvimento,desenvolvimento_roteiro,cultura,"R$ 25.000,00",3,2018,https://secult.es.gov.br/media/2018/Portarias/Portaria%20Comiss%C3%A3o%20Julgadora%20019.pdf,https://secult.es.gov.br/editais-2018,-57
Programa de Desenvolvimento do Audiovisual Mineiro,estadual,Brasil,oportunidade,Cultura Cultura Comissões de Cultura Cefic COPEFIC Cultura Viva Fundo Estadual de Cultura (FEC) Lei Estadual de Incentivo à Cultura (LEIC) Lei Aldir Blanc (LAB) Sobre Editais Lei Paulo Gustavo (LPG) Comissão e Subcomissões Consulta Pública Simplificada Contato Dúvidas Legislação Readequa Cultura Comissões de Cultura Cefic COPEFIC Cultura Viva Fundo Estadual de Cultura (FEC) Lei Estadual de Incentivo à Cultura (LEIC) Lei Aldir Blanc (LAB) Sobre Editais Lei Paulo Gustavo (LPG) Comissão e Subcomissões Consulta Pública,lab,nao identificado,formacao_mentoria,cultura,,-76,,https://www.secult.mg.gov.br/home/agendas/controlador-geral,https://www.secult.mg.gov.br/home/agendas/controlador-geral,-66
Programa de Desenvolvimento do Audiovisual Mineiro,estadual,Brasil,oportunidade,Editais Editais Fundo Estadual de Cultura (FEC) Editais Dúvidas Frequentes Política Nacional Aldir Blanc (PNAB) Cronograma Documentação Editais Fase de Habilitação Painel de Consulta - Resultados Lei Paulo Gustavo (LPG) Cronograma Editais Resultado Preliminar Resultado Final Suplentes,outro,nao identificado,nao identificado,cultura,,-68,,https://www.secult.mg.gov.br/home/agendas/controlador-geral,https://www.secult.mg.gov.br/home/agendas/controlador-geral,-68
FUNCEB - FUNDAÇÃO CULTURAL DO ESTADO DA BAHIA,estadual,Brasil,oportunidade,Funceb divulga resultado de seleção para Escola Livre de Teatro do CFA e convoca para matrículas presenciais Funceb divulga resultado de seleção para Escola Livre de Teatro do CFA e convoca para matrículas presenciais,outro,nao identificado,nao identificado,cultura,,-9,2026,http://www.fundacaocultural.ba.gov.br/fundacaocultural/noticias/2026-05/40070/funceb-divulga-resultado-da-escola-livre-de-teatro-do-cfa-e-convoca-pessoas,http://www.fundacaocultural.ba.gov.br,-69
Início | FUNCEB - Fundação Cultural,federal,Brasil,oportunidade,Funceb divulga resultado de seleção para Escola Livre de Teatro do CFA e convoca para matrículas presenciais Funceb divulga resultado de seleção para Escola Livre de Teatro do CFA Funceb divulga resultado de seleção para Escola Livre de Teatro do CFA e convoca para matrículas presenciais Funceb divulga resultado de seleção para Escola Livre de Teatro do CFA e convoca para matrículas presenciais,outro,nao identificado,nao identificado,cultura,,-9,2026,http://www.ba.gov.br/fundacaocultural/noticias/2026-05/40070/funceb-divulga-resultado-da-escola-livre-de-teatro-do-cfa-e-convoca-pessoas,https://fundacaocultural.ba.gov.br,-69
Início | FUNCEB - Fundação Cultural,federal,Brasil,oportunidade,Funceb divulga resultado de seleção para Escola Livre de Teatro do CFA e convoca para matrículas presenciais Funceb divulga resultado de seleção para Escola Livre de Teatro do CFA e convoca para matrículas presenciais,outro,nao identificado,nao identificado,cultura,,-9,2026,https://fundacaocultural.ba.gov.br/fundacaocultural/noticias/2026-05/40070/funceb-divulga-resultado-da-escola-livre-de-teatro-do-cfa-e-convoca-pessoas,https://fundacaocultural.ba.gov.br,-69
SELEÇÃO DE REALIZADORES AUDIOVISUAIS PARA RESIDÊNCIA EM CINEMA DIRETO INTEGRANDO A PROGRAMAÇÃO DA CARTEIRA DE PROJETOS DA PARAÍBA NO ÂMBITO DA TEMPORADA BRASIL-FRANÇA 2025,estadual,Brasil,oportunidade,Governo da Paraíba lança chamada para seleção de Embaixadores do Programa Paraíba sem Fronteiras,outro,nao identificado,nao identificado,inovacao,,-19,,https://paraiba.pb.gov.br/diretas/secretaria-da-ciencia-tecnologia-inovacao-e-ensino-superior/noticias/governo-da-paraiba-lanca-chamada-para-selecao-de-embaixadores-do-programa-paraiba-sem-fronteiras,https://paraiba.pb.gov.br/diretas/secretaria-da-ciencia-tecnologia-inovacao-e-ensino-superior,-79
Programa de Desenvolvimento do Audiovisual Mineiro,estadual,Brasil,oportunidade,Lei Paulo Gustavo (LPG) Lei Paulo Gustavo (LPG) Cronograma Editais Resultado Preliminar Resultado Final Suplentes,outro,nao identificado,nao identificado,inovacao,,-80,,https://www.secult.mg.gov.br/home/agendas/controlador-geral,https://www.secult.mg.gov.br/home/agendas/controlador-geral,-80
SELEÇÃO DE REALIZADORES AUDIOVISUAIS PARA RESIDÊNCIA EM CINEMA DIRETO INTEGRANDO A PROGRAMAÇÃO DA CARTEIRA DE PROJETOS DA PARAÍBA NO ÂMBITO DA TEMPORADA BRASIL-FRANÇA 2025,estadual,Brasil,oportunidade,Governo do Estado divulga resultados finais dos editais Paraíba Étnica e Paraíba Inclusiva,outro,nao identificado,nao identificado,cultura,,-55,,https://paraiba.pb.gov.br/diretas/secretaria-da-cultura/noticias/governo-do-estado-divulga-resultados-finais-dos-editais-paraiba-etnica-e-paraiba-inclusiva,https://paraiba.pb.gov.br/diretas/secretaria-da-cultura,-115
